lat,lon
-36.0,-74.0
-35.99,-73.99
-35.98,-73.98
-35.97,-73.97
-35.96,-73.96
-35.95,-73.95
-35.94,-73.94
-35.93,-73.93
-35.92,-73.92
-35.91,-73.91
-35.9,-73.9
-35.89,-73.89
-35.88,-73.88
-35.87,-73.87
-35.86,-73.86
-35.85,-73.85
-35.84,-73.84
-35.83,-73.83
-35.82,-73.82
-35.81,-73.81
-35.8,-73.8
-35.79,-73.79
-35.78,-73.78
-35.77,-73.77
-35.76,-73.76
-35.75,-73.75
-35.74,-73.74
-35.73,-73.73
-35.72,-73.72
-35.71,-73.71
-35.7,-73.7
-35.69,-73.69
-35.68,-73.68
-35.67,-73.67
-35.66,-73.66
-35.65,-73.65
-35.64,-73.64
-35.63,-73.63
-35.62,-73.62
-35.61,-73.61
-35.6,-73.6
-35.59,-73.59
-35.58,-73.58
-35.57,-73.57
-35.56,-73.56
-35.55,-73.55
-35.54,-73.54
-35.53,-73.53
-35.52,-73.52
-35.51,-73.51
-35.5,-73.5
-35.49,-73.49
-35.48,-73.48
-35.47,-73.47
-35.46,-73.46
-35.45,-73.45
-35.44,-73.44
-35.43,-73.43
-35.42,-73.42
-35.41,-73.41
-35.4,-73.4
-35.39,-73.39
-35.38,-73.38
-35.37,-73.37
-35.36,-73.36
-35.35,-73.35
-35.34,-73.34
-35.33,-73.33
-35.32,-73.32
-35.31,-73.31
-35.3,-73.3
-35.29,-73.29
-35.28,-73.28
-35.27,-73.27
-35.26,-73.26
-35.25,-73.25
-35.24,-73.24
-35.23,-73.23
-35.22,-73.22
-35.21,-73.21
-35.2,-73.2
-35.19,-73.19
-35.18,-73.18
-35.17,-73.17
-35.16,-73.16
-35.15,-73.15
-35.14,-73.14
-35.13,-73.13
-35.12,-73.12
-35.11,-73.11
-35.1,-73.1
-35.09,-73.09
-35.08,-73.08
-35.07,-73.07
-35.06,-73.06
-35.05,-73.05
-35.04,-73.04
-35.03,-73.03
-35.02,-73.02
-35.01,-73.01
-35.0,-73.0
-34.99,-72.99
-34.98,-72.98
-34.97,-72.97
-34.96,-72.96
-34.95,-72.95
-34.94,-72.94
-34.93,-72.93
-34.92,-72.92
-34.91,-72.91
-34.9,-72.9
-34.89,-72.89
-34.88,-72.88
-34.87,-72.87
-34.86,-72.86
-34.85,-72.85
-34.84,-72.84
-34.83,-72.83
-34.82,-72.82
-34.81,-72.81
-34.8,-72.8
-34.79,-72.79
-34.78,-72.78
-34.77,-72.77
-34.76,-72.76
-34.75,-72.75
-34.74,-72.74
-34.73,-72.73
-34.72,-72.72
-34.71,-72.71
-34.7,-72.7
-34.69,-72.69
-34.68,-72.68
-34.67,-72.67
-34.66,-72.66
-34.65,-72.65
-34.64,-72.64
-34.63,-72.63
-34.62,-72.62
-34.61,-72.61
-34.6,-72.6
-34.59,-72.59
-34.58,-72.58
-34.57,-72.57
-34.56,-72.56
-34.55,-72.55
-34.54,-72.54
-34.53,-72.53
-34.52,-72.52
-34.51,-72.51
-34.5,-72.5
-34.49,-72.49
-34.48,-72.48
-34.47,-72.47
-34.46,-72.46
-34.45,-72.45
-34.44,-72.44
-34.43,-72.43
-34.42,-72.42
-34.41,-72.41
-34.4,-72.4
-34.39,-72.39
-34.38,-72.38
-34.37,-72.37
-34.36,-72.36
-34.35,-72.35
-34.34,-72.34
-34.33,-72.33
-34.32,-72.32
-34.31,-72.31
-34.3,-72.3
-34.29,-72.29
-34.28,-72.28
-34.27,-72.27
-34.26,-72.26
-34.25,-72.25
-34.24,-72.24
-34.23,-72.23
-34.22,-72.22
-34.21,-72.21
-34.2,-72.2
-34.19,-72.19
-34.18,-72.18
-34.17,-72.17
-34.16,-72.16
-34.15,-72.15
-34.14,-72.14
-34.13,-72.13
-34.12,-72.12
-34.11,-72.11
-34.1,-72.1
-34.09,-72.09
-34.08,-72.08
-34.07,-72.07
-34.06,-72.06
-34.05,-72.05
-34.04,-72.04
-34.03,-72.03
-34.02,-72.02
-34.01,-72.01
-34.0,-72.0
-33.99,-71.99
-33.98,-71.98
-33.97,-71.97
-33.96,-71.96
-33.95,-71.95
-33.94,-71.94
-33.93,-71.93
-33.92,-71.92
-33.91,-71.91
-33.9,-71.9
-33.89,-71.89
-33.88,-71.88
-33.87,-71.87
-33.86,-71.86
-33.85,-71.85
-33.84,-71.84
-33.83,-71.83
-33.82,-71.82
-33.81,-71.81
-33.8,-71.8
-33.79,-71.79
-33.78,-71.78
-33.77,-71.77
-33.76,-71.76
-33.75,-71.75
-33.74,-71.74
-33.73,-71.73
-33.72,-71.72
-33.71,-71.71
-33.7,-71.7
-33.69,-71.69
-33.68,-71.68
-33.67,-71.67
-33.66,-71.66
-33.65,-71.65
-33.64,-71.64
-33.63,-71.63
-33.62,-71.62
-33.61,-71.61
-33.6,-71.6
-33.59,-71.59
-33.58,-71.58
-33.57,-71.57
-33.56,-71.56
-33.55,-71.55
-33.54,-71.54
-33.53,-71.53
-33.52,-71.52
-33.51,-71.51
-33.5,-71.5
-33.49,-71.49
-33.48,-71.48
-33.47,-71.47
-33.46,-71.46
-33.45,-71.45
-33.44,-71.44
-33.43,-71.43
-33.42,-71.42
-33.41,-71.41
-33.4,-71.4
-33.39,-71.39
-33.38,-71.38
-33.37,-71.37
-33.36,-71.36
-33.35,-71.35
-33.34,-71.34
-33.33,-71.33
-33.32,-71.32
-33.31,-71.31
-33.3,-71.3
-33.29,-71.29
-33.28,-71.28
-33.27,-71.27
-33.26,-71.26
-33.25,-71.25
-33.24,-71.24
-33.23,-71.23
-33.22,-71.22
-33.21,-71.21
-33.2,-71.2
-33.19,-71.19
-33.18,-71.18
-33.17,-71.17
-33.16,-71.16
-33.15,-71.15
-33.14,-71.14
-33.13,-71.13
-33.12,-71.12
-33.11,-71.11
-33.1,-71.1
-33.09,-71.09
-33.08,-71.08
-33.07,-71.07
-33.06,-71.06
-33.05,-71.05
-33.04,-71.04
-33.03,-71.03
-33.02,-71.02
-33.01,-71.01
-33.0,-71.0
-32.99,-70.99
-32.98,-70.98
-32.97,-70.97
-32.96,-70.96
-32.95,-70.95
-32.94,-70.94
-32.93,-70.93
-32.92,-70.92
-32.91,-70.91
-32.9,-70.9
-32.89,-70.89
-32.88,-70.88
-32.87,-70.87
-32.86,-70.86
-32.85,-70.85
-32.84,-70.84
-32.83,-70.83
-32.82,-70.82
-32.81,-70.81
-32.8,-70.8
-32.79,-70.79
-32.78,-70.78
-32.77,-70.77
-32.76,-70.76
-32.75,-70.75
-32.74,-70.74
-32.73,-70.73
-32.72,-70.72
-32.71,-70.71
-32.7,-70.7
-32.69,-70.69
-32.68,-70.68
-32.67,-70.67
-32.66,-70.66
-32.65,-70.65
-32.64,-70.64
-32.63,-70.63
-32.62,-70.62
-32.61,-70.61
-32.6,-70.6
-32.59,-70.59
-32.58,-70.58
-32.57,-70.57
-32.56,-70.56
-32.55,-70.55
-32.54,-70.54
-32.53,-70.53
-32.52,-70.52
-32.51,-70.51
-32.5,-70.5
-32.49,-70.49
-32.48,-70.48
-32.47,-70.47
-32.46,-70.46
-32.45,-70.45
-32.44,-70.44
-32.43,-70.43
-32.42,-70.42
-32.41,-70.41
-32.4,-70.4
-32.39,-70.39
-32.38,-70.38
-32.37,-70.37
-32.36,-70.36
-32.35,-70.35
-32.34,-70.34
-32.33,-70.33
-32.32,-70.32
-32.31,-70.31
-32.3,-70.3
-32.29,-70.29
-32.28,-70.28
-32.27,-70.27
-32.26,-70.26
-32.25,-70.25
-32.24,-70.24
-32.23,-70.23
-32.22,-70.22
-32.21,-70.21
-32.2,-70.2
-32.19,-70.19
-32.18,-70.18
-32.17,-70.17
-32.16,-70.16
-32.15,-70.15
-32.14,-70.14
-32.13,-70.13
-32.12,-70.12
-32.11,-70.11
-32.1,-70.1
-32.09,-70.09
-32.08,-70.08
-32.07,-70.07
-32.06,-70.06
-32.05,-70.05
-32.04,-70.04
-32.03,-70.03
-32.02,-70.02
-32.01,-70.01
-32.0,-70.0
-31.99,-69.99
-31.98,-69.98
-31.97,-69.97
-31.96,-69.96
-31.95,-69.95
-31.94,-69.94
-31.93,-69.93
-31.92,-69.92
-31.91,-69.91
-31.9,-69.9
-31.89,-69.89
-31.88,-69.88
-31.87,-69.87
-31.86,-69.86
-31.85,-69.85
-31.84,-69.84
-31.83,-69.83
-31.82,-69.82
-31.81,-69.81
-31.8,-69.8
-31.79,-69.79
-31.78,-69.78
-31.77,-69.77
-31.76,-69.76
-31.75,-69.75
-31.74,-69.74
-31.73,-69.73
-31.72,-69.72
-31.71,-69.71
-31.7,-69.7
-31.69,-69.69
-31.68,-69.68
-31.67,-69.67
-31.66,-69.66
-31.65,-69.65
-31.64,-69.64
-31.63,-69.63
-31.62,-69.62
-31.61,-69.61
-31.6,-69.6
-31.59,-69.59
-31.58,-69.58
-31.57,-69.57
-31.56,-69.56
-31.55,-69.55
-31.54,-69.54
-31.53,-69.53
-31.52,-69.52
-31.51,-69.51
-31.5,-69.5
-31.49,-69.49
-31.48,-69.48
-31.47,-69.47
-31.46,-69.46
-31.45,-69.45
-31.44,-69.44
-31.43,-69.43
-31.42,-69.42
-31.41,-69.41
-31.4,-69.4
-31.39,-69.39
-31.38,-69.38
-31.37,-69.37
-31.36,-69.36
-31.35,-69.35
-31.34,-69.34
-31.33,-69.33
-31.32,-69.32
-31.31,-69.31
-31.3,-69.3
-31.29,-69.29
-31.28,-69.28
-31.27,-69.27
-31.26,-69.26
-31.25,-69.25
-31.24,-69.24
-31.23,-69.23
-31.22,-69.22
-31.21,-69.21
-31.2,-69.2
-31.19,-69.19
-31.18,-69.18
-31.17,-69.17
-31.16,-69.16
-31.15,-69.15
-31.14,-69.14
-31.13,-69.13
-31.12,-69.12
-31.11,-69.11
-31.1,-69.1
-31.09,-69.09
-31.08,-69.08
-31.07,-69.07
-31.06,-69.06
-31.05,-69.05
-31.04,-69.04
-31.03,-69.03
-31.02,-69.02
-31.01,-69.01
-31.0,-69.0
-30.99,-68.99
-30.98,-68.98
-30.97,-68.97
-30.96,-68.96
-30.95,-68.95
-30.94,-68.94
-30.93,-68.93
-30.92,-68.92
-30.91,-68.91
-30.9,-68.9
-30.89,-68.89
-30.88,-68.88
-30.87,-68.87
-30.86,-68.86
-30.85,-68.85
-30.84,-68.84
-30.83,-68.83
-30.82,-68.82
-30.81,-68.81
-30.8,-68.8
-30.79,-68.79
-30.78,-68.78
-30.77,-68.77
-30.76,-68.76
-30.75,-68.75
-30.74,-68.74
-30.73,-68.73
-30.72,-68.72
-30.71,-68.71
-30.7,-68.7
-30.69,-68.69
-30.68,-68.68
-30.67,-68.67
-30.66,-68.66
-30.65,-68.65
-30.64,-68.64
-30.63,-68.63
-30.62,-68.62
-30.61,-68.61
-30.6,-68.6
-30.59,-68.59
-30.58,-68.58
-30.57,-68.57
-30.56,-68.56
-30.55,-68.55
-30.54,-68.54
-30.53,-68.53
-30.52,-68.52
-30.51,-68.51
-30.5,-68.5
-30.49,-68.49
-30.48,-68.48
-30.47,-68.47
-30.46,-68.46
-30.45,-68.45
-30.44,-68.44
-30.43,-68.43
-30.42,-68.42
-30.41,-68.41
-30.4,-68.4
-30.39,-68.39
-30.38,-68.38
-30.37,-68.37
-30.36,-68.36
-30.35,-68.35
-30.34,-68.34
-30.33,-68.33
-30.32,-68.32
-30.31,-68.31
-30.3,-68.3
-30.29,-68.29
-30.28,-68.28
-30.27,-68.27
-30.26,-68.26
-30.25,-68.25
-30.24,-68.24
-30.23,-68.23
-30.22,-68.22
-30.21,-68.21
-30.2,-68.2
-30.19,-68.19
-30.18,-68.18
-30.17,-68.17
-30.16,-68.16
-30.15,-68.15
-30.14,-68.14
-30.13,-68.13
-30.12,-68.12
-30.11,-68.11
-30.1,-68.1
-30.09,-68.09
-30.08,-68.08
-30.07,-68.07
-30.06,-68.06
-30.05,-68.05
-30.04,-68.04
-30.03,-68.03
-30.02,-68.02
-30.01,-68.01
-30.0,-68.0
-29.99,-67.99
-29.98,-67.98
-29.97,-67.97
-29.96,-67.96
-29.95,-67.95
-29.94,-67.94
-29.93,-67.93
-29.92,-67.92
-29.91,-67.91
-29.9,-67.9
-29.89,-67.89
-29.88,-67.88
-29.87,-67.87
-29.86,-67.86
-29.85,-67.85
-29.84,-67.84
-29.83,-67.83
-29.82,-67.82
-29.81,-67.81
-29.8,-67.8
-29.79,-67.79
-29.78,-67.78
-29.77,-67.77
-29.76,-67.76
-29.75,-67.75
-29.74,-67.74
-29.73,-67.73
-29.72,-67.72
-29.71,-67.71
-29.7,-67.7
-29.69,-67.69
-29.68,-67.68
-29.67,-67.67
-29.66,-67.66
-29.65,-67.65
-29.64,-67.64
-29.63,-67.63
-29.62,-67.62
-29.61,-67.61
-29.6,-67.6
-29.59,-67.59
-29.58,-67.58
-29.57,-67.57
-29.56,-67.56
-29.55,-67.55
-29.54,-67.54
-29.53,-67.53
-29.52,-67.52
-29.51,-67.51
-29.5,-67.5
-29.49,-67.49
-29.48,-67.48
-29.47,-67.47
-29.46,-67.46
-29.45,-67.45
-29.44,-67.44
-29.43,-67.43
-29.42,-67.42
-29.41,-67.41
-29.4,-67.4
-29.39,-67.39
-29.38,-67.38
-29.37,-67.37
-29.36,-67.36
-29.35,-67.35
-29.34,-67.34
-29.33,-67.33
-29.32,-67.32
-29.31,-67.31
-29.3,-67.3
-29.29,-67.29
-29.28,-67.28
-29.27,-67.27
-29.26,-67.26
-29.25,-67.25
-29.24,-67.24
-29.23,-67.23
-29.22,-67.22
-29.21,-67.21
-29.2,-67.2
-29.19,-67.19
-29.18,-67.18
-29.17,-67.17
-29.16,-67.16
-29.15,-67.15
-29.14,-67.14
-29.13,-67.13
-29.12,-67.12
-29.11,-67.11
-29.1,-67.1
-29.09,-67.09
-29.08,-67.08
-29.07,-67.07
-29.06,-67.06
-29.05,-67.05
-29.04,-67.04
-29.03,-67.03
-29.02,-67.02
-29.01,-67.01
-29.0,-67.0
-28.99,-66.99
-28.98,-66.98
-28.97,-66.97
-28.96,-66.96
-28.95,-66.95
-28.94,-66.94
-28.93,-66.93
-28.92,-66.92
-28.91,-66.91
-28.9,-66.9
-28.89,-66.89
-28.88,-66.88
-28.87,-66.87
-28.86,-66.86
-28.85,-66.85
-28.84,-66.84
-28.83,-66.83
-28.82,-66.82
-28.81,-66.81
-28.8,-66.8
-28.79,-66.79
-28.78,-66.78
-28.77,-66.77
-28.76,-66.76
-28.75,-66.75
-28.74,-66.74
-28.73,-66.73
-28.72,-66.72
-28.71,-66.71
-28.7,-66.7
-28.69,-66.69
-28.68,-66.68
-28.67,-66.67
-28.66,-66.66
-28.65,-66.65
-28.64,-66.64
-28.63,-66.63
-28.62,-66.62
-28.61,-66.61
-28.6,-66.6
-28.59,-66.59
-28.58,-66.58
-28.57,-66.57
-28.56,-66.56
-28.55,-66.55
-28.54,-66.54
-28.53,-66.53
-28.52,-66.52
-28.51,-66.51
-28.5,-66.5
-28.49,-66.49
-28.48,-66.48
-28.47,-66.47
-28.46,-66.46
-28.45,-66.45
-28.44,-66.44
-28.43,-66.43
-28.42,-66.42
-28.41,-66.41
-28.4,-66.4
-28.39,-66.39
-28.38,-66.38
-28.37,-66.37
-28.36,-66.36
-28.35,-66.35
-28.34,-66.34
-28.33,-66.33
-28.32,-66.32
-28.31,-66.31
-28.3,-66.3
-28.29,-66.29
-28.28,-66.28
-28.27,-66.27
-28.26,-66.26
-28.25,-66.25
-28.24,-66.24
-28.23,-66.23
-28.22,-66.22
-28.21,-66.21
-28.2,-66.2
-28.19,-66.19
-28.18,-66.18
-28.17,-66.17
-28.16,-66.16
-28.15,-66.15
-28.14,-66.14
-28.13,-66.13
-28.12,-66.12
-28.11,-66.11
-28.1,-66.1
-28.09,-66.09
-28.08,-66.08
-28.07,-66.07
-28.06,-66.06
-28.05,-66.05
-28.04,-66.04
-28.03,-66.03
-28.02,-66.02
-28.01,-66.01
-28.0,-66.0
-27.99,-65.99
-27.98,-65.98
-27.97,-65.97
-27.96,-65.96
-27.95,-65.95
-27.94,-65.94
-27.93,-65.93
-27.92,-65.92
-27.91,-65.91
-27.9,-65.9
-27.89,-65.89
-27.88,-65.88
-27.87,-65.87
-27.86,-65.86
-27.85,-65.85
-27.84,-65.84
-27.83,-65.83
-27.82,-65.82
-27.81,-65.81
-27.8,-65.8
-27.79,-65.79
-27.78,-65.78
-27.77,-65.77
-27.76,-65.76
-27.75,-65.75
-27.74,-65.74
-27.73,-65.73
-27.72,-65.72
-27.71,-65.71
-27.7,-65.7
-27.69,-65.69
-27.68,-65.68
-27.67,-65.67
-27.66,-65.66
-27.65,-65.65
-27.64,-65.64
-27.63,-65.63
-27.62,-65.62
-27.61,-65.61
-27.6,-65.6
-27.59,-65.59
-27.58,-65.58
-27.57,-65.57
-27.56,-65.56
-27.55,-65.55
-27.54,-65.54
-27.53,-65.53
-27.52,-65.52
-27.51,-65.51
-27.5,-65.5
-27.49,-65.49
-27.48,-65.48
-27.47,-65.47
-27.46,-65.46
-27.45,-65.45
-27.44,-65.44
-27.43,-65.43
-27.42,-65.42
-27.41,-65.41
-27.4,-65.4
-27.39,-65.39
-27.38,-65.38
-27.37,-65.37
-27.36,-65.36
-27.35,-65.35
-27.34,-65.34
-27.33,-65.33
-27.32,-65.32
-27.31,-65.31
-27.3,-65.3
-27.29,-65.29
-27.28,-65.28
-27.27,-65.27
-27.26,-65.26
-27.25,-65.25
-27.24,-65.24
-27.23,-65.23
-27.22,-65.22
-27.21,-65.21
-27.2,-65.2
-27.19,-65.19
-27.18,-65.18
-27.17,-65.17
-27.16,-65.16
-27.15,-65.15
-27.14,-65.14
-27.13,-65.13
-27.12,-65.12
-27.11,-65.11
-27.1,-65.1
-27.09,-65.09
-27.08,-65.08
-27.07,-65.07
-27.06,-65.06
-27.05,-65.05
-27.04,-65.04
-27.03,-65.03
-27.02,-65.02
-27.01,-65.01
-27.0,-65.0
-26.99,-64.99
-26.98,-64.98
-26.97,-64.97
-26.96,-64.96
-26.95,-64.95
-26.94,-64.94
-26.93,-64.93
-26.92,-64.92
-26.91,-64.91
-26.9,-64.9
-26.89,-64.89
-26.88,-64.88
-26.87,-64.87
-26.86,-64.86
-26.85,-64.85
-26.84,-64.84
-26.83,-64.83
-26.82,-64.82
-26.81,-64.81
-26.8,-64.8
-26.79,-64.79
-26.78,-64.78
-26.77,-64.77
-26.76,-64.76
-26.75,-64.75
-26.74,-64.74
-26.73,-64.73
-26.72,-64.72
-26.71,-64.71
-26.7,-64.7
-26.69,-64.69
-26.68,-64.68
-26.67,-64.67
-26.66,-64.66
-26.65,-64.65
-26.64,-64.64
-26.63,-64.63
-26.62,-64.62
-26.61,-64.61
-26.6,-64.6
-26.59,-64.59
-26.58,-64.58
-26.57,-64.57
-26.56,-64.56
-26.55,-64.55
-26.54,-64.54
-26.53,-64.53
-26.52,-64.52
-26.51,-64.51
-26.5,-64.5
-26.49,-64.49
-26.48,-64.48
-26.47,-64.47
-26.46,-64.46
-26.45,-64.45
-26.44,-64.44
-26.43,-64.43
-26.42,-64.42
-26.41,-64.41
-26.4,-64.4
-26.39,-64.39
-26.38,-64.38
-26.37,-64.37
-26.36,-64.36
-26.35,-64.35
-26.34,-64.34
-26.33,-64.33
-26.32,-64.32
-26.31,-64.31
-26.3,-64.3
-26.29,-64.29
-26.28,-64.28
-26.27,-64.27
-26.26,-64.26
-26.25,-64.25
-26.24,-64.24
-26.23,-64.23
-26.22,-64.22
-26.21,-64.21
-26.2,-64.2
-26.19,-64.19
-26.18,-64.18
-26.17,-64.17
-26.16,-64.16
-26.15,-64.15
-26.14,-64.14
-26.13,-64.13
-26.12,-64.12
-26.11,-64.11
-26.1,-64.1
-26.09,-64.09
-26.08,-64.08
-26.07,-64.07
-26.06,-64.06
-26.05,-64.05
-26.04,-64.04
-26.03,-64.03
-26.02,-64.02
-26.01,-64.01
-26.0,-64.0
-25.99,-63.99
-25.98,-63.98
-25.97,-63.97
-25.96,-63.96
-25.95,-63.95
-25.94,-63.94
-25.93,-63.93
-25.92,-63.92
-25.91,-63.91
-25.9,-63.9
-25.89,-63.89
-25.88,-63.88
-25.87,-63.87
-25.86,-63.86
-25.85,-63.85
-25.84,-63.84
-25.83,-63.83
-25.82,-63.82
-25.81,-63.81
-25.8,-63.8
-25.79,-63.79
-25.78,-63.78
-25.77,-63.77
-25.76,-63.76
-25.75,-63.75
-25.74,-63.74
-25.73,-63.73
-25.72,-63.72
-25.71,-63.71
-25.7,-63.7
-25.69,-63.69
-25.68,-63.68
-25.67,-63.67
-25.66,-63.66
-25.65,-63.65
-25.64,-63.64
-25.63,-63.63
-25.62,-63.62
-25.61,-63.61
-25.6,-63.6
-25.59,-63.59
-25.58,-63.58
-25.57,-63.57
-25.56,-63.56
-25.55,-63.55
-25.54,-63.54
-25.53,-63.53
-25.52,-63.52
-25.51,-63.51
-25.5,-63.5
-25.49,-63.49
-25.48,-63.48
-25.47,-63.47
-25.46,-63.46
-25.45,-63.45
-25.44,-63.44
-25.43,-63.43
-25.42,-63.42
-25.41,-63.41
-25.4,-63.4
-25.39,-63.39
-25.38,-63.38
-25.37,-63.37
-25.36,-63.36
-25.35,-63.35
-25.34,-63.34
-25.33,-63.33
-25.32,-63.32
-25.31,-63.31
-25.3,-63.3
-25.29,-63.29
-25.28,-63.28
-25.27,-63.27
-25.26,-63.26
-25.25,-63.25
-25.24,-63.24
-25.23,-63.23
-25.22,-63.22
-25.21,-63.21
-25.2,-63.2
-25.19,-63.19
-25.18,-63.18
-25.17,-63.17
-25.16,-63.16
-25.15,-63.15
-25.14,-63.14
-25.13,-63.13
-25.12,-63.12
-25.11,-63.11
-25.1,-63.1
-25.09,-63.09
-25.08,-63.08
-25.07,-63.07
-25.06,-63.06
-25.05,-63.05
-25.04,-63.04
-25.03,-63.03
-25.02,-63.02
-25.01,-63.01
-25.0,-63.0
-24.99,-62.99
-24.98,-62.98
-24.97,-62.97
-24.96,-62.96
-24.95,-62.95
-24.94,-62.94
-24.93,-62.93
-24.92,-62.92
-24.91,-62.91
-24.9,-62.9
-24.89,-62.89
-24.88,-62.88
-24.87,-62.87
-24.86,-62.86
-24.85,-62.85
-24.84,-62.84
-24.83,-62.83
-24.82,-62.82
-24.81,-62.81
-24.8,-62.8
-24.79,-62.79
-24.78,-62.78
-24.77,-62.77
-24.76,-62.76
-24.75,-62.75
-24.74,-62.74
-24.73,-62.73
-24.72,-62.72
-24.71,-62.71
-24.7,-62.7
-24.69,-62.69
-24.68,-62.68
-24.67,-62.67
-24.66,-62.66
-24.65,-62.65
-24.64,-62.64
-24.63,-62.63
-24.62,-62.62
-24.61,-62.61
-24.6,-62.6
-24.59,-62.59
-24.58,-62.58
-24.57,-62.57
-24.56,-62.56
-24.55,-62.55
-24.54,-62.54
-24.53,-62.53
-24.52,-62.52
-24.51,-62.51
-24.5,-62.5
-24.49,-62.49
-24.48,-62.48
-24.47,-62.47
-24.46,-62.46
-24.45,-62.45
-24.44,-62.44
-24.43,-62.43
-24.42,-62.42
-24.41,-62.41
-24.4,-62.4
-24.39,-62.39
-24.38,-62.38
-24.37,-62.37
-24.36,-62.36
-24.35,-62.35
-24.34,-62.34
-24.33,-62.33
-24.32,-62.32
-24.31,-62.31
-24.3,-62.3
-24.29,-62.29
-24.28,-62.28
-24.27,-62.27
-24.26,-62.26
-24.25,-62.25
-24.24,-62.24
-24.23,-62.23
-24.22,-62.22
-24.21,-62.21
-24.2,-62.2
-24.19,-62.19
-24.18,-62.18
-24.17,-62.17
-24.16,-62.16
-24.15,-62.15
-24.14,-62.14
-24.13,-62.13
-24.12,-62.12
-24.11,-62.11
-24.1,-62.1
-24.09,-62.09
-24.08,-62.08
-24.07,-62.07
-24.06,-62.06
-24.05,-62.05
-24.04,-62.04
-24.03,-62.03
-24.02,-62.02
-24.01,-62.01
-24.0,-62.0
-23.99,-61.99
-23.98,-61.98
-23.97,-61.97
-23.96,-61.96
-23.95,-61.95
-23.94,-61.94
-23.93,-61.93
-23.92,-61.92
-23.91,-61.91
-23.9,-61.9
-23.89,-61.89
-23.88,-61.88
-23.87,-61.87
-23.86,-61.86
-23.85,-61.85
-23.84,-61.84
-23.83,-61.83
-23.82,-61.82
-23.81,-61.81
-23.8,-61.8
-23.79,-61.79
-23.78,-61.78
-23.77,-61.77
-23.76,-61.76
-23.75,-61.75
-23.74,-61.74
-23.73,-61.73
-23.72,-61.72
-23.71,-61.71
-23.7,-61.7
-23.69,-61.69
-23.68,-61.68
-23.67,-61.67
-23.66,-61.66
-23.65,-61.65
-23.64,-61.64
-23.63,-61.63
-23.62,-61.62
-23.61,-61.61
-23.6,-61.6
-23.59,-61.59
-23.58,-61.58
-23.57,-61.57
-23.56,-61.56
-23.55,-61.55
-23.54,-61.54
-23.53,-61.53
-23.52,-61.52
-23.51,-61.51
-23.5,-61.5
-23.49,-61.49
-23.48,-61.48
-23.47,-61.47
-23.46,-61.46
-23.45,-61.45
-23.44,-61.44
-23.43,-61.43
-23.42,-61.42
-23.41,-61.41
-23.4,-61.4
-23.39,-61.39
-23.38,-61.38
-23.37,-61.37
-23.36,-61.36
-23.35,-61.35
-23.34,-61.34
-23.33,-61.33
-23.32,-61.32
-23.31,-61.31
-23.3,-61.3
-23.29,-61.29
-23.28,-61.28
-23.27,-61.27
-23.26,-61.26
-23.25,-61.25
-23.24,-61.24
-23.23,-61.23
-23.22,-61.22
-23.21,-61.21
-23.2,-61.2
-23.19,-61.19
-23.18,-61.18
-23.17,-61.17
-23.16,-61.16
-23.15,-61.15
-23.14,-61.14
-23.13,-61.13
-23.12,-61.12
-23.11,-61.11
-23.1,-61.1
-23.09,-61.09
-23.08,-61.08
-23.07,-61.07
-23.06,-61.06
-23.05,-61.05
-23.04,-61.04
-23.03,-61.03
-23.02,-61.02
-23.01,-61.01
-23.0,-61.0
-22.99,-60.99
-22.98,-60.98
-22.97,-60.97
-22.96,-60.96
-22.95,-60.95
-22.94,-60.94
-22.93,-60.93
-22.92,-60.92
-22.91,-60.91
-22.9,-60.9
-22.89,-60.89
-22.88,-60.88
-22.87,-60.87
-22.86,-60.86
-22.85,-60.85
-22.84,-60.84
-22.83,-60.83
-22.82,-60.82
-22.81,-60.81
-22.8,-60.8
-22.79,-60.79
-22.78,-60.78
-22.77,-60.77
-22.76,-60.76
-22.75,-60.75
-22.74,-60.74
-22.73,-60.73
-22.72,-60.72
-22.71,-60.71
-22.7,-60.7
-22.69,-60.69
-22.68,-60.68
-22.67,-60.67
-22.66,-60.66
-22.65,-60.65
-22.64,-60.64
-22.63,-60.63
-22.62,-60.62
-22.61,-60.61
-22.6,-60.6
-22.59,-60.59
-22.58,-60.58
-22.57,-60.57
-22.56,-60.56
-22.55,-60.55
-22.54,-60.54
-22.53,-60.53
-22.52,-60.52
-22.51,-60.51
-22.5,-60.5
-22.49,-60.49
-22.48,-60.48
-22.47,-60.47
-22.46,-60.46
-22.45,-60.45
-22.44,-60.44
-22.43,-60.43
-22.42,-60.42
-22.41,-60.41
-22.4,-60.4
-22.39,-60.39
-22.38,-60.38
-22.37,-60.37
-22.36,-60.36
-22.35,-60.35
-22.34,-60.34
-22.33,-60.33
-22.32,-60.32
-22.31,-60.31
-22.3,-60.3
-22.29,-60.29
-22.28,-60.28
-22.27,-60.27
-22.26,-60.26
-22.25,-60.25
-22.24,-60.24
-22.23,-60.23
-22.22,-60.22
-22.21,-60.21
-22.2,-60.2
-22.19,-60.19
-22.18,-60.18
-22.17,-60.17
-22.16,-60.16
-22.15,-60.15
-22.14,-60.14
-22.13,-60.13
-22.12,-60.12
-22.11,-60.11
-22.1,-60.1
-22.09,-60.09
-22.08,-60.08
-22.07,-60.07
-22.06,-60.06
-22.05,-60.05
-22.04,-60.04
-22.03,-60.03
-22.02,-60.02
-22.01,-60.01
-22.0,-60.0
-21.99,-59.99
-21.98,-59.98
-21.97,-59.97
-21.96,-59.96
-21.95,-59.95
-21.94,-59.94
-21.93,-59.93
-21.92,-59.92
-21.91,-59.91
-21.9,-59.9
-21.89,-59.89
-21.88,-59.88
-21.87,-59.87
-21.86,-59.86
-21.85,-59.85
-21.84,-59.84
-21.83,-59.83
-21.82,-59.82
-21.81,-59.81
-21.8,-59.8
-21.79,-59.79
-21.78,-59.78
-21.77,-59.77
-21.76,-59.76
-21.75,-59.75
-21.74,-59.74
-21.73,-59.73
-21.72,-59.72
-21.71,-59.71
-21.7,-59.7
-21.69,-59.69
-21.68,-59.68
-21.67,-59.67
-21.66,-59.66
-21.65,-59.65
-21.64,-59.64
-21.63,-59.63
-21.62,-59.62
-21.61,-59.61
-21.6,-59.6
-21.59,-59.59
-21.58,-59.58
-21.57,-59.57
-21.56,-59.56
-21.55,-59.55
-21.54,-59.54
-21.53,-59.53
-21.52,-59.52
-21.51,-59.51
-21.5,-59.5
-21.49,-59.49
-21.48,-59.48
-21.47,-59.47
-21.46,-59.46
-21.45,-59.45
-21.44,-59.44
-21.43,-59.43
-21.42,-59.42
-21.41,-59.41
-21.4,-59.4
-21.39,-59.39
-21.38,-59.38
-21.37,-59.37
-21.36,-59.36
-21.35,-59.35
-21.34,-59.34
-21.33,-59.33
-21.32,-59.32
-21.31,-59.31
-21.3,-59.3
-21.29,-59.29
-21.28,-59.28
-21.27,-59.27
-21.26,-59.26
-21.25,-59.25
-21.24,-59.24
-21.23,-59.23
-21.22,-59.22
-21.21,-59.21
-21.2,-59.2
-21.19,-59.19
-21.18,-59.18
-21.17,-59.17
-21.16,-59.16
-21.15,-59.15
-21.14,-59.14
-21.13,-59.13
-21.12,-59.12
-21.11,-59.11
-21.1,-59.1
-21.09,-59.09
-21.08,-59.08
-21.07,-59.07
-21.06,-59.06
-21.05,-59.05
-21.04,-59.04
-21.03,-59.03
-21.02,-59.02
-21.01,-59.01
-21.0,-59.0
-20.99,-58.99
-20.98,-58.98
-20.97,-58.97
-20.96,-58.96
-20.95,-58.95
-20.94,-58.94
-20.93,-58.93
-20.92,-58.92
-20.91,-58.91
-20.9,-58.9
-20.89,-58.89
-20.88,-58.88
-20.87,-58.87
-20.86,-58.86
-20.85,-58.85
-20.84,-58.84
-20.83,-58.83
-20.82,-58.82
-20.81,-58.81
-20.8,-58.8
-20.79,-58.79
-20.78,-58.78
-20.77,-58.77
-20.76,-58.76
-20.75,-58.75
-20.74,-58.74
-20.73,-58.73
-20.72,-58.72
-20.71,-58.71
-20.7,-58.7
-20.69,-58.69
-20.68,-58.68
-20.67,-58.67
-20.66,-58.66
-20.65,-58.65
-20.64,-58.64
-20.63,-58.63
-20.62,-58.62
-20.61,-58.61
-20.6,-58.6
-20.59,-58.59
-20.58,-58.58
-20.57,-58.57
-20.56,-58.56
-20.55,-58.55
-20.54,-58.54
-20.53,-58.53
-20.52,-58.52
-20.51,-58.51
-20.5,-58.5
-20.49,-58.49
-20.48,-58.48
-20.47,-58.47
-20.46,-58.46
-20.45,-58.45
-20.44,-58.44
-20.43,-58.43
-20.42,-58.42
-20.41,-58.41
-20.4,-58.4
-20.39,-58.39
-20.38,-58.38
-20.37,-58.37
-20.36,-58.36
-20.35,-58.35
-20.34,-58.34
-20.33,-58.33
-20.32,-58.32
-20.31,-58.31
-20.3,-58.3
-20.29,-58.29
-20.28,-58.28
-20.27,-58.27
-20.26,-58.26
-20.25,-58.25
-20.24,-58.24
-20.23,-58.23
-20.22,-58.22
-20.21,-58.21
-20.2,-58.2
-20.19,-58.19
-20.18,-58.18
-20.17,-58.17
-20.16,-58.16
-20.15,-58.15
-20.14,-58.14
-20.13,-58.13
-20.12,-58.12
-20.11,-58.11
-20.1,-58.1
-20.09,-58.09
-20.08,-58.08
-20.07,-58.07
-20.06,-58.06
-20.05,-58.05
-20.04,-58.04
-20.03,-58.03
-20.02,-58.02
-20.01,-58.01
-20.0,-58.0
-19.99,-57.99
-19.98,-57.98
-19.97,-57.97
-19.96,-57.96
-19.95,-57.95
-19.94,-57.94
-19.93,-57.93
-19.92,-57.92
-19.91,-57.91
-19.9,-57.9
-19.89,-57.89
-19.88,-57.88
-19.87,-57.87
-19.86,-57.86
-19.85,-57.85
-19.84,-57.84
-19.83,-57.83
-19.82,-57.82
-19.81,-57.81
-19.8,-57.8
-19.79,-57.79
-19.78,-57.78
-19.77,-57.77
-19.76,-57.76
-19.75,-57.75
-19.74,-57.74
-19.73,-57.73
-19.72,-57.72
-19.71,-57.71
-19.7,-57.7
-19.69,-57.69
-19.68,-57.68
-19.67,-57.67
-19.66,-57.66
-19.65,-57.65
-19.64,-57.64
-19.63,-57.63
-19.62,-57.62
-19.61,-57.61
-19.6,-57.6
-19.59,-57.59
-19.58,-57.58
-19.57,-57.57
-19.56,-57.56
-19.55,-57.55
-19.54,-57.54
-19.53,-57.53
-19.52,-57.52
-19.51,-57.51
-19.5,-57.5
-19.49,-57.49
-19.48,-57.48
-19.47,-57.47
-19.46,-57.46
-19.45,-57.45
-19.44,-57.44
-19.43,-57.43
-19.42,-57.42
-19.41,-57.41
-19.4,-57.4
-19.39,-57.39
-19.38,-57.38
-19.37,-57.37
-19.36,-57.36
-19.35,-57.35
-19.34,-57.34
-19.33,-57.33
-19.32,-57.32
-19.31,-57.31
-19.3,-57.3
-19.29,-57.29
-19.28,-57.28
-19.27,-57.27
-19.26,-57.26
-19.25,-57.25
-19.24,-57.24
-19.23,-57.23
-19.22,-57.22
-19.21,-57.21
-19.2,-57.2
-19.19,-57.19
-19.18,-57.18
-19.17,-57.17
-19.16,-57.16
-19.15,-57.15
-19.14,-57.14
-19.13,-57.13
-19.12,-57.12
-19.11,-57.11
-19.1,-57.1
-19.09,-57.09
-19.08,-57.08
-19.07,-57.07
-19.06,-57.06
-19.05,-57.05
-19.04,-57.04
-19.03,-57.03
-19.02,-57.02
-19.01,-57.01
-19.0,-57.0
-18.99,-56.99
-18.98,-56.98
-18.97,-56.97
-18.96,-56.96
-18.95,-56.95
-18.94,-56.94
-18.93,-56.93
-18.92,-56.92
-18.91,-56.91
-18.9,-56.9
-18.89,-56.89
-18.88,-56.88
-18.87,-56.87
-18.86,-56.86
-18.85,-56.85
-18.84,-56.84
-18.83,-56.83
-18.82,-56.82
-18.81,-56.81
-18.8,-56.8
-18.79,-56.79
-18.78,-56.78
-18.77,-56.77
-18.76,-56.76
-18.75,-56.75
-18.74,-56.74
-18.73,-56.73
-18.72,-56.72
-18.71,-56.71
-18.7,-56.7
-18.69,-56.69
-18.68,-56.68
-18.67,-56.67
-18.66,-56.66
-18.65,-56.65
-18.64,-56.64
-18.63,-56.63
-18.62,-56.62
-18.61,-56.61
-18.6,-56.6
-18.59,-56.59
-18.58,-56.58
-18.57,-56.57
-18.56,-56.56
-18.55,-56.55
-18.54,-56.54
-18.53,-56.53
-18.52,-56.52
-18.51,-56.51
-18.5,-56.5
-18.49,-56.49
-18.48,-56.48
-18.47,-56.47
-18.46,-56.46
-18.45,-56.45
-18.44,-56.44
-18.43,-56.43
-18.42,-56.42
-18.41,-56.41
-18.4,-56.4
-18.39,-56.39
-18.38,-56.38
-18.37,-56.37
-18.36,-56.36
-18.35,-56.35
-18.34,-56.34
-18.33,-56.33
-18.32,-56.32
-18.31,-56.31
-18.3,-56.3
-18.29,-56.29
-18.28,-56.28
-18.27,-56.27
-18.26,-56.26
-18.25,-56.25
-18.24,-56.24
-18.23,-56.23
-18.22,-56.22
-18.21,-56.21
-18.2,-56.2
-18.19,-56.19
-18.18,-56.18
-18.17,-56.17
-18.16,-56.16
-18.15,-56.15
-18.14,-56.14
-18.13,-56.13
-18.12,-56.12
-18.11,-56.11
-18.1,-56.1
-18.09,-56.09
-18.08,-56.08
-18.07,-56.07
-18.06,-56.06
-18.05,-56.05
-18.04,-56.04
-18.03,-56.03
-18.02,-56.02
-18.01,-56.01
-18.0,-56.0
-17.99,-55.99
-17.98,-55.98
-17.97,-55.97
-17.96,-55.96
-17.95,-55.95
-17.94,-55.94
-17.93,-55.93
-17.92,-55.92
-17.91,-55.91
-17.9,-55.9
-17.89,-55.89
-17.88,-55.88
-17.87,-55.87
-17.86,-55.86
-17.85,-55.85
-17.84,-55.84
-17.83,-55.83
-17.82,-55.82
-17.81,-55.81
-17.8,-55.8
-17.79,-55.79
-17.78,-55.78
-17.77,-55.77
-17.76,-55.76
-17.75,-55.75
-17.74,-55.74
-17.73,-55.73
-17.72,-55.72
-17.71,-55.71
-17.7,-55.7
-17.69,-55.69
-17.68,-55.68
-17.67,-55.67
-17.66,-55.66
-17.65,-55.65
-17.64,-55.64
-17.63,-55.63
-17.62,-55.62
-17.61,-55.61
-17.6,-55.6
-17.59,-55.59
-17.58,-55.58
-17.57,-55.57
-17.56,-55.56
-17.55,-55.55
-17.54,-55.54
-17.53,-55.53
-17.52,-55.52
-17.51,-55.51
-17.5,-55.5
-17.49,-55.49
-17.48,-55.48
-17.47,-55.47
-17.46,-55.46
-17.45,-55.45
-17.44,-55.44
-17.43,-55.43
-17.42,-55.42
-17.41,-55.41
-17.4,-55.4
-17.39,-55.39
-17.38,-55.38
-17.37,-55.37
-17.36,-55.36
-17.35,-55.35
-17.34,-55.34
-17.33,-55.33
-17.32,-55.32
-17.31,-55.31
-17.3,-55.3
-17.29,-55.29
-17.28,-55.28
-17.27,-55.27
-17.26,-55.26
-17.25,-55.25
-17.24,-55.24
-17.23,-55.23
-17.22,-55.22
-17.21,-55.21
-17.2,-55.2
-17.19,-55.19
-17.18,-55.18
-17.17,-55.17
-17.16,-55.16
-17.15,-55.15
-17.14,-55.14
-17.13,-55.13
-17.12,-55.12
-17.11,-55.11
-17.1,-55.1
-17.09,-55.09
-17.08,-55.08
-17.07,-55.07
-17.06,-55.06
-17.05,-55.05
-17.04,-55.04
-17.03,-55.03
-17.02,-55.02
-17.01,-55.01
-17.0,-55.0
-16.99,-54.99
-16.98,-54.98
-16.97,-54.97
-16.96,-54.96
-16.95,-54.95
-16.94,-54.94
-16.93,-54.93
-16.92,-54.92
-16.91,-54.91
-16.9,-54.9
-16.89,-54.89
-16.88,-54.88
-16.87,-54.87
-16.86,-54.86
-16.85,-54.85
-16.84,-54.84
-16.83,-54.83
-16.82,-54.82
-16.81,-54.81
-16.8,-54.8
-16.79,-54.79
-16.78,-54.78
-16.77,-54.77
-16.76,-54.76
-16.75,-54.75
-16.74,-54.74
-16.73,-54.73
-16.72,-54.72
-16.71,-54.71
-16.7,-54.7
-16.69,-54.69
-16.68,-54.68
-16.67,-54.67
-16.66,-54.66
-16.65,-54.65
-16.64,-54.64
-16.63,-54.63
-16.62,-54.62
-16.61,-54.61
-16.6,-54.6
-16.59,-54.59
-16.58,-54.58
-16.57,-54.57
-16.56,-54.56
-16.55,-54.55
-16.54,-54.54
-16.53,-54.53
-16.52,-54.52
-16.51,-54.51
-16.5,-54.5
-16.49,-54.49
-16.48,-54.48
-16.47,-54.47
-16.46,-54.46
-16.45,-54.45
-16.44,-54.44
-16.43,-54.43
-16.42,-54.42
-16.41,-54.41
-16.4,-54.4
-16.39,-54.39
-16.38,-54.38
-16.37,-54.37
-16.36,-54.36
-16.35,-54.35
-16.34,-54.34
-16.33,-54.33
-16.32,-54.32
-16.31,-54.31
-16.3,-54.3
-16.29,-54.29
-16.28,-54.28
-16.27,-54.27
-16.26,-54.26
-16.25,-54.25
-16.24,-54.24
-16.23,-54.23
-16.22,-54.22
-16.21,-54.21
-16.2,-54.2
-16.19,-54.19
-16.18,-54.18
-16.17,-54.17
-16.16,-54.16
-16.15,-54.15
-16.14,-54.14
-16.13,-54.13
-16.12,-54.12
-16.11,-54.11
-16.1,-54.1
-16.09,-54.09
-16.08,-54.08
-16.07,-54.07
-16.06,-54.06
-16.05,-54.05
-16.04,-54.04
-16.03,-54.03
-16.02,-54.02
-16.01,-54.01
-16.0,-54.0
-15.99,-53.99
-15.98,-53.98
-15.97,-53.97
-15.96,-53.96
-15.95,-53.95
-15.94,-53.94
-15.93,-53.93
-15.92,-53.92
-15.91,-53.91
-15.9,-53.9
-15.89,-53.89
-15.88,-53.88
-15.87,-53.87
-15.86,-53.86
-15.85,-53.85
-15.84,-53.84
-15.83,-53.83
-15.82,-53.82
-15.81,-53.81
-15.8,-53.8
-15.79,-53.79
-15.78,-53.78
-15.77,-53.77
-15.76,-53.76
-15.75,-53.75
-15.74,-53.74
-15.73,-53.73
-15.72,-53.72
-15.71,-53.71
-15.7,-53.7
-15.69,-53.69
-15.68,-53.68
-15.67,-53.67
-15.66,-53.66
-15.65,-53.65
-15.64,-53.64
-15.63,-53.63
-15.62,-53.62
-15.61,-53.61
-15.6,-53.6
-15.59,-53.59
-15.58,-53.58
-15.57,-53.57
-15.56,-53.56
-15.55,-53.55
-15.54,-53.54
-15.53,-53.53
-15.52,-53.52
-15.51,-53.51
-15.5,-53.5
-15.49,-53.49
-15.48,-53.48
-15.47,-53.47
-15.46,-53.46
-15.45,-53.45
-15.44,-53.44
-15.43,-53.43
-15.42,-53.42
-15.41,-53.41
-15.4,-53.4
-15.39,-53.39
-15.38,-53.38
-15.37,-53.37
-15.36,-53.36
-15.35,-53.35
-15.34,-53.34
-15.33,-53.33
-15.32,-53.32
-15.31,-53.31
-15.3,-53.3
-15.29,-53.29
-15.28,-53.28
-15.27,-53.27
-15.26,-53.26
-15.25,-53.25
-15.24,-53.24
-15.23,-53.23
-15.22,-53.22
-15.21,-53.21
-15.2,-53.2
-15.19,-53.19
-15.18,-53.18
-15.17,-53.17
-15.16,-53.16
-15.15,-53.15
-15.14,-53.14
-15.13,-53.13
-15.12,-53.12
-15.11,-53.11
-15.1,-53.1
-15.09,-53.09
-15.08,-53.08
-15.07,-53.07
-15.06,-53.06
-15.05,-53.05
-15.04,-53.04
-15.03,-53.03
-15.02,-53.02
-15.01,-53.01
-15.0,-53.0
-14.99,-52.99
-14.98,-52.98
-14.97,-52.97
-14.96,-52.96
-14.95,-52.95
-14.94,-52.94
-14.93,-52.93
-14.92,-52.92
-14.91,-52.91
-14.9,-52.9
-14.89,-52.89
-14.88,-52.88
-14.87,-52.87
-14.86,-52.86
-14.85,-52.85
-14.84,-52.84
-14.83,-52.83
-14.82,-52.82
-14.81,-52.81
-14.8,-52.8
-14.79,-52.79
-14.78,-52.78
-14.77,-52.77
-14.76,-52.76
-14.75,-52.75
-14.74,-52.74
-14.73,-52.73
-14.72,-52.72
-14.71,-52.71
-14.7,-52.7
-14.69,-52.69
-14.68,-52.68
-14.67,-52.67
-14.66,-52.66
-14.65,-52.65
-14.64,-52.64
-14.63,-52.63
-14.62,-52.62
-14.61,-52.61
-14.6,-52.6
-14.59,-52.59
-14.58,-52.58
-14.57,-52.57
-14.56,-52.56
-14.55,-52.55
-14.54,-52.54
-14.53,-52.53
-14.52,-52.52
-14.51,-52.51
-14.5,-52.5
-14.49,-52.49
-14.48,-52.48
-14.47,-52.47
-14.46,-52.46
-14.45,-52.45
-14.44,-52.44
-14.43,-52.43
-14.42,-52.42
-14.41,-52.41
-14.4,-52.4
-14.39,-52.39
-14.38,-52.38
-14.37,-52.37
-14.36,-52.36
-14.35,-52.35
-14.34,-52.34
-14.33,-52.33
-14.32,-52.32
-14.31,-52.31
-14.3,-52.3
-14.29,-52.29
-14.28,-52.28
-14.27,-52.27
-14.26,-52.26
-14.25,-52.25
-14.24,-52.24
-14.23,-52.23
-14.22,-52.22
-14.21,-52.21
-14.2,-52.2
-14.19,-52.19
-14.18,-52.18
-14.17,-52.17
-14.16,-52.16
-14.15,-52.15
-14.14,-52.14
-14.13,-52.13
-14.12,-52.12
-14.11,-52.11
-14.1,-52.1
-14.09,-52.09
-14.08,-52.08
-14.07,-52.07
-14.06,-52.06
-14.05,-52.05
-14.04,-52.04
-14.03,-52.03
-14.02,-52.02
-14.01,-52.01
-14.0,-52.0
-13.99,-51.99
-13.98,-51.98
-13.97,-51.97
-13.96,-51.96
-13.95,-51.95
-13.94,-51.94
-13.93,-51.93
-13.92,-51.92
-13.91,-51.91
-13.9,-51.9
-13.89,-51.89
-13.88,-51.88
-13.87,-51.87
-13.86,-51.86
-13.85,-51.85
-13.84,-51.84
-13.83,-51.83
-13.82,-51.82
-13.81,-51.81
-13.8,-51.8
-13.79,-51.79
-13.78,-51.78
-13.77,-51.77
-13.76,-51.76
-13.75,-51.75
-13.74,-51.74
-13.73,-51.73
-13.72,-51.72
-13.71,-51.71
-13.7,-51.7
-13.69,-51.69
-13.68,-51.68
-13.67,-51.67
-13.66,-51.66
-13.65,-51.65
-13.64,-51.64
-13.63,-51.63
-13.62,-51.62
-13.61,-51.61
-13.6,-51.6
-13.59,-51.59
-13.58,-51.58
-13.57,-51.57
-13.56,-51.56
-13.55,-51.55
-13.54,-51.54
-13.53,-51.53
-13.52,-51.52
-13.51,-51.51
-13.5,-51.5
-13.49,-51.49
-13.48,-51.48
-13.47,-51.47
-13.46,-51.46
-13.45,-51.45
-13.44,-51.44
-13.43,-51.43
-13.42,-51.42
-13.41,-51.41
-13.4,-51.4
-13.39,-51.39
-13.38,-51.38
-13.37,-51.37
-13.36,-51.36
-13.35,-51.35
-13.34,-51.34
-13.33,-51.33
-13.32,-51.32
-13.31,-51.31
-13.3,-51.3
-13.29,-51.29
-13.28,-51.28
-13.27,-51.27
-13.26,-51.26
-13.25,-51.25
-13.24,-51.24
-13.23,-51.23
-13.22,-51.22
-13.21,-51.21
-13.2,-51.2
-13.19,-51.19
-13.18,-51.18
-13.17,-51.17
-13.16,-51.16
-13.15,-51.15
-13.14,-51.14
-13.13,-51.13
-13.12,-51.12
-13.11,-51.11
-13.1,-51.1
-13.09,-51.09
-13.08,-51.08
-13.07,-51.07
-13.06,-51.06
-13.05,-51.05
-13.04,-51.04
-13.03,-51.03
-13.02,-51.02
-13.01,-51.01
-13.0,-51.0
-12.99,-50.99
-12.98,-50.98
-12.97,-50.97
-12.96,-50.96
-12.95,-50.95
-12.94,-50.94
-12.93,-50.93
-12.92,-50.92
-12.91,-50.91
-12.9,-50.9
-12.89,-50.89
-12.88,-50.88
-12.87,-50.87
-12.86,-50.86
-12.85,-50.85
-12.84,-50.84
-12.83,-50.83
-12.82,-50.82
-12.81,-50.81
-12.8,-50.8
-12.79,-50.79
-12.78,-50.78
-12.77,-50.77
-12.76,-50.76
-12.75,-50.75
-12.74,-50.74
-12.73,-50.73
-12.72,-50.72
-12.71,-50.71
-12.7,-50.7
-12.69,-50.69
-12.68,-50.68
-12.67,-50.67
-12.66,-50.66
-12.65,-50.65
-12.64,-50.64
-12.63,-50.63
-12.62,-50.62
-12.61,-50.61
-12.6,-50.6
-12.59,-50.59
-12.58,-50.58
-12.57,-50.57
-12.56,-50.56
-12.55,-50.55
-12.54,-50.54
-12.53,-50.53
-12.52,-50.52
-12.51,-50.51
-12.5,-50.5
-12.49,-50.49
-12.48,-50.48
-12.47,-50.47
-12.46,-50.46
-12.45,-50.45
-12.44,-50.44
-12.43,-50.43
-12.42,-50.42
-12.41,-50.41
-12.4,-50.4
-12.39,-50.39
-12.38,-50.38
-12.37,-50.37
-12.36,-50.36
-12.35,-50.35
-12.34,-50.34
-12.33,-50.33
-12.32,-50.32
-12.31,-50.31
-12.3,-50.3
-12.29,-50.29
-12.28,-50.28
-12.27,-50.27
-12.26,-50.26
-12.25,-50.25
-12.24,-50.24
-12.23,-50.23
-12.22,-50.22
-12.21,-50.21
-12.2,-50.2
-12.19,-50.19
-12.18,-50.18
-12.17,-50.17
-12.16,-50.16
-12.15,-50.15
-12.14,-50.14
-12.13,-50.13
-12.12,-50.12
-12.11,-50.11
-12.1,-50.1
-12.09,-50.09
-12.08,-50.08
-12.07,-50.07
-12.06,-50.06
-12.05,-50.05
-12.04,-50.04
-12.03,-50.03
-12.02,-50.02
-12.01,-50.01
-12.0,-50.0
-11.99,-49.99
-11.98,-49.98
-11.97,-49.97
-11.96,-49.96
-11.95,-49.95
-11.94,-49.94
-11.93,-49.93
-11.92,-49.92
-11.91,-49.91
-11.9,-49.9
-11.89,-49.89
-11.88,-49.88
-11.87,-49.87
-11.86,-49.86
-11.85,-49.85
-11.84,-49.84
-11.83,-49.83
-11.82,-49.82
-11.81,-49.81
-11.8,-49.8
-11.79,-49.79
-11.78,-49.78
-11.77,-49.77
-11.76,-49.76
-11.75,-49.75
-11.74,-49.74
-11.73,-49.73
-11.72,-49.72
-11.71,-49.71
-11.7,-49.7
-11.69,-49.69
-11.68,-49.68
-11.67,-49.67
-11.66,-49.66
-11.65,-49.65
-11.64,-49.64
-11.63,-49.63
-11.62,-49.62
-11.61,-49.61
-11.6,-49.6
-11.59,-49.59
-11.58,-49.58
-11.57,-49.57
-11.56,-49.56
-11.55,-49.55
-11.54,-49.54
-11.53,-49.53
-11.52,-49.52
-11.51,-49.51
-11.5,-49.5
-11.49,-49.49
-11.48,-49.48
-11.47,-49.47
-11.46,-49.46
-11.45,-49.45
-11.44,-49.44
-11.43,-49.43
-11.42,-49.42
-11.41,-49.41
-11.4,-49.4
-11.39,-49.39
-11.38,-49.38
-11.37,-49.37
-11.36,-49.36
-11.35,-49.35
-11.34,-49.34
-11.33,-49.33
-11.32,-49.32
-11.31,-49.31
-11.3,-49.3
-11.29,-49.29
-11.28,-49.28
-11.27,-49.27
-11.26,-49.26
-11.25,-49.25
-11.24,-49.24
-11.23,-49.23
-11.22,-49.22
-11.21,-49.21
-11.2,-49.2
-11.19,-49.19
-11.18,-49.18
-11.17,-49.17
-11.16,-49.16
-11.15,-49.15
-11.14,-49.14
-11.13,-49.13
-11.12,-49.12
-11.11,-49.11
-11.1,-49.1
-11.09,-49.09
-11.08,-49.08
-11.07,-49.07
-11.06,-49.06
-11.05,-49.05
-11.04,-49.04
-11.03,-49.03
-11.02,-49.02
-11.01,-49.01
-11.0,-49.0
-10.99,-48.99
-10.98,-48.98
-10.97,-48.97
-10.96,-48.96
-10.95,-48.95
-10.94,-48.94
-10.93,-48.93
-10.92,-48.92
-10.91,-48.91
-10.9,-48.9
-10.89,-48.89
-10.88,-48.88
-10.87,-48.87
-10.86,-48.86
-10.85,-48.85
-10.84,-48.84
-10.83,-48.83
-10.82,-48.82
-10.81,-48.81
-10.8,-48.8
-10.79,-48.79
-10.78,-48.78
-10.77,-48.77
-10.76,-48.76
-10.75,-48.75
-10.74,-48.74
-10.73,-48.73
-10.72,-48.72
-10.71,-48.71
-10.7,-48.7
-10.69,-48.69
-10.68,-48.68
-10.67,-48.67
-10.66,-48.66
-10.65,-48.65
-10.64,-48.64
-10.63,-48.63
-10.62,-48.62
-10.61,-48.61
-10.6,-48.6
-10.59,-48.59
-10.58,-48.58
-10.57,-48.57
-10.56,-48.56
-10.55,-48.55
-10.54,-48.54
-10.53,-48.53
-10.52,-48.52
-10.51,-48.51
-10.5,-48.5
-10.49,-48.49
-10.48,-48.48
-10.47,-48.47
-10.46,-48.46
-10.45,-48.45
-10.44,-48.44
-10.43,-48.43
-10.42,-48.42
-10.41,-48.41
-10.4,-48.4
-10.39,-48.39
-10.38,-48.38
-10.37,-48.37
-10.36,-48.36
-10.35,-48.35
-10.34,-48.34
-10.33,-48.33
-10.32,-48.32
-10.31,-48.31
-10.3,-48.3
-10.29,-48.29
-10.28,-48.28
-10.27,-48.27
-10.26,-48.26
-10.25,-48.25
-10.24,-48.24
-10.23,-48.23
-10.22,-48.22
-10.21,-48.21
-10.2,-48.2
-10.19,-48.19
-10.18,-48.18
-10.17,-48.17
-10.16,-48.16
-10.15,-48.15
-10.14,-48.14
-10.13,-48.13
-10.12,-48.12
-10.11,-48.11
-10.1,-48.1
-10.09,-48.09
-10.08,-48.08
-10.07,-48.07
-10.06,-48.06
-10.05,-48.05
-10.04,-48.04
-10.03,-48.03
-10.02,-48.02
-10.01,-48.01
-10.0,-48.0
-9.99,-47.99
-9.98,-47.98
-9.97,-47.97
-9.96,-47.96
-9.95,-47.95
-9.94,-47.94
-9.93,-47.93
-9.92,-47.92
-9.91,-47.91
-9.9,-47.9
-9.89,-47.89
-9.88,-47.88
-9.87,-47.87
-9.86,-47.86
-9.85,-47.85
-9.84,-47.84
-9.83,-47.83
-9.82,-47.82
-9.81,-47.81
-9.8,-47.8
-9.79,-47.79
-9.78,-47.78
-9.77,-47.77
-9.76,-47.76
-9.75,-47.75
-9.74,-47.74
-9.73,-47.73
-9.72,-47.72
-9.71,-47.71
-9.7,-47.7
-9.69,-47.69
-9.68,-47.68
-9.67,-47.67
-9.66,-47.66
-9.65,-47.65
-9.64,-47.64
-9.63,-47.63
-9.62,-47.62
-9.61,-47.61
-9.6,-47.6
-9.59,-47.59
-9.58,-47.58
-9.57,-47.57
-9.56,-47.56
-9.55,-47.55
-9.54,-47.54
-9.53,-47.53
-9.52,-47.52
-9.51,-47.51
-9.5,-47.5
-9.49,-47.49
-9.48,-47.48
-9.47,-47.47
-9.46,-47.46
-9.45,-47.45
-9.44,-47.44
-9.43,-47.43
-9.42,-47.42
-9.41,-47.41
-9.4,-47.4
-9.39,-47.39
-9.38,-47.38
-9.37,-47.37
-9.36,-47.36
-9.35,-47.35
-9.34,-47.34
-9.33,-47.33
-9.32,-47.32
-9.31,-47.31
-9.3,-47.3
-9.29,-47.29
-9.28,-47.28
-9.27,-47.27
-9.26,-47.26
-9.25,-47.25
-9.24,-47.24
-9.23,-47.23
-9.22,-47.22
-9.21,-47.21
-9.2,-47.2
-9.19,-47.19
-9.18,-47.18
-9.17,-47.17
-9.16,-47.16
-9.15,-47.15
-9.14,-47.14
-9.13,-47.13
-9.12,-47.12
-9.11,-47.11
-9.1,-47.1
-9.09,-47.09
-9.08,-47.08
-9.07,-47.07
-9.06,-47.06
-9.05,-47.05
-9.04,-47.04
-9.03,-47.03
-9.02,-47.02
-9.01,-47.01
-9.0,-47.0
-8.99,-46.99
-8.98,-46.98
-8.97,-46.97
-8.96,-46.96
-8.95,-46.95
-8.94,-46.94
-8.93,-46.93
-8.92,-46.92
-8.91,-46.91
-8.9,-46.9
-8.89,-46.89
-8.88,-46.88
-8.87,-46.87
-8.86,-46.86
-8.85,-46.85
-8.84,-46.84
-8.83,-46.83
-8.82,-46.82
-8.81,-46.81
-8.8,-46.8
-8.79,-46.79
-8.78,-46.78
-8.77,-46.77
-8.76,-46.76
-8.75,-46.75
-8.74,-46.74
-8.73,-46.73
-8.72,-46.72
-8.71,-46.71
-8.7,-46.7
-8.69,-46.69
-8.68,-46.68
-8.67,-46.67
-8.66,-46.66
-8.65,-46.65
-8.64,-46.64
-8.63,-46.63
-8.62,-46.62
-8.61,-46.61
-8.6,-46.6
-8.59,-46.59
-8.58,-46.58
-8.57,-46.57
-8.56,-46.56
-8.55,-46.55
-8.54,-46.54
-8.53,-46.53
-8.52,-46.52
-8.51,-46.51
-8.5,-46.5
-8.49,-46.49
-8.48,-46.48
-8.47,-46.47
-8.46,-46.46
-8.45,-46.45
-8.44,-46.44
-8.43,-46.43
-8.42,-46.42
-8.41,-46.41
-8.4,-46.4
-8.39,-46.39
-8.38,-46.38
-8.37,-46.37
-8.36,-46.36
-8.35,-46.35
-8.34,-46.34
-8.33,-46.33
-8.32,-46.32
-8.31,-46.31
-8.3,-46.3
-8.29,-46.29
-8.28,-46.28
-8.27,-46.27
-8.26,-46.26
-8.25,-46.25
-8.24,-46.24
-8.23,-46.23
-8.22,-46.22
-8.21,-46.21
-8.2,-46.2
-8.19,-46.19
-8.18,-46.18
-8.17,-46.17
-8.16,-46.16
-8.15,-46.15
-8.14,-46.14
-8.13,-46.13
-8.12,-46.12
-8.11,-46.11
-8.1,-46.1
-8.09,-46.09
-8.08,-46.08
-8.07,-46.07
-8.06,-46.06
-8.05,-46.05
-8.04,-46.04
-8.03,-46.03
-8.02,-46.02
-8.01,-46.01
-8.0,-46.0
-7.99,-45.99
-7.98,-45.98
-7.97,-45.97
-7.96,-45.96
-7.95,-45.95
-7.94,-45.94
-7.93,-45.93
-7.92,-45.92
-7.91,-45.91
-7.9,-45.9
-7.89,-45.89
-7.88,-45.88
-7.87,-45.87
-7.86,-45.86
-7.85,-45.85
-7.84,-45.84
-7.83,-45.83
-7.82,-45.82
-7.81,-45.81
-7.8,-45.8
-7.79,-45.79
-7.78,-45.78
-7.77,-45.77
-7.76,-45.76
-7.75,-45.75
-7.74,-45.74
-7.73,-45.73
-7.72,-45.72
-7.71,-45.71
-7.7,-45.7
-7.69,-45.69
-7.68,-45.68
-7.67,-45.67
-7.66,-45.66
-7.65,-45.65
-7.64,-45.64
-7.63,-45.63
-7.62,-45.62
-7.61,-45.61
-7.6,-45.6
-7.59,-45.59
-7.58,-45.58
-7.57,-45.57
-7.56,-45.56
-7.55,-45.55
-7.54,-45.54
-7.53,-45.53
-7.52,-45.52
-7.51,-45.51
-7.5,-45.5
-7.49,-45.49
-7.48,-45.48
-7.47,-45.47
-7.46,-45.46
-7.45,-45.45
-7.44,-45.44
-7.43,-45.43
-7.42,-45.42
-7.41,-45.41
-7.4,-45.4
-7.39,-45.39
-7.38,-45.38
-7.37,-45.37
-7.36,-45.36
-7.35,-45.35
-7.34,-45.34
-7.33,-45.33
-7.32,-45.32
-7.31,-45.31
-7.3,-45.3
-7.29,-45.29
-7.28,-45.28
-7.27,-45.27
-7.26,-45.26
-7.25,-45.25
-7.24,-45.24
-7.23,-45.23
-7.22,-45.22
-7.21,-45.21
-7.2,-45.2
-7.19,-45.19
-7.18,-45.18
-7.17,-45.17
-7.16,-45.16
-7.15,-45.15
-7.14,-45.14
-7.13,-45.13
-7.12,-45.12
-7.11,-45.11
-7.1,-45.1
-7.09,-45.09
-7.08,-45.08
-7.07,-45.07
-7.06,-45.06
-7.05,-45.05
-7.04,-45.04
-7.03,-45.03
-7.02,-45.02
-7.01,-45.01
-7.0,-45.0
-6.99,-44.99
-6.98,-44.98
-6.97,-44.97
-6.96,-44.96
-6.95,-44.95
-6.94,-44.94
-6.93,-44.93
-6.92,-44.92
-6.91,-44.91
-6.9,-44.9
-6.89,-44.89
-6.88,-44.88
-6.87,-44.87
-6.86,-44.86
-6.85,-44.85
-6.84,-44.84
-6.83,-44.83
-6.82,-44.82
-6.81,-44.81
-6.8,-44.8
-6.79,-44.79
-6.78,-44.78
-6.77,-44.77
-6.76,-44.76
-6.75,-44.75
-6.74,-44.74
-6.73,-44.73
-6.72,-44.72
-6.71,-44.71
-6.7,-44.7
-6.69,-44.69
-6.68,-44.68
-6.67,-44.67
-6.66,-44.66
-6.65,-44.65
-6.64,-44.64
-6.63,-44.63
-6.62,-44.62
-6.61,-44.61
-6.6,-44.6
-6.59,-44.59
-6.58,-44.58
-6.57,-44.57
-6.56,-44.56
-6.55,-44.55
-6.54,-44.54
-6.53,-44.53
-6.52,-44.52
-6.51,-44.51
-6.5,-44.5
-6.49,-44.49
-6.48,-44.48
-6.47,-44.47
-6.46,-44.46
-6.45,-44.45
-6.44,-44.44
-6.43,-44.43
-6.42,-44.42
-6.41,-44.41
-6.4,-44.4
-6.39,-44.39
-6.38,-44.38
-6.37,-44.37
-6.36,-44.36
-6.35,-44.35
-6.34,-44.34
-6.33,-44.33
-6.32,-44.32
-6.31,-44.31
-6.3,-44.3
-6.29,-44.29
-6.28,-44.28
-6.27,-44.27
-6.26,-44.26
-6.25,-44.25
-6.24,-44.24
-6.23,-44.23
-6.22,-44.22
-6.21,-44.21
-6.2,-44.2
-6.19,-44.19
-6.18,-44.18
-6.17,-44.17
-6.16,-44.16
-6.15,-44.15
-6.14,-44.14
-6.13,-44.13
-6.12,-44.12
-6.11,-44.11
-6.1,-44.1
-6.09,-44.09
-6.08,-44.08
-6.07,-44.07
-6.06,-44.06
-6.05,-44.05
-6.04,-44.04
-6.03,-44.03
-6.02,-44.02
-6.01,-44.01
-6.0,-44.0
-5.99,-43.99
-5.98,-43.98
-5.97,-43.97
-5.96,-43.96
-5.95,-43.95
-5.94,-43.94
-5.93,-43.93
-5.92,-43.92
-5.91,-43.91
-5.9,-43.9
-5.89,-43.89
-5.88,-43.88
-5.87,-43.87
-5.86,-43.86
-5.85,-43.85
-5.84,-43.84
-5.83,-43.83
-5.82,-43.82
-5.81,-43.81
-5.8,-43.8
-5.79,-43.79
-5.78,-43.78
-5.77,-43.77
-5.76,-43.76
-5.75,-43.75
-5.74,-43.74
-5.73,-43.73
-5.72,-43.72
-5.71,-43.71
-5.7,-43.7
-5.69,-43.69
-5.68,-43.68
-5.67,-43.67
-5.66,-43.66
-5.65,-43.65
-5.64,-43.64
-5.63,-43.63
-5.62,-43.62
-5.61,-43.61
-5.6,-43.6
-5.59,-43.59
-5.58,-43.58
-5.57,-43.57
-5.56,-43.56
-5.55,-43.55
-5.54,-43.54
-5.53,-43.53
-5.52,-43.52
-5.51,-43.51
-5.5,-43.5
-5.49,-43.49
-5.48,-43.48
-5.47,-43.47
-5.46,-43.46
-5.45,-43.45
-5.44,-43.44
-5.43,-43.43
-5.42,-43.42
-5.41,-43.41
-5.4,-43.4
-5.39,-43.39
-5.38,-43.38
-5.37,-43.37
-5.36,-43.36
-5.35,-43.35
-5.34,-43.34
-5.33,-43.33
-5.32,-43.32
-5.31,-43.31
-5.3,-43.3
-5.29,-43.29
-5.28,-43.28
-5.27,-43.27
-5.26,-43.26
-5.25,-43.25
-5.24,-43.24
-5.23,-43.23
-5.22,-43.22
-5.21,-43.21
-5.2,-43.2
-5.19,-43.19
-5.18,-43.18
-5.17,-43.17
-5.16,-43.16
-5.15,-43.15
-5.14,-43.14
-5.13,-43.13
-5.12,-43.12
-5.11,-43.11
-5.1,-43.1
-5.09,-43.09
-5.08,-43.08
-5.07,-43.07
-5.06,-43.06
-5.05,-43.05
-5.04,-43.04
-5.03,-43.03
-5.02,-43.02
-5.01,-43.01
-5.0,-43.0
-4.99,-42.99
-4.98,-42.98
-4.97,-42.97
-4.96,-42.96
-4.95,-42.95
-4.94,-42.94
-4.93,-42.93
-4.92,-42.92
-4.91,-42.91
-4.9,-42.9
-4.89,-42.89
-4.88,-42.88
-4.87,-42.87
-4.86,-42.86
-4.85,-42.85
-4.84,-42.84
-4.83,-42.83
-4.82,-42.82
-4.81,-42.81
-4.8,-42.8
-4.79,-42.79
-4.78,-42.78
-4.77,-42.77
-4.76,-42.76
-4.75,-42.75
-4.74,-42.74
-4.73,-42.73
-4.72,-42.72
-4.71,-42.71
-4.7,-42.7
-4.69,-42.69
-4.68,-42.68
-4.67,-42.67
-4.66,-42.66
-4.65,-42.65
-4.64,-42.64
-4.63,-42.63
-4.62,-42.62
-4.61,-42.61
-4.6,-42.6
-4.59,-42.59
-4.58,-42.58
-4.57,-42.57
-4.56,-42.56
-4.55,-42.55
-4.54,-42.54
-4.53,-42.53
-4.52,-42.52
-4.51,-42.51
-4.5,-42.5
-4.49,-42.49
-4.48,-42.48
-4.47,-42.47
-4.46,-42.46
-4.45,-42.45
-4.44,-42.44
-4.43,-42.43
-4.42,-42.42
-4.41,-42.41
-4.4,-42.4
-4.39,-42.39
-4.38,-42.38
-4.37,-42.37
-4.36,-42.36
-4.35,-42.35
-4.34,-42.34
-4.33,-42.33
-4.32,-42.32
-4.31,-42.31
-4.3,-42.3
-4.29,-42.29
-4.28,-42.28
-4.27,-42.27
-4.26,-42.26
-4.25,-42.25
-4.24,-42.24
-4.23,-42.23
-4.22,-42.22
-4.21,-42.21
-4.2,-42.2
-4.19,-42.19
-4.18,-42.18
-4.17,-42.17
-4.16,-42.16
-4.15,-42.15
-4.14,-42.14
-4.13,-42.13
-4.12,-42.12
-4.11,-42.11
-4.1,-42.1
-4.09,-42.09
-4.08,-42.08
-4.07,-42.07
-4.06,-42.06
-4.05,-42.05
-4.04,-42.04
-4.03,-42.03
-4.02,-42.02
-4.01,-42.01
-4.0,-42.0
-3.99,-41.99
-3.98,-41.98
-3.97,-41.97
-3.96,-41.96
-3.95,-41.95
-3.94,-41.94
-3.93,-41.93
-3.92,-41.92
-3.91,-41.91
-3.9,-41.9
-3.89,-41.89
-3.88,-41.88
-3.87,-41.87
-3.86,-41.86
-3.85,-41.85
-3.84,-41.84
-3.83,-41.83
-3.82,-41.82
-3.81,-41.81
-3.8,-41.8
-3.79,-41.79
-3.78,-41.78
-3.77,-41.77
-3.76,-41.76
-3.75,-41.75
-3.74,-41.74
-3.73,-41.73
-3.72,-41.72
-3.71,-41.71
-3.7,-41.7
-3.69,-41.69
-3.68,-41.68
-3.67,-41.67
-3.66,-41.66
-3.65,-41.65
-3.64,-41.64
-3.63,-41.63
-3.62,-41.62
-3.61,-41.61
-3.6,-41.6
-3.59,-41.59
-3.58,-41.58
-3.57,-41.57
-3.56,-41.56
-3.55,-41.55
-3.54,-41.54
-3.53,-41.53
-3.52,-41.52
-3.51,-41.51
-3.5,-41.5
-3.49,-41.49
-3.48,-41.48
-3.47,-41.47
-3.46,-41.46
-3.45,-41.45
-3.44,-41.44
-3.43,-41.43
-3.42,-41.42
-3.41,-41.41
-3.4,-41.4
-3.39,-41.39
-3.38,-41.38
-3.37,-41.37
-3.36,-41.36
-3.35,-41.35
-3.34,-41.34
-3.33,-41.33
-3.32,-41.32
-3.31,-41.31
-3.3,-41.3
-3.29,-41.29
-3.28,-41.28
-3.27,-41.27
-3.26,-41.26
-3.25,-41.25
-3.24,-41.24
-3.23,-41.23
-3.22,-41.22
-3.21,-41.21
-3.2,-41.2
-3.19,-41.19
-3.18,-41.18
-3.17,-41.17
-3.16,-41.16
-3.15,-41.15
-3.14,-41.14
-3.13,-41.13
-3.12,-41.12
-3.11,-41.11
-3.1,-41.1
-3.09,-41.09
-3.08,-41.08
-3.07,-41.07
-3.06,-41.06
-3.05,-41.05
-3.04,-41.04
-3.03,-41.03
-3.02,-41.02
-3.01,-41.01
-3.0,-41.0
-2.99,-40.99
-2.98,-40.98
-2.97,-40.97
-2.96,-40.96
-2.95,-40.95
-2.94,-40.94
-2.93,-40.93
-2.92,-40.92
-2.91,-40.91
-2.9,-40.9
-2.89,-40.89
-2.88,-40.88
-2.87,-40.87
-2.86,-40.86
-2.85,-40.85
-2.84,-40.84
-2.83,-40.83
-2.82,-40.82
-2.81,-40.81
-2.8,-40.8
-2.79,-40.79
-2.78,-40.78
-2.77,-40.77
-2.76,-40.76
-2.75,-40.75
-2.74,-40.74
-2.73,-40.73
-2.72,-40.72
-2.71,-40.71
-2.7,-40.7
-2.69,-40.69
-2.68,-40.68
-2.67,-40.67
-2.66,-40.66
-2.65,-40.65
-2.64,-40.64
-2.63,-40.63
-2.62,-40.62
-2.61,-40.61
-2.6,-40.6
-2.59,-40.59
-2.58,-40.58
-2.57,-40.57
-2.56,-40.56
-2.55,-40.55
-2.54,-40.54
-2.53,-40.53
-2.52,-40.52
-2.51,-40.51
-2.5,-40.5
-2.49,-40.49
-2.48,-40.48
-2.47,-40.47
-2.46,-40.46
-2.45,-40.45
-2.44,-40.44
-2.43,-40.43
-2.42,-40.42
-2.41,-40.41
-2.4,-40.4
-2.39,-40.39
-2.38,-40.38
-2.37,-40.37
-2.36,-40.36
-2.35,-40.35
-2.34,-40.34
-2.33,-40.33
-2.32,-40.32
-2.31,-40.31
-2.3,-40.3
-2.29,-40.29
-2.28,-40.28
-2.27,-40.27
-2.26,-40.26
-2.25,-40.25
-2.24,-40.24
-2.23,-40.23
-2.22,-40.22
-2.21,-40.21
-2.2,-40.2
-2.19,-40.19
-2.18,-40.18
-2.17,-40.17
-2.16,-40.16
-2.15,-40.15
-2.14,-40.14
-2.13,-40.13
-2.12,-40.12
-2.11,-40.11
-2.1,-40.1
-2.09,-40.09
-2.08,-40.08
-2.07,-40.07
-2.06,-40.06
-2.05,-40.05
-2.04,-40.04
-2.03,-40.03
-2.02,-40.02
-2.01,-40.01
-2.0,-40.0
-1.99,-39.99
-1.98,-39.98
-1.97,-39.97
-1.96,-39.96
-1.95,-39.95
-1.94,-39.94
-1.93,-39.93
-1.92,-39.92
-1.91,-39.91
-1.9,-39.9
-1.89,-39.89
-1.88,-39.88
-1.87,-39.87
-1.86,-39.86
-1.85,-39.85
-1.84,-39.84
-1.83,-39.83
-1.82,-39.82
-1.81,-39.81
-1.8,-39.8
-1.79,-39.79
-1.78,-39.78
-1.77,-39.77
-1.76,-39.76
-1.75,-39.75
-1.74,-39.74
-1.73,-39.73
-1.72,-39.72
-1.71,-39.71
-1.7,-39.7
-1.69,-39.69
-1.68,-39.68
-1.67,-39.67
-1.66,-39.66
-1.65,-39.65
-1.64,-39.64
-1.63,-39.63
-1.62,-39.62
-1.61,-39.61
-1.6,-39.6
-1.59,-39.59
-1.58,-39.58
-1.57,-39.57
-1.56,-39.56
-1.55,-39.55
-1.54,-39.54
-1.53,-39.53
-1.52,-39.52
-1.51,-39.51
-1.5,-39.5
-1.49,-39.49
-1.48,-39.48
-1.47,-39.47
-1.46,-39.46
-1.45,-39.45
-1.44,-39.44
-1.43,-39.43
-1.42,-39.42
-1.41,-39.41
-1.4,-39.4
-1.39,-39.39
-1.38,-39.38
-1.37,-39.37
-1.36,-39.36
-1.35,-39.35
-1.34,-39.34
-1.33,-39.33
-1.32,-39.32
-1.31,-39.31
-1.3,-39.3
-1.29,-39.29
-1.28,-39.28
-1.27,-39.27
-1.26,-39.26
-1.25,-39.25
-1.24,-39.24
-1.23,-39.23
-1.22,-39.22
-1.21,-39.21
-1.2,-39.2
-1.19,-39.19
-1.18,-39.18
-1.17,-39.17
-1.16,-39.16
-1.15,-39.15
-1.14,-39.14
-1.13,-39.13
-1.12,-39.12
-1.11,-39.11
-1.1,-39.1
-1.09,-39.09
-1.08,-39.08
-1.07,-39.07
-1.06,-39.06
-1.05,-39.05
-1.04,-39.04
-1.03,-39.03
-1.02,-39.02
-1.01,-39.01
-1.0,-39.0
-0.99,-38.99
-0.98,-38.98
-0.97,-38.97
-0.96,-38.96
-0.95,-38.95
-0.94,-38.94
-0.93,-38.93
-0.92,-38.92
-0.91,-38.91
-0.9,-38.9
-0.89,-38.89
-0.88,-38.88
-0.87,-38.87
-0.86,-38.86
-0.85,-38.85
-0.84,-38.84
-0.83,-38.83
-0.82,-38.82
-0.81,-38.81
-0.8,-38.8
-0.79,-38.79
-0.78,-38.78
-0.77,-38.77
-0.76,-38.76
-0.75,-38.75
-0.74,-38.74
-0.73,-38.73
-0.72,-38.72
-0.71,-38.71
-0.7,-38.7
-0.69,-38.69
-0.68,-38.68
-0.67,-38.67
-0.66,-38.66
-0.65,-38.65
-0.64,-38.64
-0.63,-38.63
-0.62,-38.62
-0.61,-38.61
-0.6,-38.6
-0.59,-38.59
-0.58,-38.58
-0.57,-38.57
-0.56,-38.56
-0.55,-38.55
-0.54,-38.54
-0.53,-38.53
-0.52,-38.52
-0.51,-38.51
-0.5,-38.5
-0.49,-38.49
-0.48,-38.48
-0.47,-38.47
-0.46,-38.46
-0.45,-38.45
-0.44,-38.44
-0.43,-38.43
-0.42,-38.42
-0.41,-38.41
-0.4,-38.4
-0.39,-38.39
-0.38,-38.38
-0.37,-38.37
-0.36,-38.36
-0.35,-38.35
-0.34,-38.34
-0.33,-38.33
-0.32,-38.32
-0.31,-38.31
-0.3,-38.3
-0.29,-38.29
-0.28,-38.28
-0.27,-38.27
-0.26,-38.26
-0.25,-38.25
-0.24,-38.24
-0.23,-38.23
-0.22,-38.22
-0.21,-38.21
-0.2,-38.2
-0.19,-38.19
-0.18,-38.18
-0.17,-38.17
-0.16,-38.16
-0.15,-38.15
-0.14,-38.14
-0.13,-38.13
-0.12,-38.12
-0.11,-38.11
-0.1,-38.1
-0.09,-38.09
-0.08,-38.08
-0.07,-38.07
-0.06,-38.06
-0.05,-38.05
-0.04,-38.04
-0.03,-38.03
-0.02,-38.02
-0.01,-38.01
0.0,-38.0
0.01,-37.99
0.02,-37.98
0.03,-37.97
0.04,-37.96
0.05,-37.95
0.06,-37.94
0.07,-37.93
0.08,-37.92
0.09,-37.91
0.1,-37.9
0.11,-37.89
0.12,-37.88
0.13,-37.87
0.14,-37.86
0.15,-37.85
0.16,-37.84
0.17,-37.83
0.18,-37.82
0.19,-37.81
0.2,-37.8
0.21,-37.79
0.22,-37.78
0.23,-37.77
0.24,-37.76
0.25,-37.75
0.26,-37.74
0.27,-37.73
0.28,-37.72
0.29,-37.71
0.3,-37.7
0.31,-37.69
0.32,-37.68
0.33,-37.67
0.34,-37.66
0.35,-37.65
0.36,-37.64
0.37,-37.63
0.38,-37.62
0.39,-37.61
0.4,-37.6
0.41,-37.59
0.42,-37.58
0.43,-37.57
0.44,-37.56
0.45,-37.55
0.46,-37.54
0.47,-37.53
0.48,-37.52
0.49,-37.51
0.5,-37.5
0.51,-37.49
0.52,-37.48
0.53,-37.47
0.54,-37.46
0.55,-37.45
0.56,-37.44
0.57,-37.43
0.58,-37.42
0.59,-37.41
0.6,-37.4
0.61,-37.39
0.62,-37.38
0.63,-37.37
0.64,-37.36
0.65,-37.35
0.66,-37.34
0.67,-37.33
0.68,-37.32
0.69,-37.31
0.7,-37.3
0.71,-37.29
0.72,-37.28
0.73,-37.27
0.74,-37.26
0.75,-37.25
0.76,-37.24
0.77,-37.23
0.78,-37.22
0.79,-37.21
0.8,-37.2
0.81,-37.19
0.82,-37.18
0.83,-37.17
0.84,-37.16
0.85,-37.15
0.86,-37.14
0.87,-37.13
0.88,-37.12
0.89,-37.11
0.9,-37.1
0.91,-37.09
0.92,-37.08
0.93,-37.07
0.94,-37.06
0.95,-37.05
0.96,-37.04
0.97,-37.03
0.98,-37.02
0.99,-37.01
1.0,-37.0
1.01,-36.99
1.02,-36.98
1.03,-36.97
1.04,-36.96
1.05,-36.95
1.06,-36.94
1.07,-36.93
1.08,-36.92
1.09,-36.91
1.1,-36.9
1.11,-36.89
1.12,-36.88
1.13,-36.87
1.14,-36.86
1.15,-36.85
1.16,-36.84
1.17,-36.83
1.18,-36.82
1.19,-36.81
1.2,-36.8
1.21,-36.79
1.22,-36.78
1.23,-36.77
1.24,-36.76
1.25,-36.75
1.26,-36.74
1.27,-36.73
1.28,-36.72
1.29,-36.71
1.3,-36.7
1.31,-36.69
1.32,-36.68
1.33,-36.67
1.34,-36.66
1.35,-36.65
1.36,-36.64
1.37,-36.63
1.38,-36.62
1.39,-36.61
1.4,-36.6
1.41,-36.59
1.42,-36.58
1.43,-36.57
1.44,-36.56
1.45,-36.55
1.46,-36.54
1.47,-36.53
1.48,-36.52
1.49,-36.51
1.5,-36.5
1.51,-36.49
1.52,-36.48
1.53,-36.47
1.54,-36.46
1.55,-36.45
1.56,-36.44
1.57,-36.43
1.58,-36.42
1.59,-36.41
1.6,-36.4
1.61,-36.39
1.62,-36.38
1.63,-36.37
1.64,-36.36
1.65,-36.35
1.66,-36.34
1.67,-36.33
1.68,-36.32
1.69,-36.31
1.7,-36.3
1.71,-36.29
1.72,-36.28
1.73,-36.27
1.74,-36.26
1.75,-36.25
1.76,-36.24
1.77,-36.23
1.78,-36.22
1.79,-36.21
1.8,-36.2
1.81,-36.19
1.82,-36.18
1.83,-36.17
1.84,-36.16
1.85,-36.15
1.86,-36.14
1.87,-36.13
1.88,-36.12
1.89,-36.11
1.9,-36.1
1.91,-36.09
1.92,-36.08
1.93,-36.07
1.94,-36.06
1.95,-36.05
1.96,-36.04
1.97,-36.03
1.98,-36.02
1.99,-36.01
2.0,-36.0
2.01,-35.99
2.02,-35.98
2.03,-35.97
2.04,-35.96
2.05,-35.95
2.06,-35.94
2.07,-35.93
2.08,-35.92
2.09,-35.91
2.1,-35.9
2.11,-35.89
2.12,-35.88
2.13,-35.87
2.14,-35.86
2.15,-35.85
2.16,-35.84
2.17,-35.83
2.18,-35.82
2.19,-35.81
2.2,-35.8
2.21,-35.79
2.22,-35.78
2.23,-35.77
2.24,-35.76
2.25,-35.75
2.26,-35.74
2.27,-35.73
2.28,-35.72
2.29,-35.71
2.3,-35.7
2.31,-35.69
2.32,-35.68
2.33,-35.67
2.34,-35.66
2.35,-35.65
2.36,-35.64
2.37,-35.63
2.38,-35.62
2.39,-35.61
2.4,-35.6
2.41,-35.59
2.42,-35.58
2.43,-35.57
2.44,-35.56
2.45,-35.55
2.46,-35.54
2.47,-35.53
2.48,-35.52
2.49,-35.51
2.5,-35.5
2.51,-35.49
2.52,-35.48
2.53,-35.47
2.54,-35.46
2.55,-35.45
2.56,-35.44
2.57,-35.43
2.58,-35.42
2.59,-35.41
2.6,-35.4
2.61,-35.39
2.62,-35.38
2.63,-35.37
2.64,-35.36
2.65,-35.35
2.66,-35.34
2.67,-35.33
2.68,-35.32
2.69,-35.31
2.7,-35.3
2.71,-35.29
2.72,-35.28
2.73,-35.27
2.74,-35.26
2.75,-35.25
2.76,-35.24
2.77,-35.23
2.78,-35.22
2.79,-35.21
2.8,-35.2
2.81,-35.19
2.82,-35.18
2.83,-35.17
2.84,-35.16
2.85,-35.15
2.86,-35.14
2.87,-35.13
2.88,-35.12
2.89,-35.11
2.9,-35.1
2.91,-35.09
2.92,-35.08
2.93,-35.07
2.94,-35.06
2.95,-35.05
2.96,-35.04
2.97,-35.03
2.98,-35.02
2.99,-35.01
3.0,-35.0
3.01,-34.99
3.02,-34.98
3.03,-34.97
3.04,-34.96
3.05,-34.95
3.06,-34.94
3.07,-34.93
3.08,-34.92
3.09,-34.91
3.1,-34.9
3.11,-34.89
3.12,-34.88
3.13,-34.87
3.14,-34.86
3.15,-34.85
3.16,-34.84
3.17,-34.83
3.18,-34.82
3.19,-34.81
3.2,-34.8
3.21,-34.79
3.22,-34.78
3.23,-34.77
3.24,-34.76
3.25,-34.75
3.26,-34.74
3.27,-34.73
3.28,-34.72
3.29,-34.71
3.3,-34.7
3.31,-34.69
3.32,-34.68
3.33,-34.67
3.34,-34.66
3.35,-34.65
3.36,-34.64
3.37,-34.63
3.38,-34.62
3.39,-34.61
3.4,-34.6
3.41,-34.59
3.42,-34.58
3.43,-34.57
3.44,-34.56
3.45,-34.55
3.46,-34.54
3.47,-34.53
3.48,-34.52
3.49,-34.51
3.5,-34.5
3.51,-34.49
3.52,-34.48
3.53,-34.47
3.54,-34.46
3.55,-34.45
3.56,-34.44
3.57,-34.43
3.58,-34.42
3.59,-34.41
3.6,-34.4
3.61,-34.39
3.62,-34.38
3.63,-34.37
3.64,-34.36
3.65,-34.35
3.66,-34.34
3.67,-34.33
3.68,-34.32
3.69,-34.31
3.7,-34.3
3.71,-34.29
3.72,-34.28
3.73,-34.27
3.74,-34.26
3.75,-34.25
3.76,-34.24
3.77,-34.23
3.78,-34.22
3.79,-34.21
3.8,-34.2
3.81,-34.19
3.82,-34.18
3.83,-34.17
3.84,-34.16
3.85,-34.15
3.86,-34.14
3.87,-34.13
3.88,-34.12
3.89,-34.11
3.9,-34.1
3.91,-34.09
3.92,-34.08
3.93,-34.07
3.94,-34.06
3.95,-34.05
3.96,-34.04
3.97,-34.03
3.98,-34.02
3.99,-34.01
4.0,-34.0
