data,v_vento,t_med
2011-10-02,5.40,29.50
2011-10-03,7.30,29.05
2011-10-04,6.50,29.00
2011-10-05,,
2011-10-06,,
2011-10-07,,
2011-10-08,,
2011-10-09,,
2011-10-10,,
2011-10-11,,
2011-10-12,,
2011-10-13,,
2011-10-14,,
2011-10-15,,
2011-10-16,,
2011-10-17,,
2011-10-18,,
2011-10-19,,
2011-10-20,,
2011-10-21,,
2011-10-22,,
2011-10-23,,
2011-10-24,7.20,32.65
2011-10-25,,
2011-10-26,,
2011-10-27,,
2011-10-28,4.90,25.80
2011-10-29,6.90,28.60
2011-10-30,,
2011-10-31,,
2011-11-01,2.80,24.60
2011-11-02,,
2011-11-03,,
2011-11-04,,
2011-11-05,,
2011-11-06,,
2011-11-07,,
2011-11-08,,
2011-11-09,,
2011-11-10,,
2011-11-11,,
2011-11-12,,
2011-11-13,,
2011-11-14,,
2011-11-15,,
2011-11-16,,
2011-11-17,,
2011-11-18,,
2011-11-19,,
2011-11-20,,
2011-11-21,,
2011-11-22,,
2011-11-23,,
2011-11-24,,
2011-11-25,,
2011-11-26,,
2011-11-27,,
2011-11-28,,
2011-11-29,,
2011-11-30,,
2011-12-01,,
2011-12-02,,
2011-12-03,,
2011-12-04,,
2011-12-05,,
2011-12-06,,
2011-12-07,,
2011-12-08,,
2011-12-09,,
2011-12-10,,
2011-12-11,,
2011-12-12,,
2011-12-13,,
2011-12-14,,
2011-12-15,6.53,29.34
2011-12-16,5.67,28.21
2011-12-17,5.90,28.33
2011-12-18,5.67,28.15
2011-12-19,5.19,27.94
2011-12-20,5.26,28.90
2011-12-21,5.44,27.75
2011-12-22,5.37,27.50
2011-12-23,5.32,27.58
2011-12-24,5.28,28.41
2011-12-25,4.35,27.54
2011-12-26,4.53,27.47
2011-12-27,5.13,28.10
2011-12-28,4.41,27.19
2011-12-29,4.98,27.55
2011-12-30,5.08,27.73
2011-12-31,5.56,27.69
2012-01-01,5.20,27.62
2012-01-02,4.39,27.12
2012-01-03,4.79,27.68
2012-01-04,5.35,27.70
2012-01-05,4.94,27.24
2012-01-06,5.00,27.39
2012-01-07,4.91,27.52
2012-01-08,5.27,28.20
2012-01-09,5.24,27.60
2012-01-10,4.75,28.13
2012-01-11,5.06,28.32
2012-01-12,5.44,28.33
2012-01-13,5.03,28.36
2012-01-14,5.25,29.00
2012-01-15,5.20,28.85
2012-01-16,4.78,27.78
2012-01-17,4.43,27.73
2012-01-18,4.41,27.61
2012-01-19,3.83,27.01
2012-01-20,4.41,27.36
2012-01-21,4.69,27.40
2012-01-22,4.59,27.05
2012-01-23,4.58,27.56
2012-01-24,4.72,27.59
2012-01-25,5.00,27.69
2012-01-26,4.91,27.46
2012-01-27,4.72,27.52
2012-01-28,5.12,28.14
2012-01-29,5.20,27.13
2012-01-30,4.92,27.60
2012-01-31,4.83,27.84
2012-02-01,5.38,27.67
2012-02-02,5.43,28.08
2012-02-03,5.25,29.27
2012-02-04,5.77,29.41
2012-02-05,5.88,29.59
2012-02-06,5.22,28.82
2012-02-07,5.88,29.30
2012-02-08,5.84,28.30
2012-02-09,4.52,27.43
2012-02-10,5.40,29.14
2012-02-11,6.37,30.44
2012-02-12,5.82,30.24
2012-02-13,4.37,27.84
2012-02-14,5.69,29.57
2012-02-15,5.65,30.74
2012-02-16,4.68,30.03
2012-02-17,3.30,28.38
2012-02-18,5.01,28.11
2012-02-19,2.70,25.50
2012-02-20,4.00,29.19
2012-02-21,5.42,31.09
2012-02-22,5.60,31.06
2012-02-23,5.22,30.63
2012-02-24,5.22,29.69
2012-02-25,5.63,30.58
2012-02-26,3.40,28.56
2012-02-27,5.12,28.95
2012-02-28,4.54,27.99
2012-02-29,5.02,30.75
2012-03-01,5.01,30.78
2012-03-02,4.42,29.94
2012-03-03,5.16,29.69
2012-03-04,6.23,29.90
2012-03-05,5.51,29.83
2012-03-06,4.62,29.62
2012-03-07,5.83,30.61
2012-03-08,6.06,31.12
2012-03-09,5.20,29.64
2012-03-10,3.46,26.68
2012-03-11,3.68,28.11
2012-03-12,4.11,28.39
2012-03-13,4.22,28.12
2012-03-14,4.43,27.32
2012-03-15,3.37,27.20
2012-03-16,4.34,27.77
2012-03-17,4.36,27.39
2012-03-18,4.04,27.55
2012-03-19,4.18,27.72
2012-03-20,4.22,27.89
2012-03-21,3.42,27.36
2012-03-22,3.27,26.25
2012-03-23,4.12,28.30
2012-03-24,4.33,28.07
2012-03-25,3.83,28.15
2012-03-26,4.15,28.03
2012-03-27,4.57,28.41
2012-03-28,4.08,28.19
2012-03-29,4.61,28.22
2012-03-30,4.95,28.60
2012-03-31,4.81,28.06
2012-04-01,4.09,28.66
2012-04-02,4.98,28.85
2012-04-03,5.03,28.25
2012-04-04,4.62,28.20
2012-04-05,4.70,28.56
2012-04-06,4.11,27.96
2012-04-07,3.85,27.47
2012-04-08,4.55,28.83
2012-04-09,4.81,28.74
2012-04-10,4.62,28.54
2012-04-11,3.97,28.05
2012-04-12,4.21,28.06
2012-04-13,4.10,28.43
2012-04-14,4.38,28.64
2012-04-15,3.75,27.58
2012-04-16,4.34,27.74
2012-04-17,4.10,27.66
2012-04-18,4.37,28.42
2012-04-19,4.03,28.28
2012-04-20,4.33,27.96
2012-04-21,4.15,27.71
2012-04-22,4.35,27.87
2012-04-23,4.87,28.28
2012-04-24,4.45,28.20
2012-04-25,4.14,28.16
2012-04-26,4.57,28.73
2012-04-27,5.07,28.48
2012-04-28,4.41,27.18
2012-04-29,4.08,27.72
2012-04-30,4.78,28.33
2012-05-01,4.63,28.47
2012-05-02,5.09,28.58
2012-05-03,4.95,28.91
2012-05-04,5.13,29.20
2012-05-05,5.21,29.25
2012-05-06,5.21,29.25
2012-05-07,5.47,28.90
2012-05-08,4.99,29.23
2012-05-09,4.92,28.73
2012-05-10,4.90,28.74
2012-05-11,4.36,27.80
2012-05-12,5.15,28.42
2012-05-13,5.01,27.69
2012-05-14,4.97,27.77
2012-05-15,4.71,27.20
2012-05-16,4.49,27.10
2012-05-17,4.74,27.46
2012-05-18,4.37,27.23
2012-05-19,3.65,26.53
2012-05-20,5.05,27.77
2012-05-21,4.56,27.74
2012-05-22,4.96,28.54
2012-05-23,3.40,25.51
2012-05-24,3.35,25.79
2012-05-25,4.01,26.00
2012-05-26,3.93,27.30
2012-05-27,3.87,26.98
2012-05-28,4.34,28.51
2012-05-29,4.38,26.73
2012-05-30,4.24,27.38
2012-05-31,3.76,27.23
2012-06-01,4.36,27.98
2012-06-02,4.70,27.48
2012-06-03,4.64,27.26
2012-06-04,4.44,27.55
2012-06-05,3.81,27.94
2012-06-06,4.41,28.96
2012-06-07,5.49,26.95
2012-06-08,5.06,27.67
2012-06-09,4.62,27.84
2012-06-10,4.35,28.22
2012-06-11,4.01,27.12
2012-06-12,4.48,27.30
2012-06-13,4.22,28.75
2012-06-14,4.46,27.67
2012-06-15,4.31,27.72
2012-06-16,3.58,26.94
2012-06-17,4.45,27.29
2012-06-18,5.18,27.71
2012-06-19,3.67,26.80
2012-06-20,4.09,27.05
2012-06-21,4.63,27.19
2012-06-22,3.09,24.77
2012-06-23,3.33,26.48
2012-06-24,4.02,28.72
2012-06-25,4.43,25.60
2012-06-26,3.38,26.28
2012-06-27,4.45,27.01
2012-06-28,4.03,27.18
2012-06-29,3.67,26.55
2012-06-30,4.22,27.25
2012-07-01,4.65,27.99
2012-07-02,4.77,26.93
2012-07-03,4.24,26.36
2012-07-04,4.85,27.90
2012-07-05,5.36,26.90
2012-07-06,5.36,27.64
2012-07-07,5.43,28.35
2012-07-08,5.82,28.55
2012-07-09,6.02,28.07
2012-07-10,4.30,26.24
2012-07-11,4.03,27.06
2012-07-12,4.66,27.41
2012-07-13,4.20,25.83
2012-07-14,4.13,26.15
2012-07-15,5.28,27.40
2012-07-16,3.99,27.62
2012-07-17,4.30,27.58
2012-07-18,4.49,27.22
2012-07-19,4.23,27.30
2012-07-20,4.46,27.44
2012-07-21,4.82,27.78
2012-07-22,4.58,28.09
2012-07-23,5.07,27.33
2012-07-24,4.96,27.14
2012-07-25,4.86,27.12
2012-07-26,4.90,27.51
2012-07-27,4.20,25.37
2012-07-28,4.82,27.70
2012-07-29,5.32,27.43
2012-07-30,4.48,26.57
2012-07-31,5.05,27.12
2012-08-01,4.97,26.99
2012-08-02,3.96,27.21
2012-08-03,5.06,27.76
2012-08-04,4.46,27.58
2012-08-05,4.21,26.82
2012-08-06,4.84,26.65
2012-08-07,4.88,28.47
2012-08-08,4.99,28.69
2012-08-09,5.05,28.38
2012-08-10,4.78,27.74
2012-08-11,5.02,28.36
2012-08-12,5.84,28.06
2012-08-13,5.62,27.79
2012-08-14,5.07,27.01
2012-08-15,4.93,27.78
2012-08-16,5.54,28.05
2012-08-17,5.64,27.92
2012-08-18,4.98,28.20
2012-08-19,5.52,27.61
2012-08-20,5.29,27.13
2012-08-21,5.51,27.83
2012-08-22,5.51,27.83
2012-08-23,5.09,28.01
2012-08-24,5.44,27.60
2012-08-25,5.53,26.74
2012-08-26,5.35,26.82
2012-08-27,5.70,28.43
2012-08-28,5.48,28.20
2012-08-29,5.42,27.92
2012-08-30,5.32,26.54
2012-08-31,5.33,26.55
2012-09-01,5.08,27.52
2012-09-02,5.47,27.50
2012-09-03,5.98,27.20
2012-09-04,5.64,27.25
2012-09-05,5.85,27.76
2012-09-06,5.52,26.89
2012-09-07,5.29,26.53
2012-09-08,5.07,28.01
2012-09-09,5.22,28.50
2012-09-10,5.38,27.93
2012-09-11,4.26,27.02
2012-09-12,4.78,27.08
2012-09-13,4.86,28.13
2012-09-14,6.00,27.12
2012-09-15,4.92,27.69
2012-09-16,4.51,26.88
2012-09-17,4.94,27.35
2012-09-18,5.72,28.04
2012-09-19,5.27,27.62
2012-09-20,5.13,26.94
2012-09-21,5.10,26.20
2012-09-22,5.03,27.04
2012-09-23,6.01,28.08
2012-09-24,6.99,28.26
2012-09-25,5.77,27.13
2012-09-26,5.32,27.12
2012-09-27,5.59,27.75
2012-09-28,4.95,27.69
2012-09-29,5.33,27.48
2012-09-30,5.02,27.37
2012-10-01,5.15,28.25
2012-10-02,5.93,27.99
2012-10-03,5.90,28.20
2012-10-04,5.80,28.88
2012-10-05,6.12,28.46
2012-10-06,6.04,28.41
2012-10-07,5.31,28.96
2012-10-08,6.65,28.66
2012-10-09,5.85,28.33
2012-10-10,5.41,27.15
2012-10-11,5.08,27.07
2012-10-12,5.52,27.40
2012-10-13,5.53,27.59
2012-10-14,5.80,26.85
2012-10-15,5.30,27.18
2012-10-16,5.60,28.52
2012-10-17,6.15,28.04
2012-10-18,5.68,27.91
2012-10-19,4.73,27.17
2012-10-20,5.00,28.60
2012-10-21,5.45,28.25
2012-10-22,5.40,27.92
2012-10-23,5.20,28.08
2012-10-24,5.72,28.17
2012-10-25,6.28,28.29
2012-10-26,6.31,27.96
2012-10-27,5.98,27.84
2012-10-28,5.71,27.60
2012-10-29,5.45,27.08
2012-10-30,5.47,26.66
2012-10-31,5.01,26.77
2012-11-01,5.05,26.86
2012-11-02,4.68,27.03
2012-11-03,4.60,27.53
2012-11-04,4.80,27.06
2012-11-05,4.90,26.61
2012-11-06,4.89,26.62
2012-11-07,5.28,26.60
2012-11-08,5.75,26.98
2012-11-09,5.22,26.97
2012-11-10,5.70,27.44
2012-11-11,5.69,28.35
2012-11-12,6.17,28.58
2012-11-13,5.47,27.24
2012-11-14,5.09,26.67
2012-11-15,5.07,26.70
2012-11-16,5.38,27.17
2012-11-17,5.24,27.81
2012-11-18,5.15,28.10
2012-11-19,5.68,28.73
2012-11-20,6.14,28.30
2012-11-21,5.16,27.30
2012-11-22,5.16,27.87
2012-11-23,5.05,27.73
2012-11-24,5.20,27.67
2012-11-25,4.98,27.52
2012-11-26,5.20,27.60
2012-11-27,5.55,27.62
2012-11-28,5.40,27.48
2012-11-29,5.04,27.28
2012-11-30,5.11,27.20
2012-12-01,4.95,27.28
2012-12-02,7.15,29.88
2012-12-03,6.04,28.20
2012-12-04,5.75,27.76
2012-12-05,5.18,27.58
2012-12-06,5.53,28.09
2012-12-07,5.54,27.77
2012-12-08,5.16,27.92
2012-12-09,5.32,27.76
2012-12-10,4.69,27.20
2012-12-11,4.91,27.33
2012-12-12,5.06,27.98
2012-12-13,5.47,27.96
2012-12-14,5.60,28.38
2012-12-15,5.55,29.02
2012-12-16,5.81,28.56
2012-12-17,4.88,28.22
2012-12-18,5.12,27.77
2012-12-19,5.35,28.06
2012-12-20,5.39,28.19
2012-12-21,5.00,27.99
2012-12-22,5.39,28.22
2012-12-23,5.52,28.46
2012-12-24,5.40,28.35
2012-12-25,5.04,27.84
2012-12-26,5.32,28.21
2012-12-27,5.17,28.13
2012-12-28,5.37,28.10
2012-12-29,5.05,28.30
2012-12-30,5.32,28.66
2012-12-31,4.91,28.47
2013-01-01,5.28,28.70
2013-01-02,5.32,28.53
2013-01-03,5.24,28.79
2013-01-04,5.22,28.12
2013-01-05,4.55,27.80
2013-01-06,5.06,29.00
2013-01-07,5.40,28.71
2013-01-08,5.51,29.02
2013-01-09,5.60,28.43
2013-01-10,5.58,28.11
2013-01-11,5.52,28.34
2013-01-12,5.28,29.09
2013-01-13,5.62,28.98
2013-01-14,4.87,27.92
2013-01-15,4.75,28.17
2013-01-16,5.11,28.35
2013-01-17,5.10,28.58
2013-01-18,5.11,28.75
2013-01-19,4.93,28.52
2013-01-20,3.88,28.75
2013-01-21,5.11,28.93
2013-01-22,5.44,28.59
2013-01-23,4.30,28.26
2013-01-24,5.23,28.77
2013-01-25,5.06,28.24
2013-01-26,4.95,27.87
2013-01-27,5.01,27.79
2013-01-28,5.24,27.61
2013-01-29,5.49,27.52
2013-01-30,5.24,28.12
2013-01-31,5.47,28.35
2013-02-01,5.46,28.70
2013-02-02,5.53,28.93
2013-02-03,5.93,29.80
2013-02-04,5.87,28.17
2013-02-05,4.89,27.84
2013-02-06,5.17,28.38
2013-02-07,5.09,28.68
2013-02-08,5.22,29.80
2013-02-09,6.11,30.18
2013-02-10,5.36,30.10
2013-02-11,5.67,29.53
2013-02-12,5.14,30.04
2013-02-13,6.21,30.00
2013-02-14,4.82,29.18
2013-02-15,4.00,28.07
2013-02-16,4.94,27.98
2013-02-17,3.22,27.30
2013-02-18,3.51,27.77
2013-02-19,4.68,28.85
2013-02-20,5.74,30.37
2013-02-21,5.46,29.50
2013-02-22,4.53,29.65
2013-02-23,5.00,28.42
2013-02-24,5.76,29.01
2013-02-25,5.41,29.27
2013-02-26,5.53,29.81
2013-02-27,4.96,29.35
2013-02-28,5.65,29.38
2013-03-01,5.68,29.41
2013-03-02,5.44,30.33
2013-03-03,5.33,30.88
2013-03-04,4.99,29.80
2013-03-05,5.08,30.17
2013-03-06,5.30,29.73
2013-03-07,4.74,28.85
2013-03-08,4.74,28.67
2013-03-09,3.72,28.13
2013-03-10,4.22,28.48
2013-03-11,4.69,29.03
2013-03-12,5.12,28.27
2013-03-13,4.72,28.84
2013-03-14,4.85,28.69
2013-03-15,5.48,28.99
2013-03-16,5.28,29.00
2013-03-17,4.67,28.66
2013-03-18,4.39,28.65
2013-03-19,4.06,28.17
2013-03-20,4.76,28.85
2013-03-21,5.13,28.26
2013-03-22,4.89,28.37
2013-03-23,4.01,27.60
2013-03-24,4.69,28.50
2013-03-25,4.16,28.09
2013-03-26,4.35,28.70
2013-03-27,4.82,29.40
2013-03-28,4.47,29.17
2013-03-29,6.65,30.33
2013-03-30,5.05,29.41
2013-03-31,4.82,29.75
2013-04-01,4.90,28.58
2013-04-02,5.26,28.90
2013-04-03,3.93,28.35
2013-04-04,4.83,28.83
2013-04-05,4.55,28.66
2013-04-06,4.68,28.47
2013-04-07,4.03,28.78
2013-04-08,3.46,28.47
2013-04-09,4.65,29.08
2013-04-10,4.89,29.11
2013-04-11,4.98,29.55
2013-04-12,5.01,29.65
2013-04-13,5.22,29.24
2013-04-14,4.51,27.85
2013-04-15,4.19,28.45
2013-04-16,3.92,28.75
2013-04-17,3.94,28.85
2013-04-18,3.73,28.60
2013-04-19,4.28,28.87
2013-04-20,2.93,27.75
2013-04-21,3.67,28.22
2013-04-22,3.40,28.43
2013-04-23,3.76,28.91
2013-04-24,2.59,26.67
2013-04-25,3.99,28.16
2013-04-26,4.15,28.42
2013-04-27,4.07,29.51
2013-04-28,2.81,26.92
2013-04-29,2.74,26.98
2013-04-30,2.98,27.31
2013-05-01,4.24,27.58
2013-05-02,3.77,28.68
2013-05-03,4.16,29.42
2013-05-04,4.14,28.85
2013-05-05,4.18,29.38
2013-05-06,3.98,28.53
2013-05-07,3.95,28.50
2013-05-08,4.34,28.56
2013-05-09,4.60,28.70
2013-05-10,3.82,28.88
2013-05-11,4.19,28.48
2013-05-12,4.15,29.68
2013-05-13,3.89,28.48
2013-05-14,4.04,25.75
2013-05-15,3.48,26.98
2013-05-16,3.79,27.93
2013-05-17,3.65,27.98
2013-05-18,2.29,25.85
2013-05-19,3.27,27.38
2013-05-20,3.64,27.40
2013-05-21,3.59,28.48
2013-05-22,4.00,28.92
2013-05-23,3.18,27.96
2013-05-24,3.45,28.14
2013-05-25,3.60,27.72
2013-05-26,3.94,28.19
2013-05-27,4.50,28.58
2013-05-28,4.47,28.14
2013-05-29,4.47,27.85
2013-05-30,4.07,27.52
2013-05-31,3.95,28.04
2013-06-01,4.56,27.88
2013-06-02,3.46,27.65
2013-06-03,3.91,27.39
2013-06-04,2.98,27.06
2013-06-05,3.51,26.84
2013-06-06,3.08,25.02
2013-06-07,3.85,26.90
2013-06-08,4.12,27.38
2013-06-09,3.70,26.13
2013-06-10,3.70,27.58
2013-06-11,3.96,26.65
2013-06-12,3.40,26.22
2013-06-13,2.67,24.95
2013-06-14,3.50,26.53
2013-06-15,3.44,26.95
2013-06-16,3.80,26.66
2013-06-17,3.32,27.01
2013-06-18,3.89,26.66
2013-06-19,3.58,27.46
2013-06-20,3.90,28.11
2013-06-21,4.02,26.81
2013-06-22,2.45,25.92
2013-06-23,3.03,27.69
2013-06-24,2.73,27.01
2013-06-25,2.53,27.24
2013-06-26,3.97,28.06
2013-06-27,3.83,28.29
2013-06-28,3.60,26.89
2013-06-29,3.04,26.90
2013-06-30,3.86,28.11
2013-07-01,3.95,27.73
2013-07-02,3.30,25.86
2013-07-03,2.95,24.99
2013-07-04,3.53,25.72
2013-07-05,3.60,26.68
2013-07-06,3.55,26.98
2013-07-07,3.89,26.67
2013-07-08,3.77,25.80
2013-07-09,2.62,25.83
2013-07-10,4.40,27.50
2013-07-11,3.85,25.52
2013-07-12,3.83,25.29
2013-07-13,3.91,25.83
2013-07-14,3.28,25.30
2013-07-15,3.53,26.05
2013-07-16,3.79,26.39
2013-07-17,4.27,26.96
2013-07-18,3.73,26.59
2013-07-19,4.22,26.88
2013-07-20,3.85,26.38
2013-07-21,2.64,25.89
2013-07-22,3.99,27.20
2013-07-23,3.50,26.60
2013-07-24,4.26,27.20
2013-07-25,4.16,26.96
2013-07-26,3.81,25.90
2013-07-27,4.05,27.21
2013-07-28,4.11,27.44
2013-07-29,4.35,26.57
2013-07-30,4.21,26.59
2013-07-31,4.97,27.54
2013-08-01,5.24,27.65
2013-08-02,4.80,27.42
2013-08-03,4.69,27.58
2013-08-04,5.01,27.63
2013-08-05,4.82,27.30
2013-08-06,5.22,27.52
2013-08-07,5.03,27.76
2013-08-08,4.27,27.00
2013-08-09,5.57,26.71
2013-08-10,4.50,27.45
2013-08-11,4.38,27.28
2013-08-12,4.65,27.00
2013-08-13,4.57,28.07
2013-08-14,4.69,26.64
2013-08-15,5.02,27.85
2013-08-16,4.82,28.13
2013-08-17,4.72,27.09
2013-08-18,3.92,26.40
2013-08-19,4.36,27.92
2013-08-20,5.02,28.10
2013-08-21,5.20,27.92
2013-08-22,5.08,28.09
2013-08-23,5.39,28.10
2013-08-24,5.35,28.17
2013-08-25,4.36,27.31
2013-08-26,4.60,28.33
2013-08-27,3.90,27.67
2013-08-28,4.76,28.10
2013-08-29,4.93,26.77
2013-08-30,4.89,26.18
2013-08-31,4.91,27.12
2013-09-01,5.40,28.11
2013-09-02,4.65,27.17
2013-09-03,4.65,25.82
2013-09-04,5.31,27.39
2013-09-05,5.35,27.93
2013-09-06,5.78,28.19
2013-09-07,5.42,27.53
2013-09-08,5.48,27.60
2013-09-09,5.28,27.83
2013-09-10,5.44,28.12
2013-09-11,5.39,27.97
2013-09-12,5.18,27.42
2013-09-13,5.32,28.01
2013-09-14,5.44,27.80
2013-09-15,6.54,28.06
2013-09-16,6.08,27.74
2013-09-17,5.03,27.39
2013-09-18,5.22,28.03
2013-09-19,5.70,28.40
2013-09-20,5.07,28.03
2013-09-21,4.59,26.57
2013-09-22,5.24,28.42
2013-09-23,4.74,28.56
2013-09-24,5.07,27.10
2013-09-25,5.14,27.30
2013-09-26,4.71,26.83
2013-09-27,5.09,27.15
2013-09-28,5.17,27.93
2013-09-29,5.75,28.74
2013-09-30,6.23,27.34
2013-10-01,5.67,27.21
2013-10-02,5.43,27.37
2013-10-03,5.41,27.71
2013-10-04,5.25,27.99
2013-10-05,4.82,27.33
2013-10-06,4.91,27.26
2013-10-07,5.21,27.26
2013-10-08,4.90,28.68
2013-10-09,5.85,29.13
2013-10-10,6.11,28.72
2013-10-11,6.12,29.46
2013-10-12,5.33,27.85
2013-10-13,5.12,27.14
2013-10-14,5.27,27.58
2013-10-15,5.57,28.46
2013-10-16,5.75,28.05
2013-10-17,6.15,27.88
2013-10-18,5.66,27.64
2013-10-19,5.42,26.95
2013-10-20,6.76,30.54
2013-10-21,5.97,29.52
2013-10-22,5.97,29.10
2013-10-23,5.78,28.38
2013-10-24,5.96,28.73
2013-10-25,4.88,28.02
2013-10-26,5.65,27.66
2013-10-27,5.30,27.55
2013-10-28,5.55,27.37
2013-10-29,5.57,27.41
2013-10-30,5.78,27.49
2013-10-31,4.99,26.99
2013-11-01,5.10,27.72
2013-11-02,4.91,28.44
2013-11-03,5.60,27.93
2013-11-04,4.80,27.31
2013-11-05,5.04,27.69
2013-11-06,5.68,28.78
2013-11-07,5.26,28.83
2013-11-08,5.60,28.88
2013-11-09,6.07,28.81
2013-11-10,6.00,28.32
2013-11-11,5.19,27.55
2013-11-12,5.54,27.57
2013-11-13,5.56,27.55
2013-11-14,5.90,27.95
2013-11-15,5.88,28.06
2013-11-16,5.56,28.15
2013-11-17,5.81,27.65
2013-11-18,5.14,28.02
2013-11-19,4.95,27.70
2013-11-20,5.60,28.58
2013-11-21,5.00,27.79
2013-11-22,5.60,27.39
2013-11-23,5.21,27.33
2013-11-24,5.01,27.78
2013-11-25,5.29,28.29
2013-11-26,5.32,27.73
2013-11-27,5.45,27.23
2013-11-28,5.01,27.07
2013-11-29,5.37,27.55
2013-11-30,5.36,27.88
2013-12-01,5.72,28.72
2013-12-02,5.70,28.32
2013-12-03,5.16,27.94
2013-12-04,5.19,27.63
2013-12-05,5.16,27.42
2013-12-06,4.92,27.84
2013-12-07,5.12,27.93
2013-12-08,5.45,28.12
2013-12-09,5.63,27.96
2013-12-10,5.10,27.48
2013-12-11,5.38,27.09
2013-12-12,4.82,27.20
2013-12-13,4.91,27.53
2013-12-14,5.28,27.77
2013-12-15,5.43,27.58
2013-12-16,4.93,27.28
2013-12-17,5.17,27.68
2013-12-18,5.05,27.47
2013-12-19,4.51,27.27
2013-12-20,3.39,26.42
2013-12-21,4.59,27.74
2013-12-22,4.82,27.79
2013-12-23,4.99,28.51
2013-12-24,5.41,28.21
2013-12-25,5.80,28.84
2013-12-26,5.60,28.54
2013-12-27,5.02,28.76
2013-12-28,5.24,29.18
2013-12-29,5.15,28.17
2013-12-30,5.77,27.88
2013-12-31,5.44,27.96
2014-01-01,5.55,28.38
2014-01-02,5.55,27.97
2014-01-03,5.47,27.52
2014-01-04,5.36,27.11
2014-01-05,4.29,27.95
2014-01-06,3.83,27.99
2014-01-07,3.97,28.77
2014-01-08,5.25,28.23
2014-01-09,4.45,27.30
2014-01-10,4.80,28.17
2014-01-11,5.12,27.60
2014-01-12,5.43,27.67
2014-01-13,4.18,27.53
2014-01-14,4.56,28.55
2014-01-15,5.20,28.67
2014-01-16,5.26,28.58
2014-01-17,4.77,28.31
2014-01-18,5.07,28.20
2014-01-19,5.55,28.06
2014-01-20,6.40,28.33
2014-01-21,4.78,27.90
2014-01-22,5.01,28.62
2014-01-23,5.82,28.91
2014-01-24,5.13,28.36
2014-01-25,5.24,28.54
2014-01-26,4.57,28.01
2014-01-27,5.37,29.22
2014-01-28,5.45,29.40
2014-01-29,5.68,28.96
2014-01-30,3.83,26.61
2014-01-31,4.31,27.86
2014-02-01,5.02,28.44
2014-02-02,5.37,28.98
2014-02-03,4.90,27.88
2014-02-04,5.10,28.25
2014-02-05,4.87,27.74
2014-02-06,4.54,27.64
2014-02-07,4.07,27.35
2014-02-08,4.57,28.46
2014-02-09,4.89,28.26
2014-02-10,4.95,28.39
2014-02-11,4.35,28.67
2014-02-12,4.81,28.53
2014-02-13,4.67,28.27
2014-02-14,4.50,28.35
2014-02-15,4.39,27.95
2014-02-16,3.96,27.80
2014-02-17,2.70,26.40
2014-02-18,3.96,27.01
2014-02-19,3.51,26.49
2014-02-20,4.60,28.12
2014-02-21,4.54,28.56
2014-02-22,4.60,28.04
2014-02-23,5.08,28.64
2014-02-24,4.71,28.37
2014-02-25,4.60,28.09
2014-02-26,4.80,27.96
2014-02-27,4.43,27.55
2014-02-28,4.17,27.33
2014-03-01,4.40,27.60
2014-03-02,4.65,27.88
2014-03-03,4.40,28.23
2014-03-04,4.87,28.80
2014-03-05,4.79,28.31
2014-03-06,5.03,28.05
2014-03-07,4.36,28.49
2014-03-08,4.62,28.55
2014-03-09,5.04,28.59
2014-03-10,4.75,28.30
2014-03-11,4.51,28.37
2014-03-12,4.02,28.70
2014-03-13,3.69,26.49
2014-03-14,3.75,27.71
2014-03-15,3.96,27.80
2014-03-16,3.38,27.26
2014-03-17,3.47,27.67
2014-03-18,4.07,28.31
2014-03-19,3.65,28.17
2014-03-20,4.41,28.68
2014-03-21,4.52,29.93
2014-03-22,4.96,29.56
2014-03-23,4.50,28.90
2014-03-24,4.89,29.37
2014-03-25,4.26,29.25
2014-03-26,4.31,27.99
2014-03-27,4.19,28.17
2014-03-28,4.47,28.10
2014-03-29,3.72,27.77
2014-03-30,2.63,26.64
2014-03-31,3.20,27.54
2014-04-01,4.24,29.25
2014-04-02,3.56,27.50
2014-04-03,3.88,27.57
2014-04-04,3.66,28.43
2014-04-05,2.90,28.45
2014-04-06,3.62,27.77
2014-04-07,2.06,25.92
2014-04-08,2.18,26.20
2014-04-09,3.33,27.40
2014-04-10,3.42,27.92
2014-04-11,3.98,28.03
2014-04-12,3.72,28.53
2014-04-13,4.09,28.35
2014-04-14,4.13,28.13
2014-04-15,3.97,28.88
2014-04-16,3.12,28.02
2014-04-17,4.17,28.40
2014-04-18,3.85,28.50
2014-04-19,4.03,29.14
2014-04-20,4.10,29.37
2014-04-21,3.97,28.48
2014-04-22,4.14,28.53
2014-04-23,4.45,28.55
2014-04-24,4.47,28.79
2014-04-25,4.30,28.83
2014-04-26,4.21,28.63
2014-04-27,3.40,28.35
2014-04-28,3.41,27.80
2014-04-29,2.86,26.87
2014-04-30,2.82,26.52
2014-05-01,3.62,27.89
2014-05-02,3.90,28.13
2014-05-03,3.24,27.89
2014-05-04,3.07,28.07
2014-05-05,3.35,27.83
2014-05-06,3.14,27.23
2014-05-07,2.90,26.46
2014-05-08,3.70,27.86
2014-05-09,3.29,27.87
2014-05-10,3.15,27.35
2014-05-11,2.55,26.44
2014-05-12,2.86,27.09
2014-05-13,2.67,27.13
2014-05-14,2.29,25.05
2014-05-15,2.44,26.32
2014-05-16,3.01,26.30
2014-05-17,2.43,27.56
2014-05-18,3.11,28.54
2014-05-19,2.89,28.14
2014-05-20,3.55,28.28
2014-05-21,3.13,28.10
2014-05-22,3.47,27.58
2014-05-23,3.67,28.40
2014-05-24,3.82,27.82
2014-05-25,3.73,27.28
2014-05-26,3.55,27.18
2014-05-27,3.17,26.79
2014-05-28,2.75,26.19
2014-05-29,3.04,26.34
2014-05-30,3.74,27.06
2014-05-31,3.75,26.92
2014-06-01,3.45,27.06
2014-06-02,3.85,27.82
2014-06-03,3.78,27.70
2014-06-04,3.72,27.83
2014-06-05,4.75,28.38
2014-06-06,4.36,26.90
2014-06-07,4.65,27.93
2014-06-08,4.31,28.21
2014-06-09,3.89,28.43
2014-06-10,4.00,28.94
2014-06-11,4.43,27.10
2014-06-12,3.67,28.71
2014-06-13,3.11,26.06
2014-06-14,2.83,25.53
2014-06-15,3.17,24.81
2014-06-16,3.29,25.71
2014-06-17,4.20,27.26
2014-06-18,4.03,28.11
2014-06-19,3.90,27.10
2014-06-20,3.13,26.95
2014-06-21,4.38,27.81
2014-06-22,5.09,27.62
2014-06-23,3.98,26.19
2014-06-24,3.91,26.04
2014-06-25,3.91,27.17
2014-06-26,3.24,26.73
2014-06-27,3.66,26.58
2014-06-28,3.96,27.49
2014-06-29,4.52,27.26
2014-06-30,3.73,26.95
2014-07-01,4.03,27.88
2014-07-02,5.10,28.12
2014-07-03,4.35,26.56
2014-07-04,4.29,26.94
2014-07-05,4.73,27.35
2014-07-06,5.04,28.27
2014-07-07,5.00,28.21
2014-07-08,4.30,25.67
2014-07-09,5.12,27.88
2014-07-10,4.57,27.57
2014-07-11,4.18,27.05
2014-07-12,3.87,26.54
2014-07-13,4.85,27.71
2014-07-14,4.65,28.05
2014-07-15,4.25,27.30
2014-07-16,4.17,26.66
2014-07-17,4.31,27.27
2014-07-18,4.70,26.75
2014-07-19,3.51,25.30
2014-07-20,3.78,26.00
2014-07-21,5.24,27.38
2014-07-22,3.95,26.99
2014-07-23,5.43,27.90
2014-07-24,4.22,25.83
2014-07-25,3.76,25.87
2014-07-26,4.41,26.10
2014-07-27,4.60,26.85
2014-07-28,2.91,24.40
2014-07-29,3.58,26.44
2014-07-30,4.15,26.78
2014-07-31,4.53,26.15
2014-08-01,4.30,26.95
2014-08-02,4.77,27.54
2014-08-03,5.92,28.45
2014-08-04,4.59,27.34
2014-08-05,5.02,27.92
2014-08-06,4.92,27.54
2014-08-07,5.05,27.99
2014-08-08,4.64,27.28
2014-08-09,4.62,27.68
2014-08-10,4.58,27.68
2014-08-11,5.88,28.30
2014-08-12,5.39,27.93
2014-08-13,5.00,28.02
2014-08-14,5.83,28.05
2014-08-15,5.25,27.98
2014-08-16,4.80,26.28
2014-08-17,5.87,27.14
2014-08-18,4.88,27.17
2014-08-19,5.17,27.77
2014-08-20,5.20,27.13
2014-08-21,4.93,27.12
2014-08-22,4.56,28.27
2014-08-23,5.95,28.24
2014-08-24,5.97,28.02
2014-08-25,4.77,26.53
2014-08-26,5.66,27.34
2014-08-27,4.99,27.32
2014-08-28,5.71,27.79
2014-08-29,5.60,27.89
2014-08-30,5.66,28.33
2014-08-31,5.54,27.60
2014-09-01,5.03,26.18
2014-09-02,4.68,26.64
2014-09-03,4.80,27.20
2014-09-04,4.59,26.85
2014-09-05,4.85,27.85
2014-09-06,4.77,28.02
2014-09-07,4.99,27.94
2014-09-08,4.53,26.11
2014-09-09,4.65,25.37
2014-09-10,5.55,28.16
2014-09-11,5.53,27.89
2014-09-12,5.86,27.07
2014-09-13,5.34,27.49
2014-09-14,6.07,28.46
2014-09-15,5.38,28.33
2014-09-16,5.21,27.41
2014-09-17,4.84,27.42
2014-09-18,5.87,27.25
2014-09-19,4.37,26.49
2014-09-20,4.73,27.36
2014-09-21,5.34,28.78
2014-09-22,5.73,27.85
2014-09-23,5.45,27.58
2014-09-24,6.31,28.56
2014-09-25,6.17,28.70
2014-09-26,5.66,28.42
2014-09-27,5.12,27.70
2014-09-28,5.68,27.65
2014-09-29,5.27,28.05
2014-09-30,5.15,27.22
2014-10-01,5.35,27.62
2014-10-02,5.30,27.32
2014-10-03,5.07,27.47
2014-10-04,5.07,28.66
2014-10-05,6.07,29.02
2014-10-06,5.62,28.43
2014-10-07,4.78,28.20
2014-10-08,5.36,28.71
2014-10-09,4.99,28.60
2014-10-10,5.53,29.58
2014-10-11,5.42,28.91
2014-10-12,6.47,28.54
2014-10-13,6.19,28.90
2014-10-14,5.49,28.57
2014-10-15,5.97,29.28
2014-10-16,5.78,28.68
2014-10-17,5.57,29.07
2014-10-18,5.29,28.32
2014-10-19,6.12,27.98
2014-10-20,6.40,25.70
2014-10-21,,
2014-10-22,,
2014-10-23,,
2014-10-24,,
2014-10-25,,
2014-10-26,,
2014-10-27,,
2014-10-28,,
2014-10-29,,
2014-10-30,,
2014-10-31,,
2014-11-01,,
2014-11-02,,
2014-11-03,,
2014-11-04,,
2014-11-05,,
2014-11-06,,
2014-11-07,,
2014-11-08,,
2014-11-09,,
2014-11-10,,
2014-11-11,,
2014-11-12,,
2014-11-13,,
2014-11-14,,
2014-11-15,,
2014-11-16,,
2014-11-17,,
2014-11-18,,
2014-11-19,,
2014-11-20,,
2014-11-21,,
2014-11-22,,
2014-11-23,,
2014-11-24,7.20,28.89
2014-11-25,5.99,28.03
2014-11-26,5.83,27.91
2014-11-27,4.42,26.90
2014-11-28,4.73,26.75
2014-11-29,2.32,25.14
2014-11-30,,
2014-12-01,,
2014-12-02,,
2014-12-03,,
2014-12-04,,
2014-12-05,,
2014-12-06,,
2014-12-07,,
2014-12-08,,
2014-12-09,,
2014-12-10,,
2014-12-11,,
2014-12-12,,
2014-12-13,,
2014-12-14,,
2014-12-15,,
2014-12-16,,
2014-12-17,,
2014-12-18,,
2014-12-19,,
2014-12-20,,
2014-12-21,,
2014-12-22,,
2014-12-23,,
2014-12-24,,
2014-12-25,,
2014-12-26,,
2014-12-27,,
2014-12-28,,
2014-12-29,,
2014-12-30,,
2014-12-31,,
2015-01-01,,
2015-01-02,,
2015-01-03,,
2015-01-04,,
2015-01-05,,
2015-01-06,,
2015-01-07,,
2015-01-08,,
2015-01-09,,
2015-01-10,,
2015-01-11,,
2015-01-12,,
2015-01-13,,
2015-01-14,,
2015-01-15,,
2015-01-16,,
2015-01-17,,
2015-01-18,,
2015-01-19,,
2015-01-20,,
2015-01-21,,
2015-01-22,,
2015-01-23,,
2015-01-24,,
2015-01-25,,
2015-01-26,,
2015-01-27,,
2015-01-28,,
2015-01-29,,
2015-01-30,,
2015-01-31,,
2015-02-01,,
2015-02-02,,
2015-02-03,,
2015-02-04,,
2015-02-05,,
2015-02-06,,
2015-02-07,,
2015-02-08,,
2015-02-09,,
2015-02-10,,
2015-02-11,,
2015-02-12,,
2015-02-13,,
2015-02-14,,
2015-02-15,,
2015-02-16,,
2015-02-17,,
2015-02-18,,
2015-02-19,,
2015-02-20,,
2015-02-21,,
2015-02-22,,
2015-02-23,,
2015-02-24,,
2015-02-25,,
2015-02-26,,
2015-02-27,,
2015-02-28,,
2015-03-01,,
2015-03-02,,
2015-03-03,3.92,29.36
2015-03-04,3.95,28.16
2015-03-05,3.80,27.99
2015-03-06,2.25,25.13
2015-03-07,3.65,27.06
2015-03-08,2.66,25.80
2015-03-09,2.73,26.28
2015-03-10,3.57,27.45
2015-03-11,4.25,28.17
2015-03-12,4.32,27.16
2015-03-13,4.62,28.62
2015-03-14,4.45,28.27
2015-03-15,4.67,28.83
2015-03-16,4.54,29.12
2015-03-17,5.35,28.73
2015-03-18,4.60,28.31
2015-03-19,4.66,28.95
2015-03-20,3.47,27.00
2015-03-21,2.69,25.91
2015-03-22,2.57,25.59
2015-03-23,2.07,25.88
2015-03-24,2.29,25.65
2015-03-25,3.55,27.25
2015-03-26,3.53,27.27
2015-03-27,3.58,27.39
2015-03-28,3.30,27.33
2015-03-29,2.63,26.77
2015-03-30,2.23,26.12
2015-03-31,2.61,27.46
2015-04-01,2.98,27.51
2015-04-02,3.61,27.78
2015-04-03,3.16,27.51
2015-04-04,3.39,27.24
2015-04-05,3.44,27.09
2015-04-06,3.35,27.28
2015-04-07,3.17,28.03
2015-04-08,2.92,27.99
2015-04-09,3.35,27.46
2015-04-10,3.31,28.12
2015-04-11,2.91,27.84
2015-04-12,3.21,28.02
2015-04-13,3.38,28.10
2015-04-14,3.70,28.15
2015-04-15,4.40,29.21
2015-04-16,4.06,28.51
2015-04-17,3.78,28.23
2015-04-18,3.85,28.35
2015-04-19,3.72,28.09
2015-04-20,3.33,27.33
2015-04-21,3.94,27.61
2015-04-22,4.11,28.09
2015-04-23,2.63,25.21
2015-04-24,2.83,25.62
2015-04-25,2.87,26.84
2015-04-26,3.56,27.57
2015-04-27,3.77,27.57
2015-04-28,3.99,26.86
2015-04-29,3.55,27.08
2015-04-30,3.77,27.92
2015-05-01,4.37,27.59
2015-05-02,4.15,27.71
2015-05-03,3.13,26.81
2015-05-04,2.69,26.14
2015-05-05,3.19,27.42
2015-05-06,3.45,27.39
2015-05-07,4.06,28.11
2015-05-08,3.33,27.27
2015-05-09,3.89,28.42
2015-05-10,5.04,27.87
2015-05-11,3.84,27.15
2015-05-12,4.25,27.75
2015-05-13,4.63,28.57
2015-05-14,5.29,29.36
2015-05-15,4.92,28.44
2015-05-16,4.44,29.19
2015-05-17,4.99,29.42
2015-05-18,4.25,28.55
2015-05-19,4.10,28.10
2015-05-20,4.10,27.92
2015-05-21,4.16,28.38
2015-05-22,4.60,28.39
2015-05-23,4.07,28.50
2015-05-24,4.53,28.83
2015-05-25,4.77,29.15
2015-05-26,4.69,28.64
2015-05-27,4.38,27.97
2015-05-28,5.02,28.84
2015-05-29,4.83,28.24
2015-05-30,5.06,28.40
2015-05-31,3.73,27.07
2015-06-01,3.84,27.09
2015-06-02,3.93,27.77
2015-06-03,4.03,28.65
2015-06-04,3.48,27.05
2015-06-05,3.92,27.10
2015-06-06,4.93,28.72
2015-06-07,4.53,28.57
2015-06-08,3.17,26.30
2015-06-09,3.49,27.03
2015-06-10,4.18,28.70
2015-06-11,4.82,29.42
2015-06-12,4.80,27.90
2015-06-13,4.08,27.43
2015-06-14,4.38,27.73
2015-06-15,4.04,27.53
2015-06-16,5.83,29.00
2015-06-17,4.39,26.39
2015-06-18,4.19,26.79
2015-06-19,4.16,26.54
2015-06-20,4.37,28.14
2015-06-21,4.41,28.50
2015-06-22,4.18,27.26
2015-06-23,3.50,25.55
2015-06-24,3.66,26.32
2015-06-25,3.21,24.86
2015-06-26,4.41,27.09
2015-06-27,3.86,27.44
2015-06-28,4.27,28.15
2015-06-29,3.78,25.94
2015-06-30,3.86,27.05
2015-07-01,3.99,27.38
2015-07-02,4.16,27.62
2015-07-03,4.30,27.44
2015-07-04,3.71,26.08
2015-07-05,4.04,27.09
2015-07-06,4.32,27.03
2015-07-07,4.32,26.88
2015-07-08,3.78,27.05
2015-07-09,4.47,27.73
2015-07-10,4.99,27.58
2015-07-11,4.47,27.80
2015-07-12,4.47,27.49
2015-07-13,5.28,28.07
2015-07-14,5.20,27.65
2015-07-15,5.04,27.31
2015-07-16,4.62,26.50
2015-07-17,4.05,24.19
2015-07-18,5.16,26.71
2015-07-19,5.33,27.56
2015-07-20,5.28,27.25
2015-07-21,3.97,26.99
2015-07-22,4.31,26.67
2015-07-23,4.15,26.64
2015-07-24,3.92,26.78
2015-07-25,3.86,27.53
2015-07-26,4.03,26.30
2015-07-27,3.73,25.05
2015-07-28,3.55,25.11
2015-07-29,3.44,24.90
2015-07-30,4.73,26.65
2015-07-31,3.58,24.48
2015-08-01,4.32,26.01
2015-08-02,4.78,26.75
2015-08-03,5.37,26.87
2015-08-04,5.70,27.58
2015-08-05,4.84,27.86
2015-08-06,5.13,27.42
2015-08-07,5.99,27.48
2015-08-08,4.95,27.09
2015-08-09,6.03,27.42
2015-08-10,5.75,27.85
2015-08-11,5.94,27.35
2015-08-12,5.30,26.61
2015-08-13,5.32,27.04
2015-08-14,4.88,26.68
2015-08-15,5.20,27.74
2015-08-16,5.96,27.75
2015-08-17,6.46,28.12
2015-08-18,6.18,28.17
2015-08-19,5.70,27.95
2015-08-20,5.50,26.75
2015-08-21,4.58,26.59
2015-08-22,4.57,28.07
2015-08-23,5.50,28.12
2015-08-24,5.40,26.96
2015-08-25,5.22,26.65
2015-08-26,4.72,27.34
2015-08-27,4.93,27.07
2015-08-28,4.97,28.05
2015-08-29,5.82,27.14
2015-08-30,5.59,27.52
2015-08-31,5.62,28.56
2015-09-01,4.70,26.94
2015-09-02,4.86,26.25
2015-09-03,4.82,26.61
2015-09-04,5.01,26.68
2015-09-05,5.20,26.70
2015-09-06,5.52,27.24
2015-09-07,5.80,27.05
2015-09-08,5.42,27.22
2015-09-09,5.08,27.62
2015-09-10,5.57,28.46
2015-09-11,4.73,28.17
2015-09-12,6.14,28.43
2015-09-13,5.67,27.37
2015-09-14,4.86,27.47
2015-09-15,5.26,27.79
2015-09-16,4.92,27.75
2015-09-17,5.25,27.45
2015-09-18,5.58,27.12
2015-09-19,4.78,26.50
2015-09-20,5.29,27.37
2015-09-21,5.32,28.26
2015-09-22,5.62,28.46
2015-09-23,4.88,28.58
2015-09-24,5.79,28.09
2015-09-25,6.01,27.77
2015-09-26,5.93,27.38
2015-09-27,6.00,28.50
2015-09-28,5.83,27.55
2015-09-29,5.86,27.64
2015-09-30,5.84,28.03
2015-10-01,5.04,28.40
2015-10-02,5.62,28.26
2015-10-03,5.96,28.33
2015-10-04,5.45,27.15
2015-10-05,5.02,27.09
2015-10-06,4.45,27.34
2015-10-07,5.21,27.43
2015-10-08,5.57,27.95
2015-10-09,5.28,27.24
2015-10-10,5.78,28.08
2015-10-11,5.85,28.66
2015-10-12,6.46,29.05
2015-10-13,5.79,28.78
2015-10-14,5.47,29.09
2015-10-15,5.27,28.18
2015-10-16,5.52,28.83
2015-10-17,4.98,27.05
2015-10-18,5.56,27.70
2015-10-19,5.48,28.07
2015-10-20,5.57,28.35
2015-10-21,5.70,27.74
2015-10-22,5.72,27.54
2015-10-23,5.57,26.90
2015-10-24,5.14,27.18
2015-10-25,5.31,27.81
2015-10-26,5.78,28.94
2015-10-27,6.02,28.23
2015-10-28,6.06,27.98
2015-10-29,5.60,27.18
2015-10-30,5.30,26.87
2015-10-31,4.62,26.78
2015-11-01,5.39,27.52
2015-11-02,5.71,28.90
2015-11-03,5.39,29.05
2015-11-04,5.36,28.24
2015-11-05,5.90,27.94
2015-11-06,5.62,27.92
2015-11-07,5.32,27.43
2015-11-08,5.78,27.77
2015-11-09,6.53,28.46
2015-11-10,6.73,29.56
2015-11-11,6.76,30.62
2015-11-12,6.67,29.67
2015-11-13,7.44,29.65
2015-11-14,6.42,29.75
2015-11-15,5.96,30.02
2015-11-16,6.94,29.89
2015-11-17,6.84,30.14
2015-11-18,6.59,29.95
2015-11-19,6.35,29.98
2015-11-20,6.57,29.94
2015-11-21,6.65,30.50
2015-11-22,7.06,30.14
2015-11-23,6.53,29.99
2015-11-24,6.73,30.25
2015-11-25,6.73,30.30
2015-11-26,6.18,29.92
2015-11-27,6.88,30.86
2015-11-28,7.28,30.76
2015-11-29,6.90,31.47
2015-11-30,7.17,31.69
2015-12-01,6.96,31.42
2015-12-02,6.76,31.36
2015-12-03,6.61,30.67
2015-12-04,6.34,29.79
2015-12-05,6.04,30.44
2015-12-06,6.32,30.46
2015-12-07,6.49,30.85
2015-12-08,7.23,31.47
2015-12-09,7.08,31.77
2015-12-10,6.71,31.36
2015-12-11,7.02,31.06
2015-12-12,6.90,31.38
2015-12-13,7.23,31.67
2015-12-14,6.87,32.04
2015-12-15,5.99,31.52
2015-12-16,6.71,30.94
2015-12-17,6.67,30.99
2015-12-18,6.98,30.42
2015-12-19,6.89,30.50
2015-12-20,7.12,29.97
2015-12-21,6.58,29.76
2015-12-22,6.31,29.17
2015-12-23,5.52,31.68
2015-12-24,5.90,28.50
2015-12-25,4.61,29.89
2015-12-26,5.79,30.91
2015-12-27,5.91,31.38
2015-12-28,4.01,26.75
2015-12-29,4.44,30.36
2015-12-30,5.56,31.58
2015-12-31,6.21,30.64
2016-01-01,5.61,29.52
2016-01-02,5.51,29.41
2016-01-03,5.74,29.89
2016-01-04,5.43,30.14
2016-01-05,5.95,30.81
2016-01-06,5.81,30.57
2016-01-07,3.85,27.82
2016-01-08,2.83,26.59
2016-01-09,3.86,28.45
2016-01-10,4.56,27.58
2016-01-11,4.55,29.89
2016-01-12,5.45,31.08
2016-01-13,3.76,28.01
2016-01-14,4.24,28.68
2016-01-15,3.05,27.84
2016-01-16,4.87,29.61
2016-01-17,4.01,29.31
2016-01-18,3.91,27.41
2016-01-19,2.52,27.41
2016-01-20,3.64,28.48
2016-01-21,4.23,26.43
2016-01-22,2.65,27.35
2016-01-23,3.62,27.91
2016-01-24,4.42,28.75
2016-01-25,5.42,29.98
2016-01-26,5.34,30.12
2016-01-27,5.33,29.47
2016-01-28,4.99,30.35
2016-01-29,4.31,29.69
2016-01-30,4.98,29.82
2016-01-31,3.60,27.38
2016-02-01,2.82,27.36
2016-02-02,2.95,26.81
2016-02-03,3.49,28.68
2016-02-04,4.26,29.62
2016-02-05,4.46,29.71
2016-02-06,4.49,29.76
2016-02-07,4.56,29.56
2016-02-08,3.31,26.32
2016-02-09,2.97,27.76
2016-02-10,4.18,28.86
2016-02-11,3.61,27.59
2016-02-12,3.65,28.31
2016-02-13,4.43,29.16
2016-02-14,4.11,28.42
2016-02-15,3.71,29.53
2016-02-16,4.33,30.18
2016-02-17,4.81,30.23
2016-02-18,3.39,27.61
2016-02-19,3.52,26.64
2016-02-20,2.70,27.35
2016-02-21,3.79,28.51
2016-02-22,3.23,27.26
2016-02-23,4.08,27.62
2016-02-24,3.84,28.99
2016-02-25,4.75,29.42
2016-02-26,4.70,29.22
2016-02-27,3.76,29.03
2016-02-28,5.19,29.45
2016-02-29,4.35,29.60
2016-03-01,5.01,29.57
2016-03-02,5.24,29.50
2016-03-03,2.71,26.50
2016-03-04,2.44,26.52
2016-03-05,3.52,28.87
2016-03-06,4.42,28.67
2016-03-07,4.22,28.54
2016-03-08,3.98,28.86
2016-03-09,3.94,28.70
2016-03-10,4.32,28.07
2016-03-11,4.04,27.88
2016-03-12,4.03,27.97
2016-03-13,4.21,28.52
2016-03-14,4.09,28.75
2016-03-15,3.40,27.89
2016-03-16,4.11,28.62
2016-03-17,3.08,27.07
2016-03-18,4.02,28.46
2016-03-19,4.05,28.59
2016-03-20,4.48,28.76
2016-03-21,4.28,28.85
2016-03-22,4.56,29.01
2016-03-23,4.31,28.59
2016-03-24,4.27,28.42
2016-03-25,4.62,29.01
2016-03-26,4.54,29.88
2016-03-27,4.47,31.28
2016-03-28,4.69,29.81
2016-03-29,3.70,28.54
2016-03-30,2.55,27.58
2016-03-31,3.15,28.58
2016-04-01,3.53,28.77
2016-04-02,3.19,28.31
2016-04-03,2.12,26.44
2016-04-04,2.32,27.14
2016-04-05,3.48,27.80
2016-04-06,3.18,28.10
2016-04-07,3.62,28.40
2016-04-08,3.50,28.95
2016-04-09,4.42,29.02
2016-04-10,3.89,28.40
2016-04-11,4.04,29.10
2016-04-12,3.61,28.50
2016-04-13,3.51,27.72
2016-04-14,2.90,27.75
2016-04-15,3.33,27.57
2016-04-16,2.93,26.73
2016-04-17,3.81,26.52
2016-04-18,4.28,27.23
2016-04-19,4.58,29.19
2016-04-20,4.90,29.10
2016-04-21,4.19,28.29
2016-04-22,4.17,28.08
2016-04-23,4.67,29.60
2016-04-24,4.54,29.26
2016-04-25,4.72,29.39
2016-04-26,4.84,29.60
2016-04-27,5.09,30.05
2016-04-28,4.35,29.20
2016-04-29,3.81,28.60
2016-04-30,4.48,29.81
2016-05-01,4.61,29.10
2016-05-02,3.77,28.67
2016-05-03,3.54,29.47
2016-05-04,4.02,28.19
2016-05-05,3.70,27.80
2016-05-06,3.72,28.42
2016-05-07,4.20,29.83
2016-05-08,4.45,29.17
2016-05-09,3.79,28.91
2016-05-10,4.03,28.13
2016-05-11,2.60,25.89
2016-05-12,3.41,27.51
2016-05-13,3.29,27.72
2016-05-14,3.93,28.75
2016-05-15,4.26,29.14
2016-05-16,4.70,28.65
2016-05-17,3.48,26.92
2016-05-18,4.05,28.40
2016-05-19,4.39,28.86
2016-05-20,4.32,28.78
2016-05-21,4.17,28.10
2016-05-22,4.24,28.16
2016-05-23,4.10,27.78
2016-05-24,3.28,27.21
2016-05-25,4.18,28.53
2016-05-26,4.31,28.37
2016-05-27,3.72,27.36
2016-05-28,3.92,28.14
2016-05-29,4.62,28.20
2016-05-30,3.27,27.77
2016-05-31,3.77,28.49
2016-06-01,3.65,29.22
2016-06-02,3.89,28.45
2016-06-03,3.26,27.76
2016-06-04,3.60,27.66
2016-06-05,4.38,28.16
2016-06-06,3.15,26.30
2016-06-07,3.60,27.11
2016-06-08,4.20,27.51
2016-06-09,3.59,26.92
2016-06-10,3.63,27.06
2016-06-11,3.35,27.60
2016-06-12,3.55,27.64
2016-06-13,3.58,27.29
2016-06-14,4.73,27.87
2016-06-15,4.21,28.06
2016-06-16,4.12,28.51
2016-06-17,4.31,27.30
2016-06-18,4.46,28.37
2016-06-19,4.75,27.69
2016-06-20,4.47,27.40
2016-06-21,3.83,28.40
2016-06-22,4.70,27.44
2016-06-23,3.92,27.24
2016-06-24,4.39,27.82
2016-06-25,5.09,28.57
2016-06-26,4.18,26.96
2016-06-27,4.93,26.85
2016-06-28,5.15,27.73
2016-06-29,4.97,28.05
2016-06-30,5.54,28.07
2016-07-01,5.19,28.22
2016-07-02,4.85,27.64
2016-07-03,4.90,27.82
2016-07-04,5.15,28.03
2016-07-05,4.97,28.38
2016-07-06,5.05,27.45
2016-07-07,4.07,27.79
2016-07-08,4.86,28.38
2016-07-09,4.94,28.79
2016-07-10,4.99,28.76
2016-07-11,4.82,28.19
2016-07-12,4.95,27.60
2016-07-13,4.17,27.95
2016-07-14,5.05,28.83
2016-07-15,5.43,28.91
2016-07-16,4.73,27.48
2016-07-17,4.17,26.88
2016-07-18,4.26,26.77
2016-07-19,4.28,27.61
2016-07-20,4.90,27.85
2016-07-21,4.20,27.34
2016-07-22,4.41,27.18
2016-07-23,4.01,27.66
2016-07-24,4.99,27.72
2016-07-25,5.87,28.53
2016-07-26,4.73,27.51
2016-07-27,4.43,27.52
2016-07-28,5.57,28.15
2016-07-29,5.82,28.95
2016-07-30,4.96,28.10
2016-07-31,5.97,28.26
2016-08-01,4.95,27.66
2016-08-02,4.57,27.88
2016-08-03,5.59,28.69
2016-08-04,4.84,28.55
2016-08-05,4.93,28.20
2016-08-06,5.77,28.19
2016-08-07,4.88,27.15
2016-08-08,5.21,27.61
2016-08-09,4.75,27.72
2016-08-10,4.71,27.61
2016-08-11,5.50,27.46
2016-08-12,5.18,27.35
2016-08-13,4.90,26.88
2016-08-14,5.26,27.57
2016-08-15,5.32,27.60
2016-08-16,5.94,27.54
2016-08-17,5.43,27.37
2016-08-18,5.22,26.64
2016-08-19,4.88,27.03
2016-08-20,4.27,27.12
2016-08-21,4.51,27.52
2016-08-22,4.64,26.52
2016-08-23,5.44,28.24
2016-08-24,5.58,28.42
2016-08-25,4.95,27.89
2016-08-26,5.03,28.45
2016-08-27,5.84,28.51
2016-08-28,5.75,27.59
2016-08-29,5.10,27.59
2016-08-30,6.12,28.94
2016-08-31,5.35,28.41
2016-09-01,6.00,28.98
2016-09-02,5.38,28.21
2016-09-03,5.90,28.66
2016-09-04,5.85,28.94
2016-09-05,5.78,28.96
2016-09-06,5.22,28.50
2016-09-07,5.68,28.97
2016-09-08,5.81,28.86
2016-09-09,5.80,28.01
2016-09-10,5.70,27.56
2016-09-11,5.65,27.85
2016-09-12,5.35,28.58
2016-09-13,6.29,28.92
2016-09-14,5.66,28.20
2016-09-15,5.86,28.16
2016-09-16,5.20,27.68
2016-09-17,5.63,28.77
2016-09-18,5.89,27.69
2016-09-19,5.65,27.86
2016-09-20,5.39,27.55
2016-09-21,5.56,27.94
2016-09-22,5.30,27.60
2016-09-23,5.37,27.70
2016-09-24,4.94,27.70
2016-09-25,5.34,27.78
2016-09-26,6.02,27.53
2016-09-27,4.62,27.12
2016-09-28,5.00,27.80
2016-09-29,5.77,28.23
2016-09-30,5.37,27.53
2016-10-01,5.14,28.20
2016-10-02,5.89,29.29
2016-10-03,5.05,28.58
2016-10-04,5.07,28.51
2016-10-05,5.40,28.58
2016-10-06,5.08,27.05
2016-10-07,4.35,27.18
2016-10-08,5.30,27.35
2016-10-09,4.88,27.55
2016-10-10,6.03,29.30
2016-10-11,5.47,28.90
2016-10-12,5.60,28.22
2016-10-13,5.45,27.90
2016-10-14,5.56,29.03
2016-10-15,5.60,29.69
2016-10-16,5.48,28.81
2016-10-17,5.25,28.55
2016-10-18,5.34,27.78
2016-10-19,7.39,30.47
2016-10-20,5.71,28.05
2016-10-21,5.13,28.30
2016-10-22,5.82,28.61
2016-10-23,5.98,28.81
2016-10-24,6.05,28.39
2016-10-25,5.68,28.53
2016-10-26,6.03,29.48
2016-10-27,5.78,28.55
2016-10-28,6.03,28.16
2016-10-29,5.57,28.17
2016-10-30,5.30,28.83
2016-10-31,6.07,29.46
2016-11-01,5.92,29.30
2016-11-02,5.57,29.52
2016-11-03,5.51,29.60
2016-11-04,6.34,31.08
2016-11-05,6.51,30.75
2016-11-06,6.84,31.19
2016-11-07,6.44,31.17
2016-11-08,6.88,30.66
2016-11-09,6.94,30.67
2016-11-10,6.73,30.12
2016-11-11,7.18,30.13
2016-11-12,6.98,30.05
2016-11-13,6.11,30.18
2016-11-14,6.97,31.00
2016-11-15,7.15,30.02
2016-11-16,7.16,30.24
2016-11-17,7.21,30.64
2016-11-18,6.99,30.59
2016-11-19,6.91,29.93
2016-11-20,6.63,29.67
2016-11-21,6.73,30.38
2016-11-22,7.20,30.92
2016-11-23,6.84,30.49
2016-11-24,6.72,30.77
2016-11-25,6.61,30.79
2016-11-26,6.03,30.21
2016-11-27,6.05,30.74
2016-11-28,6.16,30.83
2016-11-29,6.46,30.53
2016-11-30,7.23,30.45
2016-12-01,7.15,30.24
2016-12-02,6.47,30.62
2016-12-03,7.30,31.12
2016-12-04,7.04,30.54
2016-12-05,6.76,30.60
2016-12-06,7.14,30.75
2016-12-07,5.72,30.15
2016-12-08,5.83,30.08
2016-12-09,6.79,31.27
2016-12-10,6.79,30.87
2016-12-11,6.69,31.09
2016-12-12,7.06,30.50
2016-12-13,6.91,29.66
2016-12-14,6.75,30.61
2016-12-15,6.36,30.39
2016-12-16,5.26,31.46
2016-12-17,6.68,31.39
2016-12-18,6.22,30.84
2016-12-19,5.55,31.06
2016-12-20,5.69,31.60
2016-12-21,5.54,30.68
2016-12-22,5.08,29.42
2016-12-23,5.80,31.66
2016-12-24,5.64,31.04
2016-12-25,5.68,31.24
2016-12-26,5.96,31.15
2016-12-27,5.96,32.79
2016-12-28,5.28,31.20
2016-12-29,5.72,30.74
2016-12-30,5.58,32.52
2016-12-31,6.24,32.02
2017-01-01,6.03,32.75
2017-01-02,5.93,32.43
2017-01-03,6.19,30.58
2017-01-04,6.69,31.23
2017-01-05,5.93,31.55
2017-01-06,5.39,31.13
2017-01-07,6.77,30.73
2017-01-08,7.05,30.92
2017-01-09,6.23,30.52
2017-01-10,6.07,29.42
2017-01-11,5.15,29.62
2017-01-12,6.84,30.92
2017-01-13,7.02,30.53
2017-01-14,5.70,29.52
2017-01-15,6.18,29.86
2017-01-16,6.99,30.48
2017-01-17,5.56,29.86
2017-01-18,5.98,30.81
2017-01-19,6.43,31.67
2017-01-20,5.38,29.19
2017-01-21,6.08,31.38
2017-01-22,5.24,29.70
2017-01-23,4.63,29.79
2017-01-24,6.36,31.37
2017-01-25,6.12,31.27
2017-01-26,6.54,30.58
2017-01-27,6.63,30.51
2017-01-28,3.68,28.28
2017-01-29,6.04,30.99
2017-01-30,6.13,31.69
2017-01-31,5.17,30.70
2017-02-01,5.93,30.64
2017-02-02,6.37,30.82
2017-02-03,6.75,30.75
2017-02-04,6.10,30.27
2017-02-05,6.28,30.65
2017-02-06,6.01,30.88
2017-02-07,5.99,30.22
2017-02-08,6.34,30.35
2017-02-09,6.57,30.52
2017-02-10,5.98,29.81
2017-02-11,4.55,29.03
2017-02-12,3.71,24.01
2017-02-13,3.39,28.32
2017-02-14,4.51,29.46
2017-02-15,5.94,31.29
2017-02-16,5.28,29.51
2017-02-17,4.72,29.43
2017-02-18,2.83,27.19
2017-02-19,3.78,28.38
2017-02-20,3.30,28.12
2017-02-21,4.82,29.68
2017-02-22,5.01,29.08
2017-02-23,4.95,29.06
2017-02-24,4.39,28.94
2017-02-25,4.25,28.73
2017-02-26,4.23,29.20
2017-02-27,3.97,28.79
2017-02-28,3.58,27.31
2017-03-01,3.73,28.63
2017-03-02,2.79,26.88
2017-03-03,4.23,29.09
2017-03-04,3.75,28.27
2017-03-05,4.26,28.30
2017-03-06,3.72,28.07
2017-03-07,3.38,27.39
2017-03-08,3.58,28.66
2017-03-09,3.19,27.61
2017-03-10,3.86,28.89
2017-03-11,3.30,28.25
2017-03-12,3.62,27.67
2017-03-13,3.10,27.35
2017-03-14,3.62,28.38
2017-03-15,2.87,27.51
2017-03-16,3.03,27.24
2017-03-17,3.45,27.79
2017-03-18,3.34,27.36
2017-03-19,3.80,28.14
2017-03-20,4.02,28.37
2017-03-21,3.22,27.37
2017-03-22,2.68,26.24
2017-03-23,2.96,27.31
2017-03-24,3.19,27.21
2017-03-25,3.31,27.22
2017-03-26,3.37,27.62
2017-03-27,3.30,27.96
2017-03-28,3.75,27.76
2017-03-29,2.94,27.33
2017-03-30,2.76,27.32
2017-03-31,2.54,27.08
2017-04-01,3.59,27.32
2017-04-02,2.71,27.64
2017-04-03,3.67,28.84
2017-04-04,3.89,28.21
2017-04-05,3.06,27.08
2017-04-06,3.44,28.23
2017-04-07,3.86,28.16
2017-04-08,3.51,28.51
2017-04-09,3.17,28.06
2017-04-10,2.61,27.13
2017-04-11,2.63,27.00
2017-04-12,2.95,27.99
2017-04-13,2.46,26.55
2017-04-14,3.67,28.25
2017-04-15,3.56,27.93
2017-04-16,3.77,28.31
2017-04-17,3.77,28.02
2017-04-18,3.58,28.51
2017-04-19,3.35,28.31
2017-04-20,3.95,28.51
2017-04-21,3.62,28.25
2017-04-22,3.92,28.98
2017-04-23,2.21,26.48
2017-04-24,2.86,27.10
2017-04-25,3.72,27.87
2017-04-26,3.26,28.26
2017-04-27,3.53,27.92
2017-04-28,2.61,26.36
2017-04-29,2.61,27.27
2017-04-30,3.06,26.15
2017-05-01,3.49,27.40
2017-05-02,3.54,27.01
2017-05-03,3.48,28.01
2017-05-04,3.57,26.83
2017-05-05,3.18,27.54
2017-05-06,3.20,27.62
2017-05-07,2.62,26.71
2017-05-08,3.17,26.27
2017-05-09,2.44,26.31
2017-05-10,3.42,27.84
2017-05-11,3.55,27.88
2017-05-12,3.69,28.65
2017-05-13,2.84,27.88
2017-05-14,3.59,28.07
2017-05-15,3.64,27.72
2017-05-16,3.58,27.54
2017-05-17,3.89,28.04
2017-05-18,4.12,28.29
2017-05-19,4.32,28.06
2017-05-20,4.25,28.43
2017-05-21,4.17,28.23
2017-05-22,4.04,27.24
2017-05-23,3.92,27.60
2017-05-24,3.33,27.31
2017-05-25,3.48,27.69
2017-05-26,3.09,27.60
2017-05-27,3.08,28.13
2017-05-28,3.05,27.50
2017-05-29,2.07,25.73
2017-05-30,3.80,26.53
2017-05-31,3.44,27.08
2017-06-01,3.16,27.20
2017-06-02,3.41,27.42
2017-06-03,3.40,27.62
2017-06-04,4.19,27.64
2017-06-05,3.58,26.80
2017-06-06,3.73,27.50
2017-06-07,4.05,27.41
2017-06-08,3.85,28.02
2017-06-09,3.94,28.38
2017-06-10,4.63,27.87
2017-06-11,4.28,28.19
2017-06-12,3.88,28.68
2017-06-13,4.46,27.91
2017-06-14,3.91,28.20
2017-06-15,3.18,26.70
2017-06-16,3.07,27.46
2017-06-17,3.87,28.52
2017-06-18,3.42,27.39
2017-06-19,3.40,27.84
2017-06-20,4.05,28.06
2017-06-21,4.47,27.97
2017-06-22,3.93,28.57
2017-06-23,3.95,26.53
2017-06-24,2.65,27.12
2017-06-25,4.40,26.73
2017-06-26,3.60,28.51
2017-06-27,4.59,28.90
2017-06-28,4.21,27.43
2017-06-29,2.92,25.92
2017-06-30,2.25,25.42
2017-07-01,3.08,26.05
2017-07-02,3.15,27.98
2017-07-03,4.65,27.70
2017-07-04,4.43,27.66
2017-07-05,4.07,27.55
2017-07-06,3.20,26.81
2017-07-07,3.30,28.40
2017-07-08,4.13,27.68
2017-07-09,4.62,27.77
2017-07-10,4.30,27.04
2017-07-11,3.34,24.38
2017-07-12,4.54,26.48
2017-07-13,4.82,26.85
2017-07-14,4.74,27.67
2017-07-15,4.38,27.19
2017-07-16,5.16,28.29
2017-07-17,4.38,27.61
2017-07-18,3.68,26.44
2017-07-19,4.93,27.70
2017-07-20,3.23,26.40
2017-07-21,2.72,24.96
2017-07-22,3.67,25.55
2017-07-23,3.62,26.11
2017-07-24,4.27,27.11
2017-07-25,4.26,26.25
2017-07-26,4.40,26.65
2017-07-27,3.99,26.55
2017-07-28,4.70,26.06
2017-07-29,4.46,26.37
2017-07-30,4.90,25.87
2017-07-31,4.50,25.69
2017-08-01,4.63,27.48
2017-08-02,4.86,27.98
2017-08-03,4.59,27.95
2017-08-04,4.65,27.03
2017-08-05,4.31,27.32
2017-08-06,4.37,27.42
2017-08-07,5.87,27.70
2017-08-08,5.26,27.83
2017-08-09,4.60,27.83
2017-08-10,5.08,28.01
2017-08-11,5.31,27.96
2017-08-12,5.24,28.20
2017-08-13,4.72,28.42
2017-08-14,4.80,27.71
2017-08-15,4.97,27.01
2017-08-16,4.25,27.27
2017-08-17,5.67,27.72
2017-08-18,4.45,28.18
2017-08-19,4.53,26.45
2017-08-20,4.53,26.65
2017-08-21,4.54,27.94
2017-08-22,5.35,28.56
2017-08-23,5.32,27.35
2017-08-24,4.78,27.75
2017-08-25,4.23,26.94
2017-08-26,4.75,28.42
2017-08-27,5.33,28.27
2017-08-28,5.74,28.59
2017-08-29,5.46,28.08
2017-08-30,5.42,28.51
2017-08-31,5.57,28.66
2017-09-01,5.70,28.51
2017-09-02,5.00,28.68
2017-09-03,5.38,28.34
2017-09-04,5.79,27.79
2017-09-05,4.87,27.50
2017-09-06,5.15,27.48
2017-09-07,4.98,27.90
2017-09-08,4.93,27.36
2017-09-09,5.93,28.06
2017-09-10,5.70,28.20
2017-09-11,4.97,28.22
2017-09-12,5.72,28.76
2017-09-13,6.06,28.55
2017-09-14,6.53,28.74
2017-09-15,5.86,27.37
2017-09-16,5.72,26.77
2017-09-17,5.46,28.35
2017-09-18,6.00,28.98
2017-09-19,6.32,28.77
2017-09-20,4.92,28.26
2017-09-21,5.60,28.00
2017-09-22,4.63,27.62
2017-09-23,5.11,28.02
2017-09-24,5.88,29.00
2017-09-25,5.88,28.49
2017-09-26,6.22,28.70
2017-09-27,5.43,28.70
2017-09-28,5.78,28.20
2017-09-29,5.54,28.59
2017-09-30,4.75,28.38
2017-10-01,5.28,28.54
2017-10-02,5.14,27.90
2017-10-03,4.70,28.02
2017-10-04,5.48,29.00
2017-10-05,5.70,28.27
2017-10-06,5.43,28.61
2017-10-07,5.60,28.46
2017-10-08,5.71,28.68
2017-10-09,5.80,28.40
2017-10-10,5.82,27.62
2017-10-11,5.67,27.65
2017-10-12,4.95,29.05
2017-10-13,5.93,28.76
2017-10-14,5.64,27.63
2017-10-15,5.67,27.67
2017-10-16,5.31,27.77
2017-10-17,6.16,28.60
2017-10-18,5.42,27.83
2017-10-19,5.42,28.89
2017-10-20,5.05,28.02
2017-10-21,5.65,28.75
2017-10-22,5.50,28.78
2017-10-23,5.47,28.32
2017-10-24,5.66,29.23
2017-10-25,5.70,29.51
2017-10-26,4.96,28.97
2017-10-27,5.53,28.57
2017-10-28,4.53,27.93
2017-10-29,5.71,28.57
2017-10-30,5.40,28.00
2017-10-31,5.09,27.45
2017-11-01,4.93,27.51
2017-11-02,5.62,28.20
2017-11-03,6.09,28.60
2017-11-04,5.51,28.50
2017-11-05,5.62,28.42
2017-11-06,6.03,27.68
2017-11-07,5.32,27.47
2017-11-08,5.45,27.19
2017-11-09,5.09,26.71
2017-11-10,5.11,27.18
2017-11-11,5.35,27.33
2017-11-12,5.07,27.27
2017-11-13,5.61,27.57
2017-11-14,5.43,27.92
2017-11-15,5.72,27.95
2017-11-16,5.35,28.00
2017-11-17,5.22,27.52
2017-11-18,5.49,27.48
2017-11-19,5.37,27.34
2017-11-20,4.95,28.11
2017-11-21,5.44,28.19
2017-11-22,5.49,27.92
2017-11-23,4.65,27.63
2017-11-24,5.18,28.19
2017-11-25,5.45,28.42
2017-11-26,5.24,28.25
2017-11-27,5.66,28.35
2017-11-28,5.53,27.95
2017-11-29,5.19,27.71
2017-11-30,5.57,27.55
2017-12-01,5.41,27.76
2017-12-02,5.02,27.72
2017-12-03,4.70,28.37
2017-12-04,5.19,28.77
2017-12-05,5.13,28.45
2017-12-06,5.32,28.43
2017-12-07,4.96,27.64
2017-12-08,4.40,27.64
2017-12-09,4.54,27.97
2017-12-10,4.38,27.75
2017-12-11,4.78,28.05
2017-12-12,5.25,28.39
2017-12-13,5.41,27.73
2017-12-14,4.35,27.49
2017-12-15,4.60,27.89
2017-12-16,5.32,28.09
2017-12-17,4.95,27.99
2017-12-18,5.04,28.49
2017-12-19,4.97,28.80
2017-12-20,5.19,28.48
2017-12-21,4.82,28.28
2017-12-22,4.50,28.16
2017-12-23,5.33,28.27
2017-12-24,5.09,28.27
2017-12-25,4.63,28.31
2017-12-26,5.20,28.70
2017-12-27,5.48,28.98
2017-12-28,4.97,28.34
2017-12-29,5.29,28.80
2017-12-30,5.01,28.40
2017-12-31,5.45,28.50
2018-01-01,4.77,28.52
2018-01-02,4.83,27.94
2018-01-03,4.31,28.17
2018-01-04,4.39,28.36
2018-01-05,4.11,27.95
2018-01-06,4.70,28.07
2018-01-07,4.88,27.90
2018-01-08,4.79,27.97
2018-01-09,4.62,28.38
2018-01-10,4.60,27.72
2018-01-11,4.69,28.02
2018-01-12,4.80,28.08
2018-01-13,5.16,28.62
2018-01-14,4.73,28.65
2018-01-15,4.83,27.73
2018-01-16,4.93,29.19
2018-01-17,6.31,29.61
2018-01-18,5.94,29.12
2018-01-19,3.67,27.78
2018-01-20,3.41,27.55
2018-01-21,4.39,29.19
2018-01-22,5.45,29.30
2018-01-23,5.36,28.50
2018-01-24,3.60,28.12
2018-01-25,3.96,28.00
2018-01-26,4.42,28.45
2018-01-27,4.56,27.94
2018-01-28,4.53,28.41
2018-01-29,4.51,28.21
2018-01-30,4.97,28.27
2018-01-31,5.05,29.31
2018-02-01,4.67,29.28
2018-02-02,4.79,29.24
2018-02-03,5.12,29.11
2018-02-04,4.16,28.59
2018-02-05,4.97,29.23
2018-02-06,4.82,29.21
2018-02-07,4.63,29.22
2018-02-08,5.21,28.92
2018-02-09,4.07,27.79
2018-02-10,2.60,26.43
2018-02-11,2.73,27.44
2018-02-12,3.99,27.96
2018-02-13,3.09,27.73
2018-02-14,2.42,25.10
2018-02-15,2.87,24.84
2018-02-16,3.06,25.88
2018-02-17,2.01,24.23
2018-02-18,3.40,26.13
2018-02-19,3.92,27.25
2018-02-20,4.35,27.85
2018-02-21,3.72,27.60
2018-02-22,2.56,25.81
2018-02-23,2.63,25.63
2018-02-24,3.25,27.22
2018-02-25,3.42,27.45
2018-02-26,3.98,27.54
2018-02-27,3.61,27.90
2018-02-28,2.88,26.63
2018-03-01,2.34,24.41
2018-03-02,2.60,26.23
2018-03-03,3.19,26.97
2018-03-04,3.96,27.67
2018-03-05,3.03,27.07
2018-03-06,3.48,27.78
2018-03-07,5.42,29.91
2018-03-08,3.70,27.68
2018-03-09,3.73,27.94
2018-03-10,3.96,27.98
2018-03-11,4.09,28.08
2018-03-12,3.78,27.90
2018-03-13,3.80,28.33
2018-03-14,4.59,28.31
2018-03-15,4.74,28.96
2018-03-16,4.54,29.22
2018-03-17,4.23,30.12
2018-03-18,5.37,30.04
2018-03-19,4.48,28.17
2018-03-20,4.32,28.03
2018-03-21,4.00,28.02
2018-03-22,4.67,28.49
2018-03-23,4.37,28.10
2018-03-24,3.97,28.04
2018-03-25,3.18,27.47
2018-03-26,2.85,27.31
2018-03-27,4.34,29.91
2018-03-28,4.26,28.67
2018-03-29,2.42,25.66
2018-03-30,2.74,26.75
2018-03-31,3.07,27.66
2018-04-01,3.41,27.31
2018-04-02,2.00,25.83
2018-04-03,3.04,27.35
2018-04-04,3.41,27.88
2018-04-05,3.68,27.55
2018-04-06,3.48,27.60
2018-04-07,2.75,27.14
2018-04-08,2.47,26.71
2018-04-09,3.26,27.51
2018-04-10,2.78,28.80
2018-04-11,0.60,25.70
2018-04-12,3.13,27.40
2018-04-13,3.12,26.42
2018-04-14,3.45,29.40
2018-04-15,3.30,28.93
2018-04-16,2.87,28.20
2018-04-17,,
2018-04-18,4.34,28.61
2018-04-19,3.72,29.30
2018-04-20,3.35,27.96
2018-04-21,3.25,28.06
2018-04-22,3.39,27.43
2018-04-23,3.41,27.16
2018-04-24,2.79,26.78
2018-04-25,3.15,26.42
2018-04-26,3.07,26.12
2018-04-27,3.71,28.91
2018-04-28,3.34,27.02
2018-04-29,2.92,26.43
2018-04-30,2.44,26.17
2018-05-01,3.01,26.99
2018-05-02,3.00,27.14
2018-05-03,2.67,26.78
2018-05-04,3.36,26.93
2018-05-05,3.16,26.56
2018-05-06,3.43,26.77
2018-05-07,3.23,26.86
2018-05-08,3.15,28.53
2018-05-09,3.11,27.18
2018-05-10,2.10,26.73
2018-05-11,3.63,27.95
2018-05-12,3.32,27.79
2018-05-13,3.01,26.64
2018-05-14,3.76,27.55
2018-05-15,3.26,26.76
2018-05-16,3.42,26.93
2018-05-17,2.58,25.28
2018-05-18,2.46,25.58
2018-05-19,3.09,26.56
2018-05-20,2.62,26.20
2018-05-21,2.71,26.90
2018-05-22,3.49,27.01
2018-05-23,3.30,26.80
2018-05-24,2.48,26.12
2018-05-25,2.64,26.11
2018-05-26,2.85,27.11
2018-05-27,3.44,27.23
2018-05-28,3.43,26.45
2018-05-29,3.38,26.79
2018-05-30,3.62,26.62
2018-05-31,3.67,26.20
2018-06-01,3.65,26.91
2018-06-02,3.62,26.70
2018-06-03,2.70,24.90
2018-06-04,3.39,26.05
2018-06-05,3.24,26.01
2018-06-06,3.35,26.48
2018-06-07,2.22,25.56
2018-06-08,3.15,26.35
2018-06-09,3.46,26.17
2018-06-10,3.82,25.88
2018-06-11,3.62,26.32
2018-06-12,3.95,26.05
2018-06-13,4.27,25.92
2018-06-14,3.58,25.83
2018-06-15,3.60,26.22
2018-06-16,3.65,26.52
2018-06-17,3.47,25.79
2018-06-18,2.93,25.83
2018-06-19,3.73,26.80
2018-06-20,3.91,26.83
2018-06-21,3.95,26.74
2018-06-22,4.07,26.60
2018-06-23,4.71,26.07
2018-06-24,3.72,26.64
2018-06-25,4.44,26.95
2018-06-26,4.08,26.57
2018-06-27,3.60,27.12
2018-06-28,4.84,27.51
2018-06-29,4.32,27.00
2018-06-30,3.23,25.78
2018-07-01,3.42,27.10
2018-07-02,3.40,27.13
2018-07-03,3.54,27.56
2018-07-04,4.35,27.55
2018-07-05,3.12,27.43
2018-07-06,3.97,24.70
2018-07-07,3.82,25.08
2018-07-08,4.18,26.59
2018-07-09,4.54,27.01
2018-07-10,3.17,24.77
2018-07-11,3.28,25.39
2018-07-12,4.00,25.80
2018-07-13,4.16,25.84
2018-07-14,3.90,26.19
2018-07-15,3.69,26.54
2018-07-16,4.20,26.60
2018-07-17,4.20,26.45
2018-07-18,3.81,25.80
2018-07-19,4.65,25.89
2018-07-20,4.06,25.40
2018-07-21,4.25,26.40
2018-07-22,4.35,27.27
2018-07-23,5.52,27.18
2018-07-24,4.38,26.95
2018-07-25,4.41,27.12
2018-07-26,4.33,27.70
2018-07-27,4.75,27.35
2018-07-28,5.52,27.79
2018-07-29,5.09,26.91
2018-07-30,5.20,26.92
2018-07-31,4.45,26.29
2018-08-01,4.29,27.19
2018-08-02,3.95,27.25
2018-08-03,4.43,26.83
2018-08-04,4.58,26.85
2018-08-05,4.71,27.35
2018-08-06,4.38,27.55
2018-08-07,4.75,27.18
2018-08-08,4.76,27.52
2018-08-09,5.16,26.43
2018-08-10,4.73,26.91
2018-08-11,4.52,26.51
2018-08-12,4.56,26.54
2018-08-13,4.03,26.20
2018-08-14,4.67,26.90
2018-08-15,4.89,27.76
2018-08-16,5.04,28.02
2018-08-17,5.21,28.05
2018-08-18,5.28,27.50
2018-08-19,4.94,27.32
2018-08-20,5.08,28.00
2018-08-21,4.74,27.52
2018-08-22,4.93,27.65
2018-08-23,4.92,27.63
2018-08-24,5.45,28.65
2018-08-25,5.30,28.75
2018-08-26,5.25,28.49
2018-08-27,4.86,27.83
2018-08-28,4.63,27.92
2018-08-29,4.42,27.96
2018-08-30,4.69,27.55
2018-08-31,5.44,27.72
2018-09-01,5.07,27.65
2018-09-02,5.48,27.64
2018-09-03,5.24,28.51
2018-09-04,5.45,27.32
2018-09-05,5.15,26.61
2018-09-06,4.45,27.22
2018-09-07,5.28,27.89
2018-09-08,4.28,27.58
2018-09-09,5.03,28.35
2018-09-10,5.82,27.84
2018-09-11,6.03,27.51
2018-09-12,5.77,28.23
2018-09-13,5.84,28.18
2018-09-14,5.82,28.04
2018-09-15,4.70,27.82
2018-09-16,5.03,28.06
2018-09-17,4.52,28.57
2018-09-18,4.92,28.50
2018-09-19,4.78,27.80
2018-09-20,5.54,28.33
2018-09-21,4.93,28.58
2018-09-22,4.70,26.67
2018-09-23,4.95,26.88
2018-09-24,5.09,27.97
2018-09-25,5.34,27.92
2018-09-26,5.52,29.10
2018-09-27,5.71,28.54
2018-09-28,4.95,28.04
2018-09-29,4.84,27.95
2018-09-30,5.26,27.98
2018-10-01,5.10,28.50
2018-10-02,5.42,27.52
2018-10-03,5.38,27.45
2018-10-04,5.11,27.03
2018-10-05,5.10,27.23
2018-10-06,4.83,27.83
2018-10-07,5.26,29.04
2018-10-08,5.48,28.72
2018-10-09,5.50,28.77
2018-10-10,5.72,28.66
2018-10-11,5.46,27.84
2018-10-12,5.32,27.64
2018-10-13,5.43,27.52
2018-10-14,4.75,27.25
2018-10-15,4.47,26.97
2018-10-16,4.45,27.65
2018-10-17,4.72,27.06
2018-10-18,5.04,27.39
2018-10-19,4.94,27.14
2018-10-20,4.80,26.85
2018-10-21,4.64,27.05
2018-10-22,4.86,27.98
2018-10-23,5.45,28.67
2018-10-24,5.53,28.35
2018-10-25,5.35,28.42
2018-10-26,5.18,28.30
2018-10-27,5.56,27.63
2018-10-28,4.65,26.96
2018-10-29,4.11,26.70
2018-10-30,5.53,28.41
2018-10-31,5.90,28.32
2018-11-01,5.10,27.88
2018-11-02,5.11,27.66
2018-11-03,5.20,28.03
2018-11-04,5.22,28.17
2018-11-05,5.02,27.59
2018-11-06,5.39,28.02
2018-11-07,5.75,28.46
2018-11-08,5.00,28.22
2018-11-09,5.09,28.67
2018-11-10,5.39,29.08
2018-11-11,5.31,28.35
2018-11-12,5.26,28.56
2018-11-13,5.55,29.11
2018-11-14,5.71,28.49
2018-11-15,5.63,27.84
2018-11-16,5.14,28.03
2018-11-17,5.46,29.16
2018-11-18,5.75,29.95
2018-11-19,5.23,28.97
2018-11-20,5.89,28.51
2018-11-21,5.93,29.65
2018-11-22,5.87,30.08
2018-11-23,5.70,29.00
2018-11-24,4.98,28.81
2018-11-25,4.98,28.62
2018-11-26,5.28,28.98
2018-11-27,5.66,29.39
2018-11-28,5.42,30.56
2018-11-29,5.66,29.18
2018-11-30,4.92,28.63
2018-12-01,4.92,28.62
2018-12-02,4.90,28.75
2018-12-03,4.39,28.29
2018-12-04,4.57,28.26
2018-12-05,3.75,27.86
2018-12-06,3.81,28.00
2018-12-07,4.39,27.75
2018-12-08,3.95,27.73
2018-12-09,4.61,28.41
2018-12-10,3.55,27.88
2018-12-11,4.65,28.80
2018-12-12,4.93,29.34
2018-12-13,4.94,28.48
2018-12-14,4.88,28.73
2018-12-15,5.39,30.00
2018-12-16,5.31,29.17
2018-12-17,4.72,27.90
2018-12-18,5.02,28.99
2018-12-19,5.26,28.62
2018-12-20,4.93,28.87
2018-12-21,5.65,28.65
2018-12-22,5.39,28.84
2018-12-23,3.50,26.83
2018-12-24,,
2018-12-25,,
2018-12-26,,
2018-12-27,,
2018-12-28,,
2018-12-29,,
2018-12-30,,
2018-12-31,,
2019-01-01,,
2019-01-02,,
2019-01-03,,
2019-01-04,,
2019-01-05,,
2019-01-06,,
2019-01-07,,
2019-01-08,,
2019-01-09,,
2019-01-10,,
2019-01-11,,
2019-01-12,,
2019-01-13,,
2019-01-14,,
2019-01-15,,
2019-01-16,,
2019-01-17,,
2019-01-18,,
2019-01-19,,
2019-01-20,,
2019-01-21,,
2019-01-22,,
2019-01-23,,
2019-01-24,,
2019-01-25,,
2019-01-26,,
2019-01-27,,
2019-01-28,,
2019-01-29,,
2019-01-30,,
2019-01-31,,
2019-02-01,,
2019-02-02,,
2019-02-03,,
2019-02-04,,
2019-02-05,,
2019-02-06,,
2019-02-07,,
2019-02-08,,
2019-02-09,,
2019-02-10,,
2019-02-11,,
2019-02-12,,
2019-02-13,,
2019-02-14,,
2019-02-15,,
2019-02-16,,
2019-02-17,,
2019-02-18,,
2019-02-19,,
2019-02-20,,
2019-02-21,,
2019-02-22,,
2019-02-23,,
2019-02-24,,
2019-02-25,,
2019-02-26,,
2019-02-27,,
2019-02-28,4.61,30.43
2019-03-01,3.05,27.86
2019-03-02,2.81,27.75
2019-03-03,2.61,25.47
2019-03-04,2.46,26.92
2019-03-05,3.25,27.68
2019-03-06,2.29,26.64
2019-03-07,3.42,27.48
2019-03-08,2.86,27.41
2019-03-09,3.12,27.09
2019-03-10,3.07,26.52
2019-03-11,3.27,27.65
2019-03-12,3.45,27.42
2019-03-13,1.96,25.25
2019-03-14,1.95,25.88
2019-03-15,2.14,25.54
2019-03-16,2.34,25.73
2019-03-17,1.71,26.65
2019-03-18,2.67,26.82
2019-03-19,2.93,27.35
2019-03-20,2.71,27.69
2019-03-21,2.93,28.55
2019-03-22,2.67,27.42
2019-03-23,1.99,27.05
2019-03-24,2.68,27.14
2019-03-25,2.55,27.53
2019-03-26,2.32,26.84
2019-03-27,2.70,26.74
2019-03-28,2.70,27.05
2019-03-29,2.11,26.75
2019-03-30,2.65,27.23
2019-03-31,1.89,25.92
2019-04-01,2.16,25.54
2019-04-02,2.74,27.35
2019-04-03,2.94,26.98
2019-04-04,2.30,26.45
2019-04-05,1.87,26.42
2019-04-06,1.90,25.81
2019-04-07,2.65,27.07
2019-04-08,2.96,27.46
2019-04-09,3.47,27.56
2019-04-10,2.66,27.29
2019-04-11,2.55,25.05
2019-04-12,2.65,26.21
2019-04-13,2.72,26.72
2019-04-14,2.57,27.02
2019-04-15,2.54,26.68
2019-04-16,2.37,26.62
2019-04-17,2.37,26.77
2019-04-18,2.68,27.09
2019-04-19,2.40,26.64
2019-04-20,2.51,25.99
2019-04-21,2.39,26.95
2019-04-22,2.75,26.73
2019-04-23,2.70,26.90
2019-04-24,2.81,26.72
2019-04-25,2.05,24.95
2019-04-26,2.35,26.85
2019-04-27,2.58,27.12
2019-04-28,2.33,28.08
2019-04-29,2.86,27.83
2019-04-30,2.66,26.23
2019-05-01,2.06,25.41
2019-05-02,3.12,26.92
2019-05-03,3.37,26.61
2019-05-04,3.55,26.46
2019-05-05,3.49,26.42
2019-05-06,2.85,26.05
2019-05-07,2.76,25.41
2019-05-08,2.17,26.49
2019-05-09,3.09,27.42
2019-05-10,3.21,27.62
2019-05-11,3.21,26.96
2019-05-12,3.39,27.52
2019-05-13,2.98,27.17
2019-05-14,2.92,26.96
2019-05-15,3.10,27.10
2019-05-16,2.96,27.09
2019-05-17,3.00,27.29
2019-05-18,3.17,27.75
2019-05-19,2.72,24.90
2019-05-20,2.75,26.10
2019-05-21,3.02,25.63
2019-05-22,2.92,26.67
2019-05-23,3.05,27.04
2019-05-24,2.74,26.88
2019-05-25,3.12,27.66
2019-05-26,3.38,27.46
2019-05-27,3.83,27.54
2019-05-28,3.66,26.80
2019-05-29,3.20,27.58
2019-05-30,3.27,26.64
2019-05-31,3.33,27.67
2019-06-01,3.53,27.05
2019-06-02,3.00,27.41
2019-06-03,3.16,28.04
2019-06-04,2.69,28.03
2019-06-05,3.10,27.89
2019-06-06,3.48,27.88
2019-06-07,3.93,27.92
2019-06-08,3.24,28.17
2019-06-09,3.46,28.61
2019-06-10,4.47,27.86
2019-06-11,3.10,26.64
2019-06-12,3.40,26.46
2019-06-13,2.89,25.38
2019-06-14,3.03,25.33
2019-06-15,3.98,26.83
2019-06-16,2.80,25.95
2019-06-17,2.32,25.25
2019-06-18,2.59,25.14
2019-06-19,2.80,26.70
2019-06-20,3.75,26.45
2019-06-21,4.20,26.81
2019-06-22,4.25,27.25
2019-06-23,4.26,27.89
2019-06-24,3.34,26.97
2019-06-25,3.50,26.73
2019-06-26,4.07,27.05
2019-06-27,3.63,26.17
2019-06-28,3.94,26.82
2019-06-29,3.35,25.35
2019-06-30,3.61,24.33
2019-07-01,3.91,26.64
2019-07-02,3.62,25.71
2019-07-03,3.42,26.57
2019-07-04,3.94,27.08
2019-07-05,4.59,28.05
2019-07-06,4.19,26.20
2019-07-07,3.76,25.98
2019-07-08,3.55,26.94
2019-07-09,3.75,27.40
2019-07-10,3.70,27.13
2019-07-11,4.12,27.76
2019-07-12,4.32,26.23
2019-07-13,4.40,26.65
2019-07-14,3.55,26.47
2019-07-15,4.12,27.47
2019-07-16,3.94,27.23
2019-07-17,3.87,27.60
2019-07-18,4.14,28.10
2019-07-19,4.23,26.20
2019-07-20,3.68,25.80
2019-07-21,3.53,26.41
2019-07-22,3.62,24.87
2019-07-23,3.79,26.36
2019-07-24,3.18,25.95
2019-07-25,4.14,27.04
2019-07-26,3.82,26.94
2019-07-27,3.33,25.73
2019-07-28,3.64,26.28
2019-07-29,3.79,27.49
2019-07-30,4.41,27.13
2019-07-31,3.58,26.28
2019-08-01,3.95,26.60
2019-08-02,3.62,26.35
2019-08-03,4.01,27.42
2019-08-04,4.47,27.38
2019-08-05,4.85,27.02
2019-08-06,3.75,24.34
2019-08-07,4.48,26.62
2019-08-08,4.20,27.12
2019-08-09,4.59,27.26
2019-08-10,4.65,26.65
2019-08-11,5.01,28.44
2019-08-12,5.12,28.00
2019-08-13,4.74,27.54
2019-08-14,3.94,27.19
2019-08-15,4.47,27.50
2019-08-16,4.93,27.95
2019-08-17,4.17,27.40
2019-08-18,4.13,27.10
2019-08-19,4.40,27.06
2019-08-20,4.57,27.95
2019-08-21,4.36,26.89
2019-08-22,4.07,27.84
2019-08-23,4.67,27.89
2019-08-24,4.79,27.21
2019-08-25,5.50,28.49
2019-08-26,5.32,28.13
2019-08-27,5.56,27.76
2019-08-28,4.73,27.88
2019-08-29,4.95,28.06
2019-08-30,4.82,27.30
2019-08-31,4.47,27.88
2019-09-01,5.00,27.35
2019-09-02,4.60,28.08
2019-09-03,4.96,27.69
2019-09-04,4.86,26.68
2019-09-05,4.27,28.12
2019-09-06,4.92,28.19
2019-09-07,4.97,26.90
2019-09-08,5.47,28.42
2019-09-09,4.99,28.03
2019-09-10,4.70,27.43
2019-09-11,4.82,28.10
2019-09-12,4.65,27.10
2019-09-13,4.59,27.59
2019-09-14,5.53,27.56
2019-09-15,5.09,28.84
2019-09-16,5.26,27.96
2019-09-17,5.91,27.47
2019-09-18,5.30,27.68
2019-09-19,5.91,27.83
2019-09-20,5.80,27.56
2019-09-21,5.00,27.12
2019-09-22,5.09,27.45
2019-09-23,5.15,27.81
2019-09-24,4.88,28.86
2019-09-25,5.53,29.21
2019-09-26,5.47,28.50
2019-09-27,5.80,27.49
2019-09-28,5.20,26.77
2019-09-29,4.85,27.05
2019-09-30,5.34,27.10
2019-10-01,5.39,27.00
2019-10-02,4.44,27.15
2019-10-03,5.03,28.17
2019-10-04,5.19,29.20
2019-10-05,5.37,28.25
2019-10-06,5.52,27.69
2019-10-07,5.52,27.48
2019-10-08,5.50,28.12
2019-10-09,5.00,28.16
2019-10-10,5.76,29.12
2019-10-11,5.15,29.60
2019-10-12,5.37,29.14
2019-10-13,5.16,28.51
2019-10-14,5.27,28.08
2019-10-15,6.21,27.94
2019-10-16,5.37,28.38
2019-10-17,5.18,28.70
2019-10-18,5.37,28.14
2019-10-19,4.87,27.67
2019-10-20,5.08,27.66
2019-10-21,4.68,26.91
2019-10-22,4.36,26.80
2019-10-23,3.95,27.04
2019-10-24,4.85,27.93
2019-10-25,4.95,29.01
2019-10-26,5.16,28.11
2019-10-27,5.15,28.45
2019-10-28,5.67,29.22
2019-10-29,5.94,27.65
2019-10-30,5.62,27.97
2019-10-31,5.34,27.87
2019-11-01,4.99,27.89
2019-11-02,5.52,28.27
2019-11-03,5.46,28.22
2019-11-04,5.07,27.78
2019-11-05,5.19,27.82
2019-11-06,5.30,28.09
2019-11-07,4.98,28.68
2019-11-08,5.81,28.91
2019-11-09,6.45,29.06
2019-11-10,5.75,28.60
2019-11-11,5.41,29.47
2019-11-12,5.79,28.95
2019-11-13,5.44,29.17
2019-11-14,5.91,28.42
2019-11-15,5.02,28.17
2019-11-16,5.34,27.59
2019-11-17,4.83,27.80
2019-11-18,4.96,28.60
2019-11-19,5.70,28.49
2019-11-20,4.55,28.27
2019-11-21,5.71,28.31
2019-11-22,5.14,28.25
2019-11-23,4.60,28.02
2019-11-24,5.14,28.03
2019-11-25,4.59,28.18
2019-11-26,4.95,28.25
2019-11-27,5.13,28.33
2019-11-28,5.53,28.17
2019-11-29,4.92,27.87
2019-11-30,4.75,28.15
2019-12-01,4.93,27.92
2019-12-02,4.61,27.68
2019-12-03,4.75,27.75
2019-12-04,5.40,28.07
2019-12-05,4.50,27.67
2019-12-06,4.22,27.20
2019-12-07,4.66,27.34
2019-12-08,4.54,28.22
2019-12-09,5.19,28.14
2019-12-10,4.53,27.28
2019-12-11,4.95,28.23
2019-12-12,5.28,28.62
2019-12-13,5.10,28.25
2019-12-14,4.85,28.77
2019-12-15,5.35,29.37
2019-12-16,5.40,28.72
2019-12-17,4.73,28.05
2019-12-18,5.03,28.56
2019-12-19,5.15,28.76
2019-12-20,5.11,29.39
2019-12-21,5.69,30.53
2019-12-22,5.64,29.84
2019-12-23,5.29,29.11
2019-12-24,5.83,29.30
2019-12-25,5.57,30.10
2019-12-26,5.53,29.30
2019-12-27,5.48,28.97
2019-12-28,5.14,28.36
2019-12-29,5.00,28.27
2019-12-30,5.25,28.25
2019-12-31,4.58,28.65
2020-01-01,2.85,26.59
2020-01-02,4.11,27.58
2020-01-03,4.50,28.11
2020-01-04,4.42,28.17
2020-01-05,4.20,28.33
2020-01-06,4.27,28.50
2020-01-07,4.17,28.23
2020-01-08,2.87,26.39
2020-01-09,2.91,26.46
2020-01-10,4.10,27.65
2020-01-11,4.58,27.98
2020-01-12,3.67,28.15
2020-01-13,4.41,28.31
2020-01-14,4.12,28.35
2020-01-15,4.18,28.39
2020-01-16,4.29,28.73
2020-01-17,3.47,27.75
2020-01-18,3.67,28.22
2020-01-19,4.70,28.12
2020-01-20,3.80,28.00
2020-01-21,3.90,28.20
2020-01-22,3.56,28.35
2020-01-23,4.24,28.78
2020-01-24,3.44,28.85
2020-01-25,4.42,29.59
2020-01-26,4.50,29.53
2020-01-27,4.01,29.09
2020-01-28,3.56,28.59
2020-01-29,4.14,28.95
2020-01-30,4.40,29.10
2020-01-31,3.55,27.51
2020-02-01,2.80,27.76
2020-02-02,3.37,28.00
2020-02-03,3.45,28.24
2020-02-04,2.64,26.76
2020-02-05,2.85,27.26
2020-02-06,3.33,27.56
2020-02-07,4.08,27.95
2020-02-08,3.79,27.98
2020-02-09,4.37,28.97
2020-02-10,4.39,29.04
2020-02-11,4.40,29.09
2020-02-12,3.52,28.37
2020-02-13,2.23,25.77
2020-02-14,3.47,27.93
2020-02-15,3.90,28.69
2020-02-16,3.47,28.60
2020-02-17,3.56,28.55
2020-02-18,3.64,28.41
2020-02-19,3.61,27.78
2020-02-20,2.15,25.99
2020-02-21,2.64,27.05
2020-02-22,3.08,27.88
2020-02-23,3.33,28.74
2020-02-24,4.01,28.87
2020-02-25,3.99,29.09
2020-02-26,3.96,29.35
2020-02-27,3.67,28.55
2020-02-28,2.75,27.77
2020-02-29,2.93,27.25
2020-03-01,1.70,26.15
2020-03-02,3.21,27.56
2020-03-03,2.15,27.23
2020-03-04,2.55,26.99
2020-03-05,2.54,27.91
2020-03-06,2.56,27.42
2020-03-07,2.00,26.14
2020-03-08,2.89,27.01
2020-03-09,2.90,27.58
2020-03-10,3.10,28.05
2020-03-11,2.69,27.95
2020-03-12,2.97,27.30
2020-03-13,1.80,24.81
2020-03-14,2.83,26.64
2020-03-15,2.08,26.40
2020-03-16,1.90,27.17
2020-03-17,2.85,27.63
2020-03-18,3.12,27.95
2020-03-19,3.54,28.54
2020-03-20,3.26,28.17
2020-03-21,3.07,28.59
2020-03-22,2.80,28.68
2020-03-23,2.88,28.91
2020-03-24,2.92,28.73
2020-03-25,1.94,27.05
2020-03-26,2.94,28.10
2020-03-27,3.39,27.91
2020-03-28,3.47,28.19
2020-03-29,2.82,27.00
2020-03-30,2.62,26.96
2020-03-31,3.58,28.81
2020-04-01,3.26,28.63
2020-04-02,2.85,28.17
2020-04-03,3.06,28.97
2020-04-04,3.00,28.12
2020-04-05,2.84,27.84
2020-04-06,3.54,29.95
2020-04-07,3.57,29.64
2020-04-08,3.95,30.44
2020-04-09,4.22,30.76
2020-04-10,4.46,30.38
2020-04-11,3.95,29.93
2020-04-12,3.75,29.82
2020-04-13,3.83,29.39
2020-04-14,3.41,29.45
2020-04-15,3.01,28.64
2020-04-16,2.55,26.81
2020-04-17,3.02,28.64
2020-04-18,2.69,29.30
2020-04-19,3.36,30.20
2020-04-20,3.77,30.54
2020-04-21,3.26,28.13
2020-04-22,3.16,28.33
2020-04-23,2.80,28.66
2020-04-24,2.29,26.81
2020-04-25,2.15,26.89
2020-04-26,3.04,26.82
2020-04-27,3.36,28.79
2020-04-28,2.72,28.08
2020-04-29,3.83,28.67
2020-04-30,2.62,28.08
2020-05-01,3.56,28.98
2020-05-02,3.88,29.74
2020-05-03,3.81,30.16
2020-05-04,4.04,27.86
2020-05-05,4.07,29.27
2020-05-06,4.41,29.41
2020-05-07,4.17,30.95
2020-05-08,3.23,29.79
2020-05-09,3.51,28.48
2020-05-10,3.76,29.24
2020-05-11,3.41,30.11
2020-05-12,4.60,30.77
2020-05-13,2.82,27.95
2020-05-14,3.55,28.26
2020-05-15,1.85,26.06
2020-05-16,1.85,25.11
2020-05-17,2.67,28.19
2020-05-18,3.56,29.50
2020-05-19,3.49,29.21
2020-05-20,4.11,28.57
2020-05-21,3.44,28.48
2020-05-22,3.88,27.59
2020-05-23,2.44,26.55
2020-05-24,2.87,27.83
2020-05-25,3.29,28.39
2020-05-26,2.84,29.41
2020-05-27,3.24,28.87
2020-05-28,3.55,29.48
2020-05-29,3.40,28.12
2020-05-30,2.84,27.40
2020-05-31,3.07,28.51
2020-06-01,3.85,28.73
2020-06-02,3.67,29.49
2020-06-03,4.51,29.75
2020-06-04,4.05,30.01
2020-06-05,3.69,30.16
2020-06-06,3.99,28.98
2020-06-07,3.07,26.93
2020-06-08,2.82,28.55
2020-06-09,3.14,27.29
2020-06-10,3.18,27.83
2020-06-11,4.32,26.85
2020-06-12,3.73,28.01
2020-06-13,3.25,28.01
2020-06-14,2.99,28.76
2020-06-15,3.76,28.91
2020-06-16,4.91,28.46
2020-06-17,3.87,26.23
2020-06-18,3.69,26.38
2020-06-19,3.92,27.47
2020-06-20,5.78,28.73
2020-06-21,4.96,28.78
2020-06-22,4.62,29.12
2020-06-23,4.12,29.28
2020-06-24,4.15,28.26
2020-06-25,4.28,29.14
2020-06-26,5.15,28.84
2020-06-27,4.67,29.36
2020-06-28,4.72,30.59
2020-06-29,4.75,29.05
2020-06-30,4.02,30.49
2020-07-01,3.62,29.90
2020-07-02,4.55,28.90
2020-07-03,4.94,28.62
2020-07-04,4.55,31.40
2020-07-05,4.15,29.06
2020-07-06,3.09,23.95
2020-07-07,2.64,27.52
2020-07-08,3.83,29.32
2020-07-09,3.98,28.74
2020-07-10,4.20,29.36
2020-07-11,4.06,28.52
2020-07-12,4.52,28.54
2020-07-13,4.18,30.08
2020-07-14,4.01,29.67
2020-07-15,4.45,30.44
2020-07-16,5.07,29.12
2020-07-17,5.10,30.60
2020-07-18,5.68,27.90
2020-07-19,5.13,30.80
2020-07-20,3.79,26.01
2020-07-21,5.43,28.97
2020-07-22,4.92,30.65
2020-07-23,5.46,30.07
2020-07-24,4.59,30.80
2020-07-25,5.02,30.89
2020-07-26,5.32,27.45
2020-07-27,5.20,28.72
2020-07-28,5.45,29.40
2020-07-29,4.92,30.45
2020-07-30,4.21,31.02
2020-07-31,5.39,29.60
2020-08-01,5.09,30.85
2020-08-02,5.43,31.63
2020-08-03,5.42,31.44
2020-08-04,5.35,30.74
2020-08-05,5.90,30.43
2020-08-06,5.74,29.03
2020-08-07,5.86,29.98
2020-08-08,4.75,31.58
2020-08-09,5.43,30.69
2020-08-10,5.16,31.55
2020-08-11,5.21,30.31
2020-08-12,5.20,31.77
2020-08-13,5.22,31.52
2020-08-14,5.20,31.83
2020-08-15,6.12,30.65
2020-08-16,5.38,31.59
2020-08-17,6.15,31.89
2020-08-18,5.72,31.35
2020-08-19,5.05,31.65
2020-08-20,4.75,29.75
2020-08-21,5.31,31.73
2020-08-22,5.92,31.62
2020-08-23,5.54,30.47
2020-08-24,5.10,29.01
2020-08-25,5.58,29.77
2020-08-26,5.74,30.98
2020-08-27,5.55,32.17
2020-08-28,5.75,31.64
2020-08-29,6.80,31.35
2020-08-30,5.96,30.27
2020-08-31,5.83,32.53
2020-09-01,5.92,30.51
2020-09-02,5.08,30.86
2020-09-03,5.33,31.52
2020-09-04,5.99,30.87
2020-09-05,6.07,32.05
2020-09-06,5.41,31.33
2020-09-07,5.51,30.58
2020-09-08,6.07,30.65
2020-09-09,5.73,30.96
2020-09-10,6.07,32.22
2020-09-11,5.57,31.90
2020-09-12,6.04,31.96
2020-09-13,5.63,31.98
2020-09-14,5.50,30.27
2020-09-15,5.68,31.74
2020-09-16,6.43,32.18
2020-09-17,6.29,30.72
2020-09-18,6.13,29.92
2020-09-19,6.72,29.27
2020-09-20,6.97,29.28
2020-09-21,7.00,29.10
2020-09-22,6.33,30.47
2020-09-23,6.19,32.53
2020-09-24,6.22,30.73
2020-09-25,6.44,30.06
2020-09-26,5.90,29.54
2020-09-27,5.59,30.86
2020-09-28,5.78,30.52
2020-09-29,6.45,30.98
2020-09-30,6.54,32.37
2020-10-01,5.58,32.46
2020-10-02,5.73,33.15
2020-10-03,5.56,31.73
2020-10-04,6.35,31.61
2020-10-05,5.97,31.61
2020-10-06,6.94,31.63
2020-10-07,6.29,29.98
2020-10-08,6.29,29.91
2020-10-09,6.26,29.74
2020-10-10,6.40,30.28
2020-10-11,5.98,30.40
2020-10-12,6.27,30.74
2020-10-13,6.47,30.95
2020-10-14,6.35,31.43
2020-10-15,6.56,31.24
2020-10-16,6.49,30.25
2020-10-17,6.49,31.16
2020-10-18,6.38,31.30
2020-10-19,7.00,30.65
2020-10-20,6.45,32.06
2020-10-21,5.38,31.01
2020-10-22,5.58,29.42
2020-10-23,6.21,31.27
2020-10-24,6.58,31.17
2020-10-25,6.86,31.64
2020-10-26,6.79,30.48
2020-10-27,6.08,30.29
2020-10-28,7.23,30.06
2020-10-29,7.00,30.52
2020-10-30,6.47,31.05
2020-10-31,6.66,30.55
2020-11-01,6.67,30.79
2020-11-02,6.78,30.35
2020-11-03,5.96,30.76
2020-11-04,6.39,30.88
2020-11-05,7.06,31.11
2020-11-06,5.78,31.39
2020-11-07,6.84,32.27
2020-11-08,5.59,31.79
2020-11-09,3.80,26.99
2020-11-10,5.37,32.43
2020-11-11,5.84,31.83
2020-11-12,5.97,31.36
2020-11-13,5.80,33.38
2020-11-14,6.64,32.11
2020-11-15,6.31,32.26
2020-11-16,6.68,31.24
2020-11-17,7.09,31.30
2020-11-18,6.95,30.97
2020-11-19,7.19,30.98
2020-11-20,6.06,30.63
2020-11-21,6.14,30.38
2020-11-22,6.03,30.84
2020-11-23,6.16,31.41
2020-11-24,5.75,30.27
2020-11-25,6.21,30.99
2020-11-26,5.41,32.73
2020-11-27,5.97,33.48
2020-11-28,5.14,33.67
2020-11-29,6.47,31.39
2020-11-30,6.24,31.40
2020-12-01,5.72,31.92
2020-12-02,7.31,31.81
2020-12-03,5.96,30.94
2020-12-04,,
2020-12-05,,
2020-12-06,,
2020-12-07,,
2020-12-08,,
2020-12-09,,
2020-12-10,,
2020-12-11,,
2020-12-12,,
2020-12-13,,
2020-12-14,,
2020-12-15,,
2020-12-16,,
2020-12-17,,
2020-12-18,,
2020-12-19,,
2020-12-20,,
2020-12-21,,
2020-12-22,,
2020-12-23,,
2020-12-24,,
2020-12-25,,
2020-12-26,,
2020-12-27,,
2020-12-28,,
2020-12-29,,
2020-12-30,,
2020-12-31,,
2021-01-01,,
2021-01-02,,
2021-01-03,,
2021-01-04,,
2021-01-05,,
2021-01-06,,
2021-01-07,,
2021-01-08,,
2021-01-09,,
2021-01-10,,
2021-01-11,,
2021-01-12,,
2021-01-13,,
2021-01-14,,
2021-01-15,,
2021-01-16,,
2021-01-17,,
2021-01-18,,
2021-01-19,,
2021-01-20,,
2021-01-21,,
2021-01-22,,
2021-01-23,,
2021-01-24,,
2021-01-25,,
2021-01-26,,
2021-01-27,,
2021-01-28,,
2021-01-29,,
2021-01-30,,
2021-01-31,,
2021-02-01,,
2021-02-02,,
2021-02-03,,
2021-02-04,,
2021-02-05,,
2021-02-06,,
2021-02-07,,
2021-02-08,,
2021-02-09,,
2021-02-10,,
2021-02-11,,
2021-02-12,,
2021-02-13,,
2021-02-14,,
2021-02-15,,
2021-02-16,,
2021-02-17,,
2021-02-18,,
2021-02-19,,
2021-02-20,,
2021-02-21,,
2021-02-22,,
2021-02-23,,
2021-02-24,,
2021-02-25,,
2021-02-26,,
2021-02-27,,
2021-02-28,,
2021-03-01,,
2021-03-02,,
2021-03-03,,
2021-03-04,,
2021-03-05,,
2021-03-06,,
2021-03-07,,
2021-03-08,,
2021-03-09,,
2021-03-10,,
2021-03-11,,
2021-03-12,,
2021-03-13,,
2021-03-14,,
2021-03-15,,
2021-03-16,,
2021-03-17,,
2021-03-18,,
2021-03-19,,
2021-03-20,,
2021-03-21,,
2021-03-22,,
2021-03-23,,
2021-03-24,,
2021-03-25,,
2021-03-26,,
2021-03-27,,
2021-03-28,,
2021-03-29,,
2021-03-30,,
2021-03-31,,
2021-04-01,,
2021-04-02,,
2021-04-03,,
2021-04-04,,
2021-04-05,,
2021-04-06,,
2021-04-07,,
2021-04-08,,
2021-04-09,,
2021-04-10,,
2021-04-11,,
2021-04-12,,
2021-04-13,,
2021-04-14,,
2021-04-15,,
2021-04-16,,
2021-04-17,,
2021-04-18,,
2021-04-19,,
2021-04-20,,
2021-04-21,,
2021-04-22,,
2021-04-23,,
2021-04-24,,
2021-04-25,,
2021-04-26,,
2021-04-27,,
2021-04-28,,
2021-04-29,,
2021-04-30,,
2021-05-01,,
2021-05-02,,
2021-05-03,,
2021-05-04,,
2021-05-05,,
2021-05-06,,
2021-05-07,,
2021-05-08,,
2021-05-09,,
2021-05-10,,
2021-05-11,,
2021-05-12,,
2021-05-13,,
2021-05-14,,
2021-05-15,,
2021-05-16,,
2021-05-17,,
2021-05-18,,
2021-05-19,,
2021-05-20,,
2021-05-21,,
2021-05-22,,
2021-05-23,,
2021-05-24,,
2021-05-25,,
2021-05-26,,
2021-05-27,,
2021-05-28,,
2021-05-29,,
2021-05-30,,
2021-05-31,,
2021-06-01,,
2021-06-02,,
2021-06-03,,
2021-06-04,,
2021-06-05,,
2021-06-06,,
2021-06-07,,
2021-06-08,,
2021-06-09,,
2021-06-10,,
2021-06-11,,
2021-06-12,,
2021-06-13,,
2021-06-14,,
2021-06-15,,
2021-06-16,,
2021-06-17,,
2021-06-18,,
2021-06-19,,
2021-06-20,,
2021-06-21,,
2021-06-22,,
2021-06-23,,
2021-06-24,,
2021-06-25,,
2021-06-26,,
2021-06-27,,
2021-06-28,,
2021-06-29,,
2021-06-30,,
2021-07-01,,
2021-07-02,,
2021-07-03,,
2021-07-04,,
2021-07-05,,
2021-07-06,,
2021-07-07,,
2021-07-08,,
2021-07-09,,
2021-07-10,,
2021-07-11,,
2021-07-12,,
2021-07-13,,
2021-07-14,,
2021-07-15,,
2021-07-16,,
2021-07-17,,
2021-07-18,,
2021-07-19,,
2021-07-20,,
2021-07-21,,
2021-07-22,,
2021-07-23,,
2021-07-24,,
2021-07-25,,
2021-07-26,,
2021-07-27,,
2021-07-28,,
2021-07-29,,
2021-07-30,,
2021-07-31,,
2021-08-01,,
2021-08-02,,
2021-08-03,,
2021-08-04,,
2021-08-05,,
2021-08-06,,
2021-08-07,,
2021-08-08,,
2021-08-09,,
2021-08-10,,
2021-08-11,,
2021-08-12,,
2021-08-13,,
2021-08-14,,
2021-08-15,,
2021-08-16,,
2021-08-17,,
2021-08-18,,
2021-08-19,,
2021-08-20,,
2021-08-21,,
2021-08-22,,
2021-08-23,,
2021-08-24,,
2021-08-25,,
