,estcodigo,estnome,orgsigla,estlongitude,estlatitude,estaltitude,t_med_medio,v_vento_medio,ini_temp,fim_temp,ini_vento,fim_vento
0,23855385,Altônia,Simepar,-53.85237,-23.85808,368.0,23.39961976320582,2.656852459016395,2017-08-04,2021-08-24,2017-08-04,2021-08-24
1,24555296,Ubiratã,Simepar,-52.96648,-24.5545,529.0,21.869061930783246,3.256376593806922,2017-08-16,2021-08-24,2017-08-16,2021-08-24
2,25345331,N.Prata do Iguaçu,Simepar,-53.5166,-25.5666,546.3,20.403729356405574,3.9562896174863424,1997-06-01,2007-04-03,1997-06-01,2007-04-03
3,25554836,Techint,Simepar,-48.36707,-25.55347,30.0,21.30753881278539,2.8410958904109584,2016-11-17,2019-01-07,2016-11-17,2019-01-07
4,24075240,Campo Mourão,Simepar,-52.40387,-24.07305,601.0,20.344722677595634,2.5260628415300532,2017-02-09,2021-08-24,2017-02-09,2021-08-24
5,25174828,Reserva Natural Salto Morato,Simepar,-48.2881,-25.1779,32.0,21.224237677319657,0.3122234917480818,2011-03-24,2021-08-24,2011-03-24,2021-08-24
6,25425241,Laranjeiras do Sul,Simepar,-52.41211,-25.42767,838.0,19.546942167577413,3.0748884335154822,2017-11-06,2021-08-24,2017-11-06,2021-08-24
7,25264916,Curitiba,Simepar,-49.23033,-25.44817,935.0,17.862470753148024,2.0851923477468914,1997-06-01,2021-08-24,1997-06-01,2021-08-24
8,25505367,Baixo Iguaçu,Simepar,-53.67738,-25.50895,274.0,21.739017759562838,1.6963360655737718,2017-07-28,2021-08-24,2017-07-28,2021-08-24
9,22915315,Loanda,Simepar,-53.15146,-22.91718,491.0,23.94014071038252,2.9516256830601115,2017-07-19,2021-08-24,2017-07-19,2021-08-24
10,23605062,Cornélio Procópio,Simepar,-50.62793,-23.20645,647.0,21.648938979963585,3.0353460837887076,2018-08-16,2021-08-24,2018-08-16,2021-08-24
11,26585152,Palmas - Horizonte,Simepar,-51.52019,-26.5829,1344.0,15.491311475409823,4.676270491803277,2019-11-20,2021-08-24,2019-11-20,2021-08-24
12,25315301,Salto Osorio,Simepar,-53.03087,-25.52213,514.0,20.758020079798754,0.9604424825725514,1999-07-22,2019-12-15,1999-07-22,2019-12-15
13,25435458,Foz do Iguaçu - Itaipu,Simepar,-54.58286,-25.4361,168.0,21.479945355191248,1.8750027322404361,2017-05-09,2021-08-24,2017-05-09,2021-08-24
14,23395232,Cianorte,Simepar,-52.5476,-23.6522,451.0,21.559957340018823,2.1489325196661264,2002-04-04,2016-09-13,2002-04-04,2016-09-14
15,26055139,Foz do Areia,Simepar,-51.6679,-26.0037,780.0,18.452275070350165,2.6681415481050217,1997-06-01,2021-05-29,1997-06-01,2021-05-29
16,26145103,União da Vitória,Simepar,-51.06827,-26.22825,756.53,17.906374348618055,1.544132295873921,1997-06-01,2021-08-24,1997-06-01,2021-08-24
17,23695263,Cianorte Cocamar,Simepar,-52.63736,-23.69372,534.0,22.594129781420783,2.2031379781420743,2016-09-14,2021-08-24,2016-09-14,2021-08-24
18,24235332,Assis Chateaubriand,Simepar,-53.5411,-24.3886,450.0,22.276555360395538,2.9834683753596587,1999-08-19,2021-08-24,1999-08-19,2021-08-24
19,24035222,Campo Mourão_antiga,Simepar,-52.38654,-24.08543,601.2,20.61775449781103,2.7144628191608327,1997-06-01,2017-02-08,1997-06-01,2017-02-08
20,24134940,Jaguariaiva,Simepar,-49.677,-24.2269,900.0,18.50635971542118,1.2999429659593582,2000-04-07,2021-08-24,2000-04-07,2021-08-24
21,24205037,Telêmaco Borba,Simepar,-50.6106,-24.339,768.0,19.08463783919019,1.5212685871545109,1997-06-01,2021-08-24,1997-06-01,2021-08-24
22,25385157,Pinhão,Simepar,-51.9625,-25.64944,910.0,18.84147996732967,2.563836322161883,2003-04-08,2021-08-24,2003-04-08,2021-08-24
23,23255010,Santo Antônio da Platina,Simepar,-50.10379,-23.2558,661.0,21.36447632058287,4.280496357012749,2019-02-07,2021-08-24,2019-02-07,2021-08-24
24,22434707,Replan,Simepar,-47.1,-22.73,608.28,22.523162568306013,1.9144098360655737,2016-08-25,2021-08-24,2016-08-25,2021-08-24
25,25134848,Antonina,Simepar,-48.75248,-25.24341,60.0,21.173742146287243,0.520245726535284,1999-01-01,2021-08-24,1999-01-01,2021-08-24
26,24475343,Toledo,Simepar,-53.7196,-24.7834,516.4,21.249339717740472,2.407153330525498,1997-08-10,2021-08-24,1997-08-10,2021-08-24
27,25215130,Guarapuava,Simepar,-51.4935,-25.3845,1070.0,17.695961674838202,2.9273039239508405,1997-06-01,2021-08-24,1997-06-01,2021-08-24
28,24185355,Palotina,Simepar,-53.9008,-24.3129,303.0,21.85911450067316,1.9412456086164573,1997-06-01,2021-08-24,1997-06-01,2021-08-24
29,25245437,Foz do Iguaçu,Simepar,-54.6167,-25.4059,232.0,22.252703983318938,1.6321418128654979,1997-07-19,2017-05-09,1997-07-19,2017-05-09
30,25335129,Entre Rios,Simepar,-51.4884,-25.5459,1095.0,16.935117972526943,3.589113833079969,2001-01-18,2021-08-24,2001-01-18,2021-08-24
31,23445317,Umuarama,Simepar,-53.30766,-23.75066,480.0,22.722831609034028,2.673547803948252,1997-06-01,2021-08-24,1997-06-01,2021-08-24
32,25474946,Lapa,Simepar,-49.7598,-25.7817,909.8,17.48455949948521,2.386919268234735,1997-06-01,2021-08-24,1997-06-01,2021-08-24
33,23185109,Londrina,Simepar,-51.1647,-23.3595,585.0,21.489261950582083,2.3412007226577973,1997-06-01,2021-08-24,1997-06-01,2021-08-24
34,23275159,Maringá,Simepar,-51.9881,-23.4483,570.0,22.56410517711478,2.6156080533468273,1999-03-01,2021-08-24,1999-03-01,2021-08-24
35,23055226,Paranavaí,Simepar,-52.4438,-23.0916,480.0,22.97737289260593,2.150011767532776,1997-06-01,2021-08-24,1997-06-01,2021-08-24
36,26075241,Pato Branco,Simepar,-52.6514,-26.1229,721.8,19.301985398892704,2.4367478611849083,1997-06-01,2021-08-24,1997-06-01,2021-08-24
37,24045415,Guaira,Simepar,-54.26151,-24.07487,227.9,21.96161107241337,2.0663438600185735,1997-08-10,2021-08-24,1997-08-10,2021-08-24
38,23005002,Cambará,Simepar,-50.0362,-23.0025,450.0,21.966956708388246,2.5090164132414645,1997-06-01,2021-08-24,1997-06-01,2021-08-24
39,23515154,Apucarana,Simepar,-51.5302,-23.5175,746.0,20.736575234970193,3.7277641343174164,1999-10-01,2021-08-24,1999-10-01,2021-08-24
40,26055305,Francisco Beltrão,Simepar,-53.06548,-26.0593,652.0,19.448418695148224,2.1318651266766038,2010-09-02,2021-08-24,2010-09-02,2021-08-24
41,25324831,Guaratuba,Simepar,-48.58049,-25.84536,0.0,21.213091911529503,1.922889417415165,1997-06-01,2021-08-24,1997-06-01,2021-08-24
42,26285158,Palmas,Simepar,-51.9762,-26.4682,1100.0,16.73952046002769,2.700673783065352,1998-04-29,2021-08-24,1998-04-29,2021-08-24
43,25444869,APPA Antonina,Simepar,-48.69434,-25.44716,2.0,21.513493364558926,1.626162503252668,2014-09-26,2021-08-24,2014-09-26,2021-08-24
44,24385115,Cândido de Abreu,Simepar,-51.2452,-24.6321,645.0,20.146618714587056,1.3723596778548146,1997-06-01,2021-08-24,1997-06-01,2021-08-24
45,24535333,Cascavel,Simepar,-53.5547,-24.8845,719.3,20.377975973383155,4.022137960323118,1997-06-01,2021-08-24,1997-06-01,2021-08-24
46,25135001,Ponta Grossa,Simepar,-50.1524,-25.0137,888.25,18.270424213985898,3.210167284390592,1997-06-01,2021-08-24,1997-06-01,2021-08-24
47,25115408,São Miguel do Iguaçu,Simepar,-54.2546,-25.3528,298.0,22.354183376659353,2.664968012730915,1997-06-01,2021-08-24,1997-06-01,2021-08-24
48,25254905,Pinhais,Simepar,-49.1299,-25.3907,930.0,17.190057875620074,1.8329284784768558,1998-07-10,2021-08-24,1998-07-10,2021-08-24
49,25534852,Paranaguá,Simepar,-48.5296,-25.5378,19.0,21.652710718622608,1.9166926337930437,2012-11-21,2021-08-24,2012-11-21,2021-08-24
50,25315329,Salto Caxias,Simepar,-53.49412,-25.52092,440.0,21.232158099167016,2.2180882753304343,1999-03-01,2021-08-24,1999-03-01,2021-08-24
51,24535213,Palmital,Simepar,-52.2186,-24.8644,783.0,20.4109807209659,2.524191806518501,1997-06-01,2021-08-24,1997-06-01,2021-08-24
52,24494915,Cerro Azul,Simepar,-49.2604,-24.8267,366.0,20.136583568939585,1.012334253979567,1997-06-01,2021-08-24,1997-06-01,2021-08-24
53,24505420,Santa Helena,Simepar,-54.3103,-24.9168,271.0,22.27485962421793,2.5802746693593095,1997-07-21,2021-08-24,1997-07-21,2021-08-24
54,25275035,Fernandes Pinheiro,Simepar,-50.5839,-25.4532,893.0,17.939233465908444,1.2579536943613923,1999-03-01,2021-08-24,1999-03-01,2021-08-24
55,15575438,Primavera do Leste,Inmet,-54.38111,-15.58,680.0,23.60519920318727,2.499382470119523,2018-12-31,2020-07-31,2018-12-31,2020-07-31
56,9366993,Parque Estadual Chandless,Inmet,-69.92626,-9.35835,184.51,25.047308905802748,0.6291830926359617,2012-10-12,2021-08-25,2012-10-11,2021-08-25
57,22234996,Marília,Inmet,-49.96511,-22.23522,660.0,22.847168488160293,1.8950122950819674,2017-05-24,2021-08-25,2017-05-24,2021-08-25
58,22934340,Rio de Janeiro-Jacarepaguá,Inmet,-43.4029,-22.93988,20.0,23.15743897996357,0.7945938069216751,2017-08-10,2021-08-25,2017-08-10,2021-08-25
59,22974430,Angra dos Reis,Inmet,-44.30344,-22.97569,6.0,23.26634790528234,0.7551958105646631,2017-08-25,2020-04-24,2017-08-25,2020-04-24
60,22374470,Itatiaia - Parque Nacional,Inmet,-44.70311,-22.37394,2.45,10.399168943533686,2.7730714936247693,2017-09-01,2021-08-25,2017-09-01,2021-08-25
61,15594813,Brazlandia,Inmet,-48.13111,-15.59972,1143.0,20.954299065420553,2.1759813084112145,2019-12-31,2020-07-31,2019-12-31,2020-07-31
62,12825033,São Miguel do Araguaia,Inmet,-50.33597,-12.82049,183.0,29.947688679245264,2.526273584905659,2020-01-01,2020-07-31,2020-01-01,2020-07-31
63,1685047,Breves,Inmet,-50.47814,-1.68025,1.03,26.43824681238618,0.9596675774134791,2017-08-01,2020-04-20,2017-08-01,2020-04-20
64,17334991,Edeia,Inmet,-49.91472,-17.33694,608.0,24.517570093457934,1.9060280373831773,2019-12-31,2020-07-31,2019-12-31,2020-07-31
65,4284756,Dom Eliseu,Inmet,-47.56397,-4.28056,252.0,25.978658925318797,1.8112727686703087,2018-03-08,2021-08-25,2018-03-08,2021-08-25
66,7454602,Balsas,Inmet,-46.02755,-7.45561,271.03,26.747428560586346,1.217233151183971,2011-12-15,2020-05-23,2011-12-15,2020-05-23
67,10424517,Corrente,Inmet,-45.17304,-10.42917,452.0,26.475992714025526,1.5726821493624776,2018-03-27,2020-09-26,2018-03-27,2020-09-26
68,7334745,Carolina,Inmet,-47.45984,-7.33727,182.88,27.373463190649638,1.0493700667880999,2011-12-15,2021-08-25,2011-12-15,2021-08-25
69,3744335,Chapadinha,Inmet,-43.35208,-3.74267,104.0,27.72507996140167,1.9007195984040242,2011-12-15,2020-04-09,2011-12-15,2020-04-09
70,15804329,Janauba,Inmet,-43.29694,-15.80278,532.0,25.96844945355188,2.3999037487335384,2016-11-22,2020-12-31,2016-11-22,2020-12-31
71,3275239,Altamira,Inmet,-52.39472,-3.27028,191.0,25.274333333333335,0.8546666666666668,2019-12-31,2020-02-28,2019-12-31,2020-02-28
72,20034600,Bambui,Inmet,-46.00889,-20.03111,697.0,21.324788251366137,1.3144653916211297,2016-11-26,2020-12-31,2016-11-26,2020-12-31
73,20355143,Selviria,Inmet,-51.43022,-20.35144,374.0,25.33685792349726,2.41189393939394,2018-12-31,2020-04-08,2018-12-31,2019-09-20
74,4864214,Campo Maior,Inmet,-42.14555,-4.86418,125.0,28.104904371584684,1.6510245901639333,2018-11-22,2020-07-09,2018-11-22,2020-07-09
75,20714486,Oliveira,Inmet,-44.86456,-20.71492,1025.0,20.420054644808744,2.6187887596899224,2017-11-27,2021-08-25,2017-11-27,2021-08-25
76,7313814,Itaporanga,Inmet,-38.14084,-7.31846,292.0,27.474251141552525,2.0984474885844735,2017-11-02,2020-04-10,2017-11-02,2020-03-18
77,6656986,Eirunepé,Inmet,-69.86861,-6.6503,121.54,25.53626183970857,0.7558319672131147,2012-08-30,2020-05-01,2012-08-30,2020-05-01
78,4324644,Buriticupu,Inmet,-46.4495,-4.3206,174.91,26.806396153178927,2.2877343004597077,2011-12-15,2020-04-25,2011-12-15,2020-04-22
79,8053909,Salgueiro,Inmet,-39.09611,-8.05806,447.0,28.190628019323672,2.3148309178743958,2019-12-31,2020-07-31,2019-12-31,2020-07-31
80,21684594,Machado,Inmet,-45.94439,-21.68072,969.0,20.633636156648468,1.5965778688524608,2017-12-31,2020-12-31,2017-12-31,2020-12-31
81,9623776,Piranhas,Inmet,-37.76711,-9.62226,187.0,27.72897196261681,2.3224766355140187,2019-12-31,2020-07-31,2019-12-31,2020-07-31
82,19714796,Uberaba,Inmet,-47.96189,-19.71003,778.0,22.59690346083788,2.3173861566484493,2017-12-31,2020-12-31,2017-12-31,2020-12-31
83,21305282,Santa Rita do Pardo,Inmet,-52.82038,-21.30589,383.0,25.199439890710376,2.83222677595628,2018-12-31,2020-07-31,2018-12-31,2020-06-25
84,3075957,Manaus,Inmet,-60.01546,-3.10368,48.79,27.848308385375997,1.450248243559719,2011-10-23,2020-07-31,2011-10-23,2020-07-31
85,1244826,Belém,Inmet,-48.43951,-1.41123,21.17,26.836939760603695,0.7728013270882118,2011-10-23,2020-07-31,2011-10-23,2020-07-31
86,5533687,Ipanguacu,Inmet,-36.87231,-5.53487,19.0,27.65130841121495,1.483177570093457,2019-12-31,2020-07-31,2019-12-31,2020-07-31
87,20174487,Divinópolis,Inmet,-44.87494,-20.17328,796.0,21.905075136612027,2.069965846994536,2017-10-24,2021-08-25,2017-10-24,2021-08-25
88,8543629,Garanhuns,Inmet,-36.49338,-8.91095,827.78,21.482459699453546,2.011574377656344,2011-10-24,2021-08-21,2011-10-24,2021-08-21
89,9453726,Pão de Açucar,Inmet,-37.43077,-9.74922,20.83,27.431163804319556,1.8109579104865994,2000-01-01,2020-09-14,2000-01-01,2020-09-14
90,6014016,Tauá,Inmet,-40.28132,-6.01747,410.87,27.579160595021264,2.4544087735276268,2011-10-24,2020-08-24,2011-10-24,2020-08-24
91,5103917,Quixeramobim,Inmet,-39.28939,-5.17457,221.04,27.878082877959915,1.9346245337843686,2011-10-24,2020-03-29,2011-10-24,2020-03-29
92,9054419,Bom Jesus do Piauí,Inmet,-44.32647,-9.08325,296.0,27.906326112412188,1.0705648798681586,2011-10-24,2020-10-20,2011-10-24,2020-10-20
93,9253637,Palmeira dos Índios,Inmet,-36.62037,-9.42033,278.01,25.101257741347908,2.30114245598057,2011-10-29,2021-08-25,2011-10-29,2021-08-25
94,8303918,Cabrobó,Inmet,-39.31528,-8.504,342.74,27.44998808439585,2.636889799635702,2011-10-23,2021-08-25,2011-10-23,2021-08-25
95,8074108,Paulistana,Inmet,-41.14295,-8.13229,376.0,28.348302823315105,3.296593123861566,2011-10-23,2021-08-25,2011-10-23,2021-08-25
96,8214215,São João do Piauí,Inmet,-42.25037,-8.36498,236.99,28.856199421025263,2.0584368223610032,2011-10-23,2020-05-22,2011-10-23,2020-05-22
97,5083821,Morada Nova,Inmet,-38.35659,-5.13669,45.03,28.14429493017609,2.52861839708561,2011-10-24,2021-08-25,2011-10-24,2021-08-25
98,7533707,Monteiro,Inmet,-37.1247,-7.89447,606.39,25.147873330297514,3.1213198998178533,2011-10-26,2021-07-30,2011-10-26,2021-07-30
99,4164147,Piripiri,Inmet,-41.79457,-4.27605,157.89,28.334642716193944,1.8062249761471059,2011-10-23,2021-08-25,2011-10-23,2021-08-25
100,5663779,Apodi,Inmet,-37.81499,-5.62656,131.41,28.229867941712204,2.6630301522248248,2011-10-31,2021-08-25,2011-10-31,2021-08-25
101,13013831,Salvador,Inmet,-38.50576,-13.00552,47.56,25.763209623557962,1.5302122040072863,2011-10-10,2021-08-25,2011-10-10,2021-08-25
102,12094501,Barreiras,Inmet,-45.02705,-12.12472,474.17,25.913633196721293,1.471516317547056,2011-10-23,2021-05-23,2011-10-23,2021-05-23
103,12094549,Luis Eduardo Magalhaes,Inmet,-45.82975,-12.15239,760.68,23.91278515049007,2.6491316462832852,2011-10-23,2020-10-01,2011-10-23,2020-10-01
104,17443915,Caravelas,Inmet,-39.25862,-17.73941,6.05,24.769164931910847,2.6182016003122586,2011-10-23,2020-05-03,2011-10-23,2020-05-03
105,24534786,Registro,Inmet,-47.86414,-24.53314,35.0,23.741977168949788,2.1713745019920316,2018-12-31,2021-08-25,2019-04-22,2021-03-31
106,8734986,Santa Maria Das Barreiras,Inmet,-49.86,-8.73,165.0,26.462063492063482,1.8106349206349197,2020-12-17,2021-08-25,2020-12-17,2021-08-25
107,8045000,Redenção,Inmet,-50.00694,-8.04333,199.0,26.64186915887849,1.3945327102803735,2019-12-31,2020-07-31,2019-12-31,2020-07-31
108,10673747,Ipanguacu,Inmet,-37.47139,-10.67167,213.0,26.982708333333324,3.033749999999999,2019-12-31,2020-04-04,2019-12-31,2020-04-04
109,20334345,Ouro Branco,Inmet,-43.75622,-20.55659,1048.2,19.70894335480093,2.1301870283632582,2006-07-28,2021-08-25,2006-07-28,2021-08-25
110,21064415,São João del Rei,Inmet,-44.25093,-21.1065,929.88,19.906611831701994,2.4025971096298964,2006-12-04,2021-08-25,2006-12-04,2021-08-25
111,23814540,São Sebastião,Inmet,-45.40253,-23.81072,24.0,24.229874772313288,3.3661728395061736,2017-12-03,2021-01-23,2018-02-17,2021-01-23
112,12803849,Salvador-Est. Rádio Marinha,Inmet,-38.49594,-12.80822,31.0,25.453331056466272,1.434,2018-03-09,2021-08-25,2018-03-09,2021-05-09
113,23724667,São Paulo-SESC Interlagos,Inmet,-46.67751,-23.72445,771.0,19.59738843351547,1.9233765938069207,2018-03-13,2021-08-25,2018-03-13,2021-08-25
114,10095927,Aripuanã,Inmet,-45.4236,-10.16583,105.0,24.681748858447488,2.6655342465753433,2018-12-31,2021-01-31,2018-12-31,2021-01-31
115,30545252,Encruzilhada do Sul,Inmet,-52.52467,-30.54316,252.0,18.11862249544627,2.6920400728597467,2018-03-15,2021-08-25,2018-03-15,2021-08-25
116,17244688,Paracatu,Inmet,-46.88167,-17.24436,705.0,24.050660291438984,2.089089253187613,2018-03-15,2021-08-25,2018-03-14,2021-02-26
117,15474755,Brasília,Inmet,-47.92576,-15.78934,1160.96,21.474337181488814,2.3272498198522786,2007-06-12,2021-08-25,2007-06-12,2021-08-25
118,16384913,Goiânia,Inmet,-49.22022,-16.64284,727.3,23.686383689625476,1.2258950039031997,2007-06-12,2021-08-25,2007-06-12,2021-08-25
119,5184067,Crateús,Inmet,-40.67213,-5.18664,298.19,28.124989146933842,2.1600641317547065,2011-10-31,2021-08-25,2011-11-02,2021-08-25
120,7074140,Picos,Inmet,-41.40404,-7.07102,232.91,28.91364374620523,2.3340137913088737,2011-11-01,2021-08-25,2012-09-18,2021-08-25
121,21344524,Varginha,Inmet,-45.4043,-21.56651,949.78,20.208123866570578,1.7766639894713665,2006-12-04,2021-08-25,2006-12-04,2021-08-25
122,20444638,Passos,Inmet,-46.63392,-20.74524,781.7,21.36386811685583,1.7145611060160248,2006-12-04,2021-08-25,2006-12-04,2021-08-25
123,3734101,Tianguá,Inmet,-41.01189,-3.73216,756.0,23.070796903460817,3.462163023679415,2018-03-15,2021-05-11,2018-03-15,2021-05-11
124,13264908,Porangatu,Inmet,-45.4236,-13.43333,396.0,25.807761194029844,1.0681094527363177,2019-12-31,2020-07-29,2019-12-31,2020-07-29
125,15444436,Januaria,Inmet,-44.36631,-15.44809,468.0,25.826495901639344,2.0260688956433635,2016-06-28,2020-12-31,2016-06-28,2020-12-31
126,17434906,Morrinhos,Inmet,-49.1017,-17.74507,751.09,22.832126718909496,1.6733587041373925,2007-06-12,2021-08-25,2007-06-12,2021-08-25
127,10114818,Palmas,Inmet,-48.30181,-10.19074,291.87,27.391162663383984,1.5362422331766608,2007-03-14,2021-01-31,2007-03-14,2021-01-31
128,12364752,Paranã,Inmet,-47.87192,-12.61489,284.96,26.15778258626621,1.207307689123262,2007-03-14,2021-01-31,2007-03-14,2021-01-31
129,18524644,Patos de Minas,Inmet,-46.44061,-18.52067,950.0,22.3369870009285,1.47217270194986,2018-12-31,2021-08-25,2018-12-31,2021-08-25
130,21925049,Tupã,Inmet,-50.49025,-21.92725,498.0,24.05737704918034,2.6801433121019125,2019-01-01,2021-03-31,2019-01-01,2021-03-31
131,7074036,Campos Sales,Inmet,-40.36268,-7.07773,577.95,25.96186525284068,2.1065887761297604,2011-12-09,2020-03-16,2011-12-09,2020-03-16
132,16844244,Aracuai,Inmet,-42.44056,-16.84889,308.0,25.378711293260483,1.4147609289617489,2017-12-31,2020-12-31,2017-12-31,2020-12-31
133,21475613,Jardim,Inmet,-56.13772,-21.47853,252.47,24.921967495998263,1.6225139440856655,2011-08-03,2021-08-25,2011-08-03,2021-08-25
134,8613859,Floresta,Inmet,-38.58406,-8.59879,327.42,27.367301619828275,3.1124671805880806,2011-11-03,2021-08-25,2011-11-03,2021-08-25
135,9803661,Arapiraca,Inmet,-36.6192,-9.80455,236.84,24.70290971680109,2.0873018041460645,2000-01-01,2021-04-30,2000-01-01,2021-04-30
136,21464757,São Simão,Inmet,-47.57944,-21.46111,620.0,23.852372262773706,1.8905109489051095,2019-07-03,2021-03-31,2019-07-03,2021-03-31
137,22145376,Angélica,Inmet,-53.76374,-22.14808,347.0,25.239959016393446,2.402240437158468,2018-12-31,2020-07-31,2018-12-31,2020-07-31
138,21245645,Bonito,Inmet,-56.45056,-21.24667,329.0,25.435355191256832,3.132295081967211,2018-12-31,2020-07-31,2018-12-31,2020-07-31
139,16674861,Silvânia,Inmet,-48.61817,-16.67979,952.0,22.099002318264603,1.1881584699453556,2010-10-11,2021-08-25,2010-10-11,2021-08-25
140,11594684,Dianópolis,Inmet,-46.84721,-11.59445,727.87,24.928323604901493,2.887496232820002,2008-08-30,2020-07-31,2008-08-30,2020-07-31
141,11194961,Formoso do Araguaia,Inmet,-49.60822,-11.88738,215.2,26.954510849350996,1.731591774194233,2008-05-01,2021-01-03,2008-05-01,2021-01-03
142,5644811,Araguatins,Inmet,-48.11184,-5.64373,130.71,27.260592896174856,1.5816302160953808,2009-03-12,2021-01-26,2009-03-12,2021-01-26
143,15524756,Águas Emendadas,Inmet,-47.6258,-15.59649,1030.36,21.27871531572557,2.0793281941191784,2008-10-03,2020-07-31,2008-10-03,2020-07-31
144,3124008,Acaraú,Inmet,-40.08729,-3.12107,67.15,26.76863153786106,3.193799993494664,2011-10-31,2020-02-19,2011-10-31,2020-02-19
145,6394173,Valença do Piauí,Inmet,-41.73995,-6.39927,313.39,27.810223132969032,1.8980026780293167,2011-10-31,2020-12-15,2011-10-31,2020-12-15
146,14234213,Brumado,Inmet,-41.67228,-14.18189,473.37,25.11133674863388,1.5010902398299932,2011-10-24,2021-08-25,2011-10-24,2021-08-25
147,19884441,Florestal,Inmet,-44.41688,-19.8854,753.5,20.644470690966585,0.7997484187033369,2008-06-05,2021-08-25,2008-06-05,2021-08-25
148,20554854,Barretos,Inmet,-48.545,-20.55918,534.36,22.952824474250722,1.2293176850471939,2010-06-19,2021-08-18,2010-06-19,2021-08-18
149,22855460,Juti,Inmet,-54.60563,-22.85721,375.18,23.15518902773001,1.4095397862610972,2008-06-17,2020-08-16,2008-06-17,2020-08-16
150,29705469,São Vicente do Sul,Inmet,-54.69432,-29.70211,134.0,19.507504553734066,3.189595173041893,2016-04-07,2021-08-25,2016-04-07,2021-08-25
151,10733810,Poço Verde,Inmet,-38.10839,-10.73802,367.01,24.296972298117797,2.2420031876138444,2011-11-25,2021-08-25,2011-11-28,2021-08-25
152,10393774,Carira,Inmet,-37.7475,-10.39972,289.92,24.674517098187163,2.607616456327523,2011-11-28,2021-04-12,2011-11-28,2021-04-12
153,10423647,Brejo Grande,Inmet,-36.48205,-10.47396,6.11,26.139064532917008,1.6929288641686182,2011-12-15,2020-08-15,2011-12-15,2020-08-15
154,17963869,Abrolhos,Inmet,-38.70329,-17.96302,20.93,25.52614642423452,5.633694325179978,2011-11-28,2020-10-27,2011-11-28,2020-10-27
155,11324186,Irecê,Inmet,-41.8645,-11.329,768.42,24.02209729811778,2.7547011991499697,2011-12-15,2021-08-25,2011-12-15,2021-08-25
156,18464059,Mantena,Inmet,-40.98651,-18.78062,254.91,24.072340178946757,0.8820760623711443,2007-08-25,2021-08-25,2007-08-25,2021-08-25
157,6084272,Angical do Piaui,Inmet,-42.72739,-6.08941,183.0,26.642800546448086,1.11525956284153,2019-11-14,2020-12-28,2019-11-14,2020-12-28
158,17345236,Mineiros,Inmet,-52.59648,-17.56932,712.83,22.390643772817956,1.1760735842026815,2007-11-24,2020-07-31,2007-11-22,2020-07-31
159,22674500,Cachoeira Paulista,Inmet,-45.00544,-22.689,586.0,21.397222222222215,1.5075683060109286,2017-10-20,2020-08-31,2017-11-04,2020-08-31
160,8776733,Boca do Acre,Inmet,-67.33256,-8.7768,111.98,25.92465348252231,1.0965944682973379,2011-12-15,2020-01-22,2011-12-15,2020-01-22
161,3296062,Manacapuru,Inmet,-60.6284,-3.29464,36.57,27.296070181715663,1.255872799028536,2011-12-15,2020-07-14,2011-12-15,2020-07-14
162,17424223,Capelinha,Inmet,-42.38926,-17.7055,932.06,20.045206354210443,2.0612095768530176,2000-01-01,2021-05-16,2000-01-01,2021-05-16
163,22954653,Bragança Paulista,Inmet,-46.5305,-22.95197,891.0,20.2779463364293,1.6665005537098567,2017-12-19,2021-08-25,2018-05-20,2021-03-31
164,21934260,Carmo,Inmet,-42.60092,-21.93864,293.0,22.52346994535519,0.9085245901639345,2018-10-11,2021-08-25,2018-10-11,2021-08-25
165,21954201,Santa Madalena,Inmet,-42.01056,-21.95061,517.0,20.549025500910762,0.5197859744990889,2018-10-16,2021-08-11,2018-10-16,2021-08-11
166,16334652,Unaí,Inmet,-46.88194,-16.5541,640.85,23.767687920913346,1.6593046384398848,2007-06-16,2021-03-31,2007-06-16,2021-03-31
167,10434592,Mateiros,Inmet,-45.92194,-10.43444,791.0,24.019283112151975,3.4321900208170684,2012-11-09,2020-06-07,2012-11-09,2020-06-07
168,8154663,Campos Lindos,Inmet,-46.63932,-8.15467,426.56,26.045165669182076,2.0842315899037205,2012-11-09,2021-05-22,2012-11-09,2021-05-22
169,8957278,Marechal Thaumaturgo,Inmet,-72.78678,-8.95001,220.98,25.43156394743689,1.3794945355191248,2011-12-15,2021-01-21,2011-12-15,2018-01-28
170,8147034,Feijó,Inmet,-70.34359,-8.14265,157.17,25.389149080579397,1.4034272269928008,2011-12-15,2021-07-07,2011-12-15,2021-07-07
171,15314626,Buritis,Inmet,-46.43554,-15.52426,894.0,22.708541228807643,2.663923792509858,2000-01-01,2021-06-02,2000-01-01,2021-06-02
172,19984395,Belo Horizonte - Cercadinho,Inmet,-43.9586,-19.98,1214.0,19.8434318891491,5.287862509758001,2013-12-27,2021-08-25,2013-12-27,2021-08-25
173,16425114,Iporá,Inmet,-51.1488,-16.42306,610.41,24.51052686703097,1.6382172131147532,2013-06-23,2020-07-12,2013-06-23,2020-07-12
174,35108,Macapá,Inmet,-51.08876,0.03502,16.62,27.34346942492844,2.1192611891751247,2013-12-12,2020-07-31,2013-12-12,2020-07-31
175,17154450,Pirapora,Inmet,-44.8356,-17.25806,505.32,23.94682769583179,1.3164028929479743,2007-07-23,2021-03-31,2007-07-23,2021-03-31
176,17334711,Guarda-Mor,Inmet,-47.19925,-17.56135,997.01,21.364885997426978,2.0825019720716456,2000-01-01,2021-04-07,2000-01-01,2021-04-07
177,16214507,São Romão,Inmet,-45.1238,-16.36275,490.29,24.431265062351134,1.332651974619188,2007-07-03,2021-08-25,2007-07-03,2021-08-25
178,15454127,Águas Vermelhas,Inmet,-41.45779,-15.75154,754.07,21.248996782361548,2.064484547328812,2007-09-08,2021-08-25,2007-09-08,2021-08-25
179,7114992,Xinguara,Inmet,-49.92607,-7.11052,245.0,26.134021857923486,1.513771689497718,2016-10-26,2021-08-25,2016-10-26,2021-02-04
180,10004247,Pilão Arcado,Inmet,-42.47364,-10.00226,400.0,27.576565573770505,2.4974494535519143,2016-06-02,2021-06-24,2016-06-02,2021-06-24
181,16344129,Itaobim,Inmet,-41.48559,-16.57567,271.63,25.700735603194595,1.6492467573410203,2007-09-05,2021-08-25,2007-09-04,2021-08-25
182,15434226,Rio Pardo de Minas,Inmet,-42.43575,-15.72314,850.06,21.395558257771388,2.137962003843152,2007-11-19,2021-08-25,2007-11-19,2021-08-25
183,17433955,Itamaraju,Inmet,-39.55086,-17.43667,110.0,24.189448998178516,2.4376275045537326,2000-01-02,2020-10-30,2000-01-02,2020-10-30
184,16094218,Salinas,Inmet,-42.31027,-16.16033,487.14,24.24962201505233,1.3195634420224585,2007-09-13,2021-08-25,2007-09-13,2021-08-25
185,17474607,João Pinheiro,Inmet,-46.11939,-17.78477,877.05,22.696626864028495,1.955506145038932,2007-07-08,2021-08-25,2007-07-08,2021-08-25
186,19444208,Caratinga,Inmet,-42.13715,-19.73576,609.25,23.35541062398439,1.4431176355520616,2007-07-08,2021-08-25,2007-07-08,2021-08-25
187,27385120,Campos Novos,Inmet,-51.21606,-27.38386,963.0,17.315009107468132,3.4287477231329677,2019-02-14,2021-08-25,2019-02-14,2021-08-25
188,27075263,Chapecó,Inmet,-52.63571,-27.08531,679.0,19.911844262295087,3.4258014571949027,2019-02-18,2021-08-25,2019-02-18,2021-08-25
189,10203743,Nossa Senhora da Glória,Inmet,-37.43189,-10.20778,271.0,25.143055555555563,2.4314285714285715,2019-03-17,2021-08-25,2019-03-17,2019-12-12
190,31805240,Capão do Leão (Pelotas),Inmet,-52.40722,-31.8025,13.0,18.24305555555556,3.2393214936247725,2019-07-18,2021-08-25,2019-07-18,2021-08-25
191,20454129,Alegre,Inmet,-41.48885,-20.75041,128.68,23.95271287455712,1.4145833283292284,2006-12-04,2021-06-18,2006-12-04,2021-06-18
192,18294073,Ecoporanga,Inmet,-40.73641,-18.29152,224.0,24.869543260473595,1.999637978142077,2017-03-17,2021-08-25,2017-03-17,2021-08-25
193,19404053,Marilândia,Inmet,-40.53983,-19.40718,95.0,24.442788251366125,1.3177609289617482,2017-03-22,2021-08-25,2017-03-22,2021-08-25
194,22654404,Rio Claro (Passa Três),Inmet,-44.04092,-22.65358,516.0,21.064734972677602,1.6145502283105018,2016-06-04,2021-08-25,2016-06-04,2021-08-25
195,20384118,Venda Nova do Imigrante,Inmet,-41.18993,-20.38542,722.0,20.070114754098363,1.1118237704918037,2017-02-10,2021-08-25,2017-02-10,2021-01-17
196,16075769,Cáceres,Inmet,-57.69305,-16.07474,123.53,26.560327652007985,1.3794602740914217,2012-03-30,2021-01-08,2012-03-30,2021-01-08
197,25835036,São Mateus do Sul,Inmet,-50.36899,-25.8356,780.21,17.34713274824751,0.5962147430590052,2011-04-16,2021-05-30,2011-04-16,2021-05-30
198,10724365,Buritirama,Inmet,-43.6512,-10.72293,506.06,26.7717396348339,1.4391447653742735,2011-12-15,2020-05-17,2011-12-15,2020-05-17
199,13003961,Amargosa,Inmet,-39.61688,-13.00947,397.8,23.098775349119606,1.7767191863995135,2011-11-28,2021-08-25,2011-11-28,2021-08-25
200,9833949,Uauá,Inmet,-39.49563,-9.83362,450.6,25.37193530444964,3.779500889062366,2011-12-15,2021-04-06,2011-12-15,2021-04-06
201,9575453,Guarantã do Norte,Inmet,-54.89783,-9.95259,283.58,25.871728749241054,0.7574445962355797,2011-10-23,2020-11-25,2011-10-23,2020-11-25
202,14005212,Água Boa,Inmet,-52.21169,-14.0165,440.0,26.038541059502144,2.377336412524936,2011-10-23,2021-07-27,2011-10-23,2021-07-27
203,15315508,Campo Verde,Inmet,-55.13565,-15.53143,748.27,23.819954256657113,2.8119301218665984,2011-10-23,2021-01-31,2011-10-23,2021-01-31
204,23594852,Itapeva,Inmet,-48.88582,-23.98192,743.33,19.798253002462015,2.320019230769233,2006-12-04,2021-08-25,2006-12-04,2021-08-25
205,22574951,Ourinhos,Inmet,-49.89455,-22.949,443.49,22.03323142476831,1.1311606517344217,2000-01-01,2020-08-20,2006-12-04,2020-08-20
206,25005051,Ivaí,Inmet,-50.85385,-25.01076,803.58,18.89010952526527,1.607807079305031,1991-02-18,2021-08-25,1991-02-18,2021-08-25
207,24265157,Nova Tebas,Inmet,-51.96302,-24.43735,656.24,20.895985790621054,1.3353025503640261,2000-01-01,2020-08-22,2000-01-01,2020-08-22
208,12335543,Sorriso,Inmet,-55.72286,-12.55511,379.31,26.041082325006535,1.078798247896609,2011-10-23,2020-09-01,2011-10-23,2020-09-01
209,17815328,Alto Taquari,Inmet,-53.28947,-17.84101,862.42,22.39806590987944,2.4101103738398835,2011-11-01,2020-07-31,2011-11-26,2020-07-31
210,15365721,Porto Estrela,Inmet,-57.22585,-15.32473,147.75,26.077718557550497,0.9400632318501172,2011-10-27,2021-08-25,2011-10-27,2021-08-25
211,15135811,Salto do Céu,Inmet,-58.12709,-15.12481,300.83,24.80620451687051,1.3696194379391107,2011-11-28,2020-07-22,2011-11-28,2020-07-22
212,27805033,Lages,Inmet,-50.33546,-27.80223,952.7,16.2642462919594,3.139118722352327,2014-11-06,2021-08-25,2014-11-06,2021-07-07
213,13475750,Campo Novo dos Parecis,Inmet,-57.83849,-13.78591,525.41,24.974638541937715,1.7332619914996967,2011-10-23,2021-04-15,2011-10-23,2021-04-15
214,14925388,Santo Antônio do Leste,Inmet,-53.88364,-14.92788,664.21,24.50309670179547,2.300673378988952,1999-12-31,2021-01-05,1999-12-31,2021-01-05
215,16164759,Luziânia,Inmet,-47.96696,-16.26054,1000.82,22.429428035989513,2.6481823595348177,2007-06-12,2021-08-25,2007-06-12,2021-08-25
216,15545214,Aragarças,Inmet,-52.24517,-15.90266,327.35,26.219306955794643,1.1970628642759784,2007-08-08,2021-05-15,2007-08-08,2021-04-11
217,15565008,Goiás,Inmet,-50.14143,-15.93973,512.86,25.653474373986658,1.124203772093116,2007-08-26,2021-08-25,2007-08-26,2021-08-25
218,14584932,Itapaci,Inmet,-49.53998,-14.97979,551.16,24.26672648617322,0.9759855399609495,2007-07-03,2021-08-25,2007-07-03,2021-08-25
219,17555143,Jataí,Inmet,-51.71747,-17.92362,670.08,23.002013971456584,1.5558069967373251,2007-07-03,2021-08-25,2007-07-03,2021-08-25
220,14054621,Posse,Inmet,-46.3665,-14.08921,830.0,24.59204834964672,2.250770541844312,2007-07-03,2021-08-25,2007-07-03,2021-08-25
221,12014833,Peixe,Inmet,-48.54452,-12.01538,250.87,26.72129779510104,1.247405431999695,1991-02-18,2020-07-31,1991-02-18,2020-07-31
222,11444902,Gurupi,Inmet,-49.0497,-11.74578,279.07,25.956076757941542,1.2112891821293454,2007-03-14,2020-06-23,2007-03-14,2020-06-23
223,8584811,Pedro Afonso,Inmet,-48.17726,-8.96868,189.71,26.957735257911498,0.7838138273384174,2007-03-14,2021-08-25,2007-03-14,2021-08-25
224,7064812,Araguaina,Inmet,-48.20123,-7.10395,230.76,25.739558549374113,0.8019710708235304,2007-03-14,2021-03-17,2007-03-14,2021-03-17
225,15134859,Goianésia,Inmet,-48.99011,-15.2202,667.01,24.608864947287092,1.1414442857537122,2007-07-03,2020-07-31,2007-07-03,2020-07-31
226,16585149,Caiapônia,Inmet,-51.81757,-16.96684,740.1,23.89701226505735,1.5605282031265624,2007-07-08,2021-08-25,2007-07-08,2021-08-25
227,14074731,Alto Paraíso de Goiás,Inmet,-47.52326,-14.13307,1264.7,20.58245714076451,2.0928654651359575,2007-07-03,2021-08-25,2007-07-03,2021-08-25
228,17475057,Rio Verde,Inmet,-50.96487,-17.7853,780.11,23.2542690456174,1.8444146777630386,2007-07-03,2021-08-25,2007-07-03,2021-08-25
229,16285044,Paraúna,Inmet,-50.42545,-16.96254,678.74,24.392957887740685,1.1619617286174666,2008-03-27,2021-08-25,2008-03-27,2021-08-25
230,13144653,Monte Alegre de Goiás,Inmet,-46.89033,-13.25352,551.33,25.72121367415219,1.603877958865662,2000-01-01,2020-07-31,2000-01-01,2020-07-31
231,17184817,Pires do Rio,Inmet,-48.28413,-17.30415,757.27,23.293331706999748,0.9112527022158174,2007-10-30,2021-08-25,2007-10-30,2021-08-25
232,18154794,Catalão,Inmet,-47.92761,-18.15478,900.72,23.094919158710155,1.942540958586043,2008-02-25,2021-08-25,2008-02-25,2021-08-25
233,18254912,Itumbiara,Inmet,-49.19206,-18.40976,491.17,24.398696411057056,1.427203957244941,2000-01-01,2021-07-19,2000-01-01,2021-07-19
234,16474737,Cristalina,Inmet,-47.61297,-16.7849,1211.08,20.983667857643272,2.010242098520785,2007-12-13,2021-08-25,2007-12-11,2021-08-25
235,15934813,Gama (Ponte Alta),Inmet,-48.13738,-15.93514,990.0,22.147213505074152,2.2903930523028886,2014-09-30,2021-08-25,2014-09-30,2021-08-25
236,12594952,Araguaçu,Inmet,-49.52874,-12.59221,231.0,26.88320127504554,1.7859995446265933,2015-08-19,2020-12-01,2015-08-19,2020-12-01
237,7617268,Cruzeiro do Sul,Inmet,-72.68133,-7.61077,220.0,26.016758652094712,0.9426520947176684,2000-01-01,2020-11-19,2000-01-01,2020-11-19
238,7266478,Lábrea,Inmet,-64.7885,-7.26068,61.91,26.57063755529535,0.7898970530835283,2011-12-15,2020-07-31,2011-12-15,2020-07-31
239,7636307,Humaitá,Inmet,-63.07134,-7.55252,53.56,26.427913348946138,0.8722007546187873,2011-12-15,2020-07-31,2011-12-15,2020-07-31
240,7205988,Apui,Inmet,-59.88856,-7.20548,156.97,26.125469489981793,0.6568948737965138,2011-12-15,2020-11-23,2011-12-15,2020-11-23
241,4096314,Coari,Inmet,-63.14532,-4.09748,33.84,27.044110720791043,1.2050627439500396,2011-12-15,2020-01-13,2011-12-15,2020-01-13
242,3585912,Autazes,Inmet,-59.12944,-3.58333,19.9,27.104335696938158,0.3551599770144853,2011-12-15,2021-04-24,2011-12-15,2021-04-24
243,3135848,Itacoatiara,Inmet,-58.48278,-3.13333,41.54,27.180052422152812,0.884735178679851,2011-12-15,2020-07-07,2011-12-15,2020-07-07
244,3395767,Maués,Inmet,-57.67377,-3.39901,25.49,26.383571753838158,0.4692195875618006,2011-12-15,2020-05-24,2011-12-15,2020-05-24
245,2635675,Parintins,Inmet,-56.75618,-2.63915,18.72,27.529923052736578,0.5486562147627724,2011-12-15,2020-07-31,2011-12-15,2020-07-31
246,2535775,Urucará,Inmet,-57.7581,-2.53475,18.49,27.49883559935814,0.7342493386243389,2011-12-15,2020-01-31,2011-12-15,2020-01-31
247,2435956,Rio Urubu,Inmet,-59.60058,-2.63365,112.84,26.08662128111719,0.6975528883684613,2000-01-01,2020-09-30,2000-01-01,2020-09-30
248,2056002,Presidente Figueiredo,Inmet,-60.02576,-2.05656,60.99,26.55213782635094,0.6635410595021245,2011-12-15,2021-05-28,2011-12-15,2021-05-28
249,29045014,Cambará do Sul,Inmet,-50.14964,-29.04913,1017.0,15.378519125683065,2.951793715846997,2016-11-25,2021-08-25,2016-11-25,2021-08-25
250,986292,Barcelos,Inmet,-62.92425,-0.98729,29.88,26.39980640124901,0.7057663283892796,2011-12-15,2020-01-07,2011-12-15,2020-01-07
251,126706,São Gabriel da Cachoeira,Inmet,-67.06125,-0.12521,79.67,25.8901564532917,0.7809061930783242,2011-12-01,2020-07-31,2011-12-01,2020-07-31
252,2806064,Boa Vista,Inmet,-60.69082,2.8169,82.35,27.798323566460862,1.8908952227189932,2000-01-01,2021-01-21,2000-01-01,2021-01-21
253,8267274,Porto Walter,Inmet,-72.74784,-8.2672,205.35,25.77018098924452,1.339863702402637,2000-01-01,2020-11-12,2000-01-01,2020-11-12
254,11026873,Epitaciolândia,Inmet,-68.73518,-11.02375,224.5,24.775094750195176,0.9722736143637782,2011-12-15,2020-04-26,2011-12-15,2020-04-26
255,1184755,Castanhal,Inmet,-47.94797,-1.30088,47.13,26.696377884031563,1.103817850637522,2011-10-23,2021-08-25,2011-10-23,2021-08-25
256,2324413,São Luís,Inmet,-44.21358,-2.52677,54.8,26.986354584092286,1.8853822100789328,2011-10-23,2021-08-25,2011-10-23,2021-08-25
257,5814616,Grajaú,Inmet,-46.1622,-5.81609,232.29,27.336543065313563,1.5687932604735888,2011-12-15,2021-02-06,2011-12-15,2018-11-06
258,3515296,Medicilandia,Inmet,-52.96345,-3.51094,251.68,25.999104302194485,0.5018982240437158,2011-12-15,2021-03-01,2011-12-15,2021-03-01
259,3845063,Pacajá,Inmet,-50.6381,-3.8437,89.02,27.012547998525466,0.6675330145719488,2011-12-15,2020-05-13,2011-12-15,2020-05-13
260,3885424,Placas,Inmet,-54.21642,-3.86404,100.45,26.515049006852294,0.6878670634920642,2012-02-11,2020-03-08,2012-02-11,2020-03-08
261,3014734,Paragominas,Inmet,-47.34312,-3.00993,84.89,26.802366965912057,1.0636865187787312,2011-12-14,2020-10-22,2011-12-14,2020-10-22
262,2414816,Tomé Açu,Inmet,-48.36059,-2.59261,42.95,26.59439670613238,0.9440424256223431,2011-12-15,2021-08-25,2011-12-15,2021-08-25
263,4784807,Rondon do Pará,Inmet,-48.07106,-4.78447,229.28,26.24581065140082,1.1861247831555206,2011-12-15,2021-03-17,2011-12-15,2021-03-17
264,614735,Salinópolis,Inmet,-47.3566,-0.61888,23.18,27.4564612607338,1.9939756266805435,2011-12-15,2020-06-08,2011-12-15,2020-06-08
265,6635195,São Félix do Xingu,Inmet,-51.95697,-6.63962,211.0,26.2552773224044,1.620876593806922,2000-01-02,2021-08-25,2000-01-01,2021-08-25
266,2594270,Farol Preguiças,Inmet,-42.70755,-2.59234,4.62,27.429570311822367,2.6000606839274862,2000-02-13,2020-03-20,2000-02-13,2020-03-20
267,1664537,Turiaçu,Inmet,-45.37257,-1.66122,35.86,26.95860151574291,2.2791182019255793,2011-12-15,2020-04-22,2011-12-15,2020-04-22
268,4244479,Bacabal,Inmet,-44.79499,-4.24306,22.33,27.890182452944725,1.0726768366727388,2011-11-19,2021-08-25,2011-12-01,2021-08-25
269,5504523,Barra do Corda,Inmet,-45.23705,-5.50678,154.19,27.556779143898005,1.3345611718275643,2011-11-04,2021-08-25,2011-12-15,2021-08-25
270,6034423,Colinas,Inmet,-44.2334,-6.03317,175.37,27.314377515395964,0.9855081750368642,2011-12-15,2021-01-15,2011-12-15,2021-01-15
271,9104593,Alto Parnaíba,Inmet,-45.93202,-9.1082,283.69,26.65013163741238,0.9365278674725389,2000-01-01,2021-08-25,2000-01-01,2021-08-25
272,6654741,Estreito,Inmet,-47.41824,-6.65327,182.96,26.28557847601702,1.1047727686703093,2011-12-15,2021-05-14,2011-12-15,2021-05-14
273,5554745,Imperatriz,Inmet,-47.45979,-5.55572,117.96,27.41499658469946,0.81850410920288,2011-12-15,2021-08-25,2011-12-15,2021-08-25
274,1074678,Bragança,Inmet,-46.78579,-1.04726,41.0,26.996525500910746,1.5737955481828432,2012-01-05,2021-01-19,2012-01-02,2021-01-19
275,814851,Soure,Inmet,-48.5158,-0.72783,12.54,27.62030976233843,2.304281811085089,2012-02-02,2020-02-19,2012-02-02,2020-02-19
276,3824967,Tucuruí,Inmet,-49.67496,-3.82276,137.94,26.760788711667825,0.6024502785465901,2000-01-01,2021-05-11,2000-01-01,2021-05-11
277,4275599,Itaituba,Inmet,-55.99309,-4.27698,24.46,27.645324095758557,0.99484683190216,2011-12-15,2020-07-31,2011-12-15,2020-07-31
278,1885551,Óbidos,Inmet,-55.51986,-1.88079,89.64,26.51341779425794,0.1379863279555903,2012-07-05,2021-04-05,2012-07-03,2021-04-05
279,9335035,Santana do Araguaia,Inmet,-50.35028,-9.33861,176.75,27.077722580015593,1.109955470986209,2011-12-15,2021-02-21,2011-12-15,2021-02-21
280,6745114,Tucumã,Inmet,-51.1419,-6.74321,320.93,25.704433515482705,1.2008584474885844,2016-11-12,2021-02-24,2016-11-12,2021-02-24
281,4254992,Novo Repartimento,Inmet,-49.93931,-4.24399,100.76,26.56651645849597,1.400936410356493,2011-11-17,2021-08-25,2012-02-09,2020-07-16
282,2244949,Cametá,Inmet,-49.49983,-2.23965,9.92,27.675594457455105,1.8148785128805613,2012-02-14,2020-10-07,2012-02-14,2020-10-07
283,4824334,Caxias,Inmet,-43.34366,-4.82135,84.85,27.22543965218147,1.303779870327002,2011-11-03,2020-02-22,2011-12-15,2020-02-22
284,5164937,Marabá,Inmet,-49.05117,-5.36645,116.58,26.492598599184667,1.2668608400555128,2011-12-15,2021-06-21,2011-12-15,2021-06-21
285,2005407,Monte Alegre,Inmet,-54.07648,-2.00005,100.53,27.66705997918293,2.9739939500390307,2000-01-01,2020-12-13,2000-01-01,2020-12-13
286,8254927,Conceição do Araguaia,Inmet,-49.28277,-8.30361,175.74,26.46139472200537,1.3648710967993765,2011-12-15,2021-08-25,2011-12-15,2021-08-25
287,705142,Porto Grande,Inmet,-51.42778,0.70278,74.09,26.309287145459265,1.5775437158469945,2011-12-15,2021-08-24,2011-12-15,2021-08-24
288,1734705,Capitão Poço,Inmet,-47.0575,-1.73477,79.1,26.004180317026638,1.932337583485124,2011-12-15,2021-05-25,2011-12-15,2021-05-25
289,2505472,Santarém,Inmet,-54.72028,-2.50257,137.0,26.528275956284155,1.2805232240437163,2015-09-02,2020-01-22,2015-09-02,2020-01-22
290,8033457,Recife,Inmet,-34.95924,-8.05928,11.3,25.864699984820913,1.5682443186746475,2011-10-23,2021-08-25,2011-10-23,2021-08-25
291,9403542,Maceió,Inmet,-35.7702,-9.55117,84.12,25.43098204527713,2.64985340228988,2011-10-23,2021-08-25,2011-10-23,2021-08-25
292,5543512,Natal,Inmet,-35.20792,-5.83719,47.46,26.74116454159078,4.189979280510018,2011-10-18,2021-08-25,2011-10-18,2021-08-25
293,3463833,Fortaleza,Inmet,-38.53779,-3.8157,29.55,27.43104280510017,2.5671384335154817,2011-10-24,2021-08-25,2011-10-24,2021-08-25
294,3434020,Sobral,Inmet,-40.34572,-3.74818,92.07,27.84660481177896,1.8606798724954456,2011-10-24,2021-02-25,2011-10-24,2021-02-25
295,9234029,Petrolina,Inmet,-40.52326,-9.38832,372.72,27.39543480570735,3.5592989526411634,2011-10-23,2021-08-25,2011-10-23,2021-08-25
296,3054147,Parnaíba,Inmet,-41.78314,-3.08666,52.11,27.306863572295946,3.186789389799637,2011-10-24,2021-08-25,2011-10-24,2021-08-25
297,8263703,Arco Verde,Inmet,-37.05548,-8.43354,683.95,23.945223284760186,3.411649199843871,2011-10-24,2021-08-25,2012-05-14,2021-08-25
298,6583542,Areia,Inmet,-35.71813,-6.97545,573.45,22.46964336672738,3.926358758348514,2011-10-24,2021-08-25,2011-10-24,2021-08-25
299,6464301,Floriano,Inmet,-43.0034,-6.76144,126.39,28.925102643334196,1.430999924104431,2000-01-17,2020-04-11,2000-01-17,2020-04-11
300,5044248,Teresina,Inmet,-42.80134,-5.03477,75.23,28.30696828649495,1.2668526867030971,2011-12-15,2021-08-25,2011-12-15,2021-08-25
301,7133554,Campina Grande,Inmet,-35.90483,-7.22557,546.17,23.711078020643594,3.314720682626417,2011-10-29,2021-08-25,2011-10-29,2021-08-25
302,7183916,Barbalha,Inmet,-39.27111,-7.30093,409.41,26.658043227946905,1.7545026129759744,2011-10-24,2021-08-07,2011-10-24,2021-08-07
303,6273706,Caicó,Inmet,-37.08493,-6.46747,171.26,29.02117089513399,3.0113680501344433,2011-10-29,2021-08-25,2011-10-29,2021-08-25
304,5463637,Macau,Inmet,-36.57314,-5.15104,17.37,28.138630280163056,4.629946667100358,2011-10-02,2020-12-03,2011-10-02,2020-12-03
305,5123718,Mossoró,Inmet,-37.36694,-4.90409,29.44,27.541937342787755,3.5873991131060787,2011-10-23,2020-04-02,2011-10-23,2020-04-02
306,6233916,Iguatu,Inmet,-39.26895,-6.39638,221.56,27.858501756440276,2.5304105516523547,2000-01-01,2021-08-25,2000-01-01,2021-08-25
307,7083451,João Pessoa,Inmet,-34.81563,-7.16541,33.5,26.562511373492946,2.1368045038598313,2011-10-24,2021-05-20,2011-10-24,2021-05-20
308,7043716,Patos,Inmet,-37.27282,-7.07984,263.66,28.321291514875533,3.252842972070432,2011-10-24,2021-08-01,2011-10-24,2021-08-01
309,7843575,Surubim,Inmet,-35.80106,-7.83963,421.44,24.732565877352748,3.121571038251365,2011-11-04,2021-08-25,2011-11-04,2021-08-25
310,6753822,São Gonçalo,Inmet,-38.31158,-6.83578,237.04,27.562262902246502,1.8564998482088646,2011-11-09,2021-08-25,2011-11-09,2021-08-25
311,8444386,Alvorada do Gurguéia,Inmet,-43.86544,-8.4416,261.26,27.696662188828192,1.4315670157862792,2011-10-31,2021-07-24,2011-10-31,2021-07-24
312,9284332,Caracol,Inmet,-43.32444,-9.28588,515.3,26.224286885245903,2.2583285519125695,2011-10-31,2021-08-25,2011-10-31,2021-08-25
313,4783777,Jaguaruana,Inmet,-37.77719,-4.85351,16.57,28.069034532483297,2.6635109289617507,2011-11-01,2021-08-25,2011-11-01,2021-08-25
314,8293596,Caruaru,Inmet,-35.98555,-8.23607,570.05,22.674795266285027,3.1115984582357554,2011-12-15,2021-01-25,2011-12-15,2021-01-25
315,9034270,São Raimundo Nonato,Inmet,-42.70111,-9.03321,383.13,27.684182452944768,2.084587887067395,2011-11-14,2021-08-25,2011-11-14,2021-08-25
316,7474434,Uruçui,Inmet,-44.34506,-7.44142,398.83,26.605033545840914,0.814527625986643,2011-11-27,2021-05-07,2011-12-15,2021-05-07
317,7483628,Cabaceiras,Inmet,-36.28647,-7.48321,391.96,25.62306322100789,2.918868321190044,2011-11-17,2021-02-08,2011-11-17,2021-02-08
318,8503771,Ibimirim,Inmet,-37.71159,-8.50955,434.23,26.06753339404979,3.07329447480267,2011-12-15,2021-08-25,2011-12-15,2021-08-25
319,7953829,Serra Talhada,Inmet,-38.29508,-7.95428,499.02,26.128771512943633,2.5198551774576354,2000-01-01,2021-07-11,2000-01-01,2021-07-11
320,6974214,Oeiras,Inmet,-42.14683,-6.97414,154.03,28.12943392748722,2.0014790961922113,2011-12-15,2020-12-14,2011-12-15,2020-12-14
321,10123628,Coruripe,Inmet,-36.28635,-10.12848,82.39,26.43689261861394,2.346950461878741,2011-12-15,2020-12-03,2011-12-15,2020-12-03
322,9283556,São Luis do Quitunde,Inmet,-35.56588,-9.28748,13.69,25.423042653309036,1.964402777777779,2011-10-31,2021-08-25,2011-10-31,2021-08-25
323,8663556,Palmares,Inmet,-35.56792,-8.66667,164.01,24.76591638476884,2.101398321623729,2011-10-31,2021-08-25,2011-10-31,2021-08-25
324,5903862,Jaguaribe,Inmet,-38.62779,-5.90559,149.31,29.2790196461098,2.815584124815682,2011-10-31,2020-07-27,2011-10-31,2020-07-27
325,9874534,Gilbués,Inmet,-45.34581,-9.8752,425.1,28.235336108942672,2.3492525912915276,2011-10-31,2020-08-02,2011-10-31,2020-08-02
326,8114297,Canto do Buriti,Inmet,-42.97572,-8.11794,312.07,27.6782635853066,2.679075960621042,2011-10-31,2021-08-25,2011-10-31,2021-08-25
327,7884010,Ouricuri,Inmet,-40.10268,-7.88583,457.85,27.147178278688518,3.1066100160464916,2011-12-15,2021-08-25,2011-12-15,2021-08-25
328,12393909,Cruz das Almas,Inmet,-39.08958,-12.67542,219.76,24.2784664216324,2.621175199496919,2011-10-23,2021-04-21,2011-10-23,2021-04-21
329,13314007,Itiruçu,Inmet,-40.11975,-13.52783,757.42,21.026467603434813,2.2924877591291533,2011-10-23,2021-08-25,2011-10-23,2021-08-25
330,12314017,Itaberaba,Inmet,-40.29971,-12.52406,250.11,25.658918943533674,2.1090916818457823,2011-10-23,2021-08-25,2011-10-23,2021-08-25
331,10573703,Aracaju,Inmet,-37.05433,-10.95241,3.72,26.77840467516696,2.4737400793650797,2011-10-23,2021-08-25,2011-10-23,2021-08-25
332,14393909,Ilhéus,Inmet,-39.18144,-14.6588,80.21,23.449744828259195,2.1964780119698157,2011-10-23,2021-08-25,2011-10-23,2019-06-17
333,12074021,Macajuba,Inmet,-40.35422,-12.13169,338.85,24.903536050394656,2.6824779902853675,2011-10-23,2021-08-25,2011-10-23,2021-08-25
334,12153858,Feira de Santana,Inmet,-38.96738,-12.1962,229.64,24.68243766805444,2.4769502125075884,2011-10-23,2021-03-21,2011-10-23,2021-03-21
335,14534048,Vitória da Conquista,Inmet,-40.80133,-14.88643,879.38,20.577805718188916,2.4812531225604997,2011-10-23,2021-04-13,2011-10-23,2021-04-13
336,13334461,Correntina,Inmet,-44.61738,-13.33239,551.71,24.740834363344597,1.5342721506635446,2011-10-25,2021-08-25,2011-10-25,2021-08-25
337,11163747,Itabaianinha,Inmet,-37.795,-11.2725,204.8,24.606181639777965,2.618757459450082,2011-10-24,2021-08-25,2011-10-24,2021-08-25
338,9604210,Remanso,Inmet,-42.07721,-9.62569,397.4,27.368083680284503,3.4948933450429376,2011-11-28,2021-08-25,2011-11-28,2021-08-25
339,12554138,Lençóis,Inmet,-41.38881,-12.55785,438.09,24.85390809046752,0.9653041135397703,2011-11-28,2021-08-25,2011-11-28,2021-08-25
340,16383918,Porto Seguro,Inmet,-39.18239,-16.38898,86.36,23.49949816766416,1.4379030054644817,2011-12-15,2020-08-13,2011-12-15,2020-08-13
341,10444014,Senhor do Bonfim,Inmet,-40.14824,-10.44307,532.09,24.201363919247118,2.724003989938418,2011-12-15,2021-08-25,2011-12-15,2021-08-25
342,26445383,São Miguel do Oeste,Inmet,-53.50454,-26.7767,654.51,19.748074898689666,2.815348892910369,2008-03-11,2021-08-25,2008-03-11,2021-08-25
343,11084313,Barra,Inmet,-43.139,-11.08486,407.5,27.889813221007888,1.8509760928961763,2011-11-28,2021-08-25,2011-11-28,2021-08-25
344,13154177,Piatã,Inmet,-41.77413,-13.15568,1283.95,19.678940194292665,2.5652972070431077,2011-12-15,2021-08-25,2011-12-15,2021-08-25
345,11813761,Conde,Inmet,-37.68389,-12.03583,31.9,25.82909869676468,2.6973787514094876,2011-12-15,2021-02-27,2011-12-15,2021-02-27
346,10983961,Queimadas,Inmet,-39.61701,-10.98465,310.11,26.194622647237402,3.3163084395871265,2011-12-15,2021-08-25,2011-12-15,2021-08-25
347,15283909,Una,Inmet,-39.09127,-15.28022,74.08,23.916770740188785,1.3552295150963178,2000-01-01,2021-08-25,2000-01-01,2021-08-25
348,13903897,Maraú,Inmet,-38.97222,-13.90694,6.24,25.32393867638129,2.072058667273832,2011-12-15,2021-02-24,2011-12-15,2021-02-24
349,12194321,Ibotirama,Inmet,-43.21342,-12.19306,425.12,28.000540495706474,1.9830257719663462,2011-12-10,2021-08-25,2011-12-10,2021-08-25
350,11204046,Jacobina,Inmet,-40.46498,-11.20514,440.78,24.322792794257957,2.0063060542978577,2011-12-15,2020-09-03,2011-12-15,2020-09-03
351,11663902,Serrinha,Inmet,-39.02295,-11.66459,337.79,24.474783339838673,2.787169041113714,2011-12-15,2021-07-31,2011-12-15,2021-07-31
352,10533899,Euclides da Cunha,Inmet,-38.99661,-10.53723,431.96,24.68172594110506,3.1201136265070684,2011-11-30,2021-08-25,2011-11-30,2021-08-25
353,10454120,Delfino,Inmet,-41.207,-10.45492,646.24,24.33218041460665,2.6543149449215027,2011-12-15,2020-12-29,2011-12-15,2020-12-29
354,13343912,Valença,Inmet,-39.12667,-13.34361,93.12,23.701123150907982,1.4078451040459232,2000-01-01,2021-08-18,2000-01-01,2021-08-18
355,14173969,Ipiaú,Inmet,-39.6925,-14.1713,132.11,23.885111837540112,1.4407895307485477,2011-12-15,2020-11-25,2011-12-15,2020-11-25
356,15244022,Itapetinga,Inmet,-40.22955,-15.24462,271.48,24.371675091074657,2.177682452944747,2011-11-30,2021-04-19,2011-11-30,2021-04-19
357,16083921,Belmonte,Inmet,-39.21539,-16.08805,89.67,23.326232555847316,1.6260423388845542,2000-01-01,2021-01-11,2011-12-15,2021-01-11
358,9003991,Curaçá,Inmet,-39.9124,-9.0013,370.0,27.51029274004685,3.1572085610200378,2015-08-19,2021-08-25,2015-08-19,2021-08-25
359,11054550,Formosa do Rio Preto,Inmet,-45.20077,-11.05216,488.0,25.589797358834215,1.369556921675774,2016-06-04,2020-11-27,2016-06-04,2020-11-27
360,21134346,Barbacena,Inmet,-43.7677,-21.22837,1168.76,18.533418789298597,1.8882893291152008,2003-03-20,2021-08-25,2003-03-20,2021-08-25
361,19364656,Araxá,Inmet,-46.94962,-19.6057,1018.32,21.53733709474587,2.5363386944270574,2002-12-19,2021-08-25,2002-12-19,2021-08-25
362,16434353,Montes Claros,Inmet,-43.84376,-16.68632,645.87,23.637158341886252,1.8548718354132963,2002-12-18,2021-08-25,2002-12-18,2021-08-25
363,18554815,Uberlândia,Inmet,-48.25566,-18.91707,874.77,23.17316069770347,1.8722452498303532,2003-03-20,2021-08-25,2003-03-20,2021-08-25
364,16174041,Almenara,Inmet,-40.68776,-16.16677,189.11,25.491602146942274,1.5859551532256435,2006-12-06,2021-08-25,2006-12-06,2021-08-25
365,22514602,Monte Verde,Inmet,-46.04337,-22.8616,1544.89,15.233589534447649,1.3437371022179365,2004-12-19,2021-08-25,2004-12-19,2021-08-25
366,20464252,Viçosa,Inmet,-42.86401,-20.76261,697.64,19.8797658730159,0.8472968546708304,2005-09-15,2021-08-25,2005-09-15,2021-08-25
367,19344238,Timóteo,Inmet,-42.62241,-19.57382,493.42,22.527572365589798,1.0242763278388278,2006-02-24,2021-08-25,2006-02-24,2021-08-25
368,18574931,Ituiutaba,Inmet,-49.52507,-18.95291,540.08,23.82009618296093,1.5090783956480691,2006-05-11,2021-04-10,2006-05-11,2021-04-10
369,21064223,Muriaé,Inmet,-42.3759,-21.10487,282.79,23.16881577166003,1.1981272725453045,2006-12-04,2021-08-25,2006-08-29,2021-08-25
370,21464321,Juiz de Fora,Inmet,-43.36433,-21.76997,936.88,19.258848590844487,2.6205923607358037,2007-06-12,2021-08-25,2007-06-12,2021-08-25
371,19324932,Campina Verde,Inmet,-49.51813,-19.53921,559.07,23.993414970275634,1.7695468734362183,2006-12-04,2021-08-25,2006-12-04,2021-08-25
372,19594809,Conceição das Alagoas,Inmet,-48.15157,-19.98586,572.54,23.268294426429673,2.2078631377729736,2006-12-04,2021-08-25,2006-12-04,2021-08-25
373,19534358,Belo Horizonte - Pampulha,Inmet,-43.9694,-19.88395,854.02,21.94899593666808,2.037507150863706,2006-12-04,2021-08-25,2006-12-04,2021-08-25
374,17484015,Serra dos Aimorés,Inmet,-40.24993,-17.7988,211.97,23.598132818911516,2.6999655467483357,2006-12-04,2020-12-12,2006-12-04,2020-12-12
375,19004658,Patrocíonio,Inmet,-46.98594,-18.99668,978.11,20.677388993975054,1.3301792369743186,2006-12-04,2021-08-25,2006-12-04,2021-08-25
376,20274527,Formiga,Inmet,-45.45383,-20.45493,878.14,21.44165041834304,1.7102230378910712,2006-12-04,2021-08-25,2006-12-04,2021-08-25
377,19534726,Sacramento,Inmet,-47.4341,-19.87527,913.12,21.982572154166416,2.0530626813987465,2006-12-04,2021-08-25,2006-12-04,2021-08-25
378,14244424,Montalvânia,Inmet,-44.40412,-14.40823,519.52,24.28437412375114,1.6806246205221622,2007-06-26,2021-03-31,2007-06-26,2021-03-31
379,17544131,Teófilo Otoni,Inmet,-41.51542,-17.89284,467.17,23.149215089555238,1.6704002300067868,2006-12-04,2021-08-25,2006-12-04,2021-08-25
380,18124528,Três Marias,Inmet,-45.45984,-18.20086,931.01,22.140505659640898,2.588659260593689,2006-12-04,2021-08-25,2006-12-04,2021-08-25
381,22234457,Passa Quatro,Inmet,-44.96191,-22.3958,1017.1,18.982880533401026,2.099334550240289,2007-07-03,2021-08-25,2007-07-03,2021-08-25
382,21554622,Caldas,Inmet,-46.383,-21.91807,1077.34,17.98706675974298,0.8893850507416085,2007-05-30,2021-08-25,2007-05-30,2021-08-25
383,22184522,Maria da Fé,Inmet,-45.37305,-22.31457,1281.43,16.76652606137032,0.7359761404351567,2006-12-09,2021-08-25,2006-12-09,2021-08-25
384,18474159,Governador Valadares,Inmet,-41.97701,-18.83035,198.24,24.250191451990624,1.6294595814022041,2007-07-03,2021-08-25,2007-07-03,2021-08-25
385,18474256,Guanhães,Inmet,-42.94292,-18.78684,852.68,20.713895359194556,1.700054459656919,2007-07-03,2021-08-25,2007-07-03,2021-08-25
386,19304103,Aimorés,Inmet,-41.0908,-19.53277,287.74,24.265264840502525,2.2793510293592263,2000-01-01,2020-05-11,2000-01-01,2020-05-11
387,19284535,Dores do Indaiá,Inmet,-45.59393,-19.48194,721.09,22.517278703536885,1.7860583778698542,2007-07-08,2021-08-25,2007-07-08,2021-08-25
388,18134338,Diamantina,Inmet,-43.64827,-18.23105,1359.25,18.528413193818952,3.0724043966052164,2007-07-03,2021-08-25,2007-07-03,2021-08-25
389,18444427,Curvelo,Inmet,-44.45379,-18.74771,669.48,23.07797386356813,1.7093728857663306,2007-07-03,2021-08-25,2007-07-03,2021-08-25
390,15054402,Mocambinho,Inmet,-44.01604,-15.08596,454.0,25.06778515883025,1.109594267299185,2007-11-19,2021-08-25,2007-11-19,2021-08-25
391,15184537,Chapada Gaúcha,Inmet,-45.61743,-15.30016,873.2,23.08261748633879,2.7034928037202635,2007-07-03,2021-03-31,2007-07-03,2021-03-31
392,20264218,Manhuaçu,Inmet,-42.18282,-20.26338,819.47,20.097373572769058,2.010051003792806,2010-10-02,2020-12-15,2010-10-02,2020-12-14
393,21544326,Coronel Pacheco,Inmet,-43.26103,-21.54673,411.14,22.7422010798855,1.3680095303148574,2012-11-07,2021-08-25,2012-11-07,2021-08-25
394,19454417,Sete Lagoas,Inmet,-44.17338,-19.45529,719.0,21.931646630236788,2.0036338797814226,2016-06-11,2021-08-25,2016-06-11,2021-07-12
395,22484341,Seropédica - Ecologia Agrícola,Inmet,-43.68484,-22.75787,34.64,23.778447166676692,1.9979025000500408,2006-12-04,2021-08-25,2006-12-04,2021-08-25
396,23034336,Rio de Janeiro - Marambaia,Inmet,-43.59569,-23.05033,9.16,23.29313290898536,3.3650583260091462,2006-12-04,2021-08-25,2006-12-04,2021-08-25
397,22354316,Duque de Caxias - Xerém,Inmet,-43.28223,-22.58981,24.35,22.821261629536224,0.7825537240537243,2006-12-03,2021-08-25,2006-12-04,2021-08-25
398,21344157,Cambuci,Inmet,-41.95833,-21.58773,59.94,23.885622364429754,0.9553834075760302,2005-03-25,2021-08-25,2006-12-04,2021-08-25
399,22584200,Arraial do Cabo,Inmet,-42.02145,-22.97547,3.34,23.32384983686624,4.524408428547772,2006-12-04,2021-08-25,2006-12-04,2021-08-25
400,21424121,Campos,Inmet,-41.34402,-21.71477,16.67,23.803757726335594,3.1010415590784435,2006-12-04,2021-08-25,2006-12-04,2021-08-25
401,22234149,Macaé,Inmet,-41.81205,-22.37632,24.61,23.399951084889597,2.5981492587558157,2006-12-04,2021-08-08,2006-12-04,2021-08-08
402,22274427,Resende,Inmet,-44.44479,-22.45092,438.83,21.6521702896375,1.843876508737163,2006-12-04,2021-08-25,2006-12-04,2021-08-25
403,22274317,Petrópolis - Pico do Couto,Inmet,-43.29151,-22.46489,1758.22,14.131212158970355,4.583807411850445,2006-12-04,2020-03-01,2006-12-04,2020-02-08
404,22214342,Valença,Inmet,-43.69566,-22.35809,367.21,21.911581446634727,1.5780966023957843,2006-12-04,2021-08-25,2006-12-04,2021-08-25
405,20164018,Vitória,Inmet,-40.30607,-20.27109,9.0,24.306295507315973,1.7985988060209361,2006-12-04,2021-08-25,2006-12-04,2021-08-25
406,19594035,Santa Teresa,Inmet,-40.57957,-19.98839,975.92,18.25323327947098,1.8741774309479229,2000-01-01,2021-08-25,2000-01-01,2021-08-25
407,19214004,Linhares,Inmet,-40.06868,-19.35692,37.82,24.276130266818814,2.951110455573572,2006-12-04,2021-08-25,2006-12-04,2021-08-25
408,20384044,Alfredo Chaves,Inmet,-40.74182,-20.63653,14.19,24.1951763846354,1.904081236614022,2006-12-04,2021-08-25,2006-12-04,2021-08-25
409,18423950,São Mateus,Inmet,-39.86405,-18.6762,28.66,23.92641516543567,2.525750830681157,2006-12-01,2021-08-25,2006-12-01,2021-08-25
410,22264259,Teresópolis - Parque Nacional,Inmet,-42.98715,-22.44892,991.44,18.043413669208753,0.7372347625052544,2007-07-03,2021-08-25,2007-07-03,2021-08-25
411,23134443,Paraty,Inmet,-44.72686,-23.22354,3.0,22.738003909569475,1.4911155802303342,2007-03-30,2021-08-25,2007-03-30,2021-08-25
412,22374105,Campos - São Tomé,Inmet,-41.05187,-22.04165,7.18,24.10535529361348,3.5866460247402876,2008-06-13,2021-08-25,2008-06-13,2021-08-25
413,22514324,Rio de Janeiro - Vila Militar,Inmet,-43.41141,-22.86132,30.43,24.09105707680299,1.3689674483076117,2007-07-03,2021-08-25,2007-07-03,2021-08-25
414,21104103,Presidente Kennedy,Inmet,-41.0394,-21.10081,69.12,23.951928128792893,3.6997751974801143,2008-06-18,2021-08-25,2008-06-17,2021-08-25
415,18694039,Nova Venécia,Inmet,-40.39057,-18.69527,156.02,24.212231129526216,2.1550383064112566,2008-06-21,2021-08-25,2008-06-21,2021-08-25
416,22274252,Nova Friburgo-Salinas,Inmet,-42.67693,-22.33484,1065.08,17.037598774631572,2.2260543678392044,2010-10-02,2021-08-25,2010-10-02,2021-08-25
417,22984319,Rio de Janeiro - Forte de Copacabana,Inmet,-43.19044,-22.98829,25.59,23.532198322624538,2.6972843982065307,2007-07-03,2021-08-25,2007-07-03,2021-08-25
418,20104110,Afonso Cláudio,Inmet,-41.10686,-20.10419,507.48,22.281496606383907,1.9816026433342,2011-09-26,2020-07-04,2011-09-26,2020-07-04
419,22644260,Silva Jardim,Inmet,-42.41578,-22.64591,19.0,23.2967868852459,1.2999954462659373,2015-08-28,2021-08-25,2015-08-28,2021-08-25
420,22874261,Saquarema - Sampaio Correia,Inmet,-42.60922,-22.87132,26.0,23.729670309653905,1.8259717668488162,2015-09-02,2021-08-25,2015-09-02,2021-08-25
421,23304637,São Paulo (Mirante de Santana),Inmet,-46.62009,-23.49629,785.64,20.379799180327854,1.9199344262295077,2006-12-04,2021-08-25,2006-12-04,2021-08-25
422,20275436,Campo Grande,Inmet,-54.72262,-20.4472,528.47,23.89022276766949,3.0478737364639,2006-12-04,2021-08-25,2006-12-04,2021-08-25
423,22325532,Ponta Porã,Inmet,-55.71632,-22.55245,668.0,21.748944369382905,2.2437880286835203,2000-01-01,2021-08-25,2000-01-01,2021-08-25
424,23245155,Maringá,Inmet,-51.93283,-23.40536,548.51,22.893927900878722,2.0472744500490405,2006-12-04,2021-08-25,2006-11-21,2021-08-25
425,20465142,Três Lagoas,Inmet,-51.7122,-20.79,328.94,25.08050862980371,1.1876110845741994,2006-12-04,2021-08-25,2006-12-04,2019-12-03
426,22184942,Bauru,Inmet,-49.02888,-22.35805,636.17,21.741103785103782,1.3956522898776993,2006-12-04,2021-08-25,2006-12-04,2021-08-25
427,22454536,Campos do Jordão,Inmet,-45.60384,-22.75023,1662.95,15.03128423807522,1.3225645329169915,2006-09-28,2021-08-25,2006-09-28,2021-08-25
428,22075124,Presidente Prudente,Inmet,-51.40864,-22.11987,431.92,23.739531215596788,1.5665123251065867,2006-12-04,2021-08-25,2006-12-04,2021-08-25
429,20344722,Franca,Inmet,-47.38255,-20.58448,1002.74,21.58494013591146,1.9833784203046505,2006-12-04,2021-08-25,2006-12-04,2021-08-25
430,22185349,Ivinhema,Inmet,-53.8229,-22.30042,377.36,24.009141305870827,2.6312120939170134,2006-12-04,2021-08-25,2006-12-04,2021-08-25
431,19415110,Paranaíba,Inmet,-51.18177,-19.69552,408.06,24.336816354865523,1.8695684223184212,2006-12-04,2020-08-22,2006-12-19,2020-08-22
432,21574752,São Carlos,Inmet,-47.88393,-21.98035,859.29,21.03190073860566,1.7828007916491513,2007-07-14,2021-08-25,2007-07-14,2021-08-25
433,24434733,Iguape,Inmet,-47.5459,-24.67165,2.7,21.588112277067218,1.3446028793610767,2006-12-04,2021-08-25,2006-12-04,2021-08-25
434,23214740,Sorocaba,Inmet,-47.58555,-23.42604,609.33,20.745105127454504,2.2281001896555175,2000-01-01,2021-08-25,2000-01-01,2021-08-25
435,23514809,São Miguel Arcanjo,Inmet,-48.16482,-23.85202,675.68,19.491849781821102,2.283426129426129,2000-01-01,2021-08-25,2000-01-01,2021-08-25
436,18585639,Nhumirim,Inmet,-56.62287,-18.98868,102.26,25.366572099197096,1.7083936220124736,2006-12-04,2020-05-10,2006-12-04,2020-05-10
437,22125053,Rancharia,Inmet,-50.97471,-22.37283,398.75,21.796890275025522,1.5863401939590467,2006-12-04,2021-08-25,2006-12-04,2021-08-25
438,20285547,Aquidauana,Inmet,-55.78401,-20.47542,151.35,25.233503789470987,1.1990043203608778,2006-12-04,2021-07-02,2006-12-04,2021-07-02
439,18305444,Coxim,Inmet,-54.73612,-18.51215,251.48,25.05354898016375,0.8867044676634837,2000-01-01,2021-03-31,2000-01-01,2021-03-31
440,22115454,Dourados,Inmet,-54.91136,-22.19392,463.3,23.09620727678517,2.268958772557134,2006-12-04,2021-08-07,2006-12-04,2021-08-07
441,20235625,Miranda,Inmet,-56.43174,-20.39553,132.49,24.957491003380326,0.9858945749150674,2006-12-04,2021-03-31,2006-12-04,2021-03-31
442,21425753,Porto Murtinho,Inmet,-57.88655,-21.70585,78.56,25.220440310600164,1.665068891491023,2006-12-04,2021-08-13,2006-12-04,2021-08-13
443,18595738,Corumbá,Inmet,-57.6375,-18.99667,111.73,26.399250455373405,1.7022667655659451,2006-12-04,2021-03-31,2006-12-04,2021-03-31
444,23044853,Avaré,Inmet,-48.941,-23.10175,776.36,20.806121283088487,2.286975217405547,2006-12-04,2021-02-21,2006-12-04,2021-02-21
445,22424737,Piracicaba,Inmet,-47.62332,-22.70313,566.46,21.837701942865873,1.8985354740887523,2006-12-04,2020-11-20,2006-12-04,2020-11-20
446,21484945,Lins,Inmet,-49.73485,-21.66605,460.65,23.568712900942398,1.6404076137887618,2006-12-04,2021-03-27,2006-12-04,2021-03-27
447,23024531,Taubaté,Inmet,-45.52084,-23.04167,582.26,21.020075847194704,1.9316079985588186,1991-02-20,2021-02-26,1991-02-20,2021-02-26
448,20244957,Votuporanga,Inmet,-49.96603,-20.40322,510.37,24.329736313322364,1.7137445705478485,2007-07-03,2021-08-25,2007-07-03,2021-08-25
449,18485236,Chapadão do Sul,Inmet,-52.60262,-18.80219,820.82,22.822247981981587,2.1387058228656612,2000-01-01,2020-02-22,2000-01-01,2020-02-22
450,19255433,São Gabriel do Oeste,Inmet,-54.55309,-19.42032,646.0,23.212082011795125,1.6202015903040485,2000-01-01,2021-04-09,2000-01-01,2021-04-09
451,20095035,Jales,Inmet,-50.59513,-20.16503,460.44,24.58593268980565,2.410405907844432,2007-08-26,2021-08-24,2007-08-26,2021-08-24
452,21195055,Valparaiso,Inmet,-50.93016,-21.31914,381.9,23.95598115227212,2.100135183577806,2007-08-29,2021-08-25,2007-08-29,2021-08-25
453,21054955,José Bonifácio,Inmet,-49.92039,-21.08568,408.35,23.431359777896677,2.1890679419244985,2007-09-04,2020-05-18,2007-09-04,2020-05-18
454,21084850,Ariranha,Inmet,-48.84043,-21.13294,525.44,23.37018875477891,1.8238270882123324,2007-11-19,2021-08-25,2007-11-19,2021-08-25
455,21514848,Ibitinga,Inmet,-48.79972,-21.85557,496.75,22.456280702448744,1.7360494036928464,2007-11-19,2021-08-25,2007-11-19,2021-08-25
456,21464704,Casa Branca,Inmet,-47.07528,-21.78056,734.15,22.045868425745482,1.492316863464405,2007-06-27,2020-06-24,2007-06-27,2020-06-24
457,22254648,Itapira,Inmet,-46.80529,-22.41506,634.89,21.814382539136638,1.053282541684182,2007-11-19,2020-05-16,2007-11-19,2020-05-16
458,23144525,São Luis do Paraitinga,Inmet,-45.41706,-23.22836,862.3,19.057461793670804,1.424967047979343,2007-10-31,2021-04-22,2007-10-31,2021-04-22
459,22374855,Barra Bonita,Inmet,-48.55757,-22.47121,533.68,22.693240432154372,2.215745961688583,2008-05-02,2021-08-25,2008-05-02,2021-08-25
460,19315172,Cassilândia,Inmet,-51.72073,-19.12247,494.72,24.44094015729262,1.1521431573890593,2008-03-11,2021-08-25,2008-03-11,2021-03-31
461,21775452,Rio Brilhante,Inmet,-54.52811,-21.77494,324.31,23.286795096979517,1.3962869553033477,2008-06-23,2021-08-25,2008-06-23,2021-08-25
462,21354816,Pradópolis,Inmet,-48.11401,-21.33843,540.41,22.430926459696945,2.034365204467661,2008-04-24,2021-08-25,2008-04-24,2021-08-25
463,23005532,Amambaí,Inmet,-55.32936,-23.00253,433.59,22.051564487880057,1.8203928025526381,2008-06-11,2020-11-05,2008-06-11,2020-11-05
464,23965502,Sete Quedas,Inmet,-55.02423,-23.96689,398.4,22.362959545008714,2.191348940221891,2008-06-11,2021-02-11,2008-06-11,2021-02-11
465,20944848,Bebedouro,Inmet,-48.48994,-20.9492,610.0,23.91978142076503,2.0600387067395274,2016-10-27,2020-04-23,2016-10-27,2020-04-23
466,23445418,Itaquiraí,Inmet,-54.18186,-23.4495,337.82,22.938718317050277,1.827929568913176,2008-06-01,2021-08-25,2008-06-01,2021-08-25
467,20354777,Ituverava,Inmet,-47.77522,-20.35976,610.58,22.73978235486434,1.65803183474085,2008-07-16,2021-08-25,2008-07-17,2021-08-25
468,20985497,Sidrolândia,Inmet,-54.97187,-20.98164,471.43,23.666022074464717,2.1362886377435566,2008-09-29,2021-08-25,2008-09-29,2021-08-25
469,23524686,Baruerí,Inmet,-46.86945,-23.52389,776.5,19.835050974223115,1.5224955004770577,2011-03-23,2021-08-25,2011-03-23,2021-08-25
470,20445287,Água Clara,Inmet,-52.87583,-20.44444,323.63,24.3691073853287,1.2900577910250035,2010-08-12,2021-08-25,2010-08-12,2021-08-25
471,22105654,Bela Vista,Inmet,-56.54076,-22.10154,206.09,23.621905737704918,1.8604189435336997,2011-08-08,2021-07-19,2011-08-08,2019-10-15
472,21755247,Bataguassu,Inmet,-52.47129,-21.75012,392.13,24.304494698152503,3.16006814337757,2013-03-22,2020-07-03,2013-03-22,2020-07-03
473,19385445,Sonora,Inmet,-54.76047,-17.63528,495.25,24.742674993494674,3.263472059588862,2000-01-01,2020-11-21,2000-01-01,2020-11-21
474,30035110,Porto Alegre,Inmet,-51.17477,-30.05354,41.18,19.891753156338197,1.5024237512260041,2006-08-16,2021-08-25,2006-08-16,2021-08-25
475,32015206,Rio Grande,Inmet,-52.16774,-32.07878,4.92,18.597301562281068,3.4339399130013915,1993-06-14,2021-08-25,1993-06-14,2021-08-25
476,29425342,Santa Maria,Inmet,-53.72047,-29.72496,103.1,19.259625703076516,2.064405823684512,2006-12-04,2021-08-25,2006-12-04,2021-05-07
477,30505536,Santana do Livramento,Inmet,-55.61309,-30.84245,328.0,17.55563153391843,2.964694879119061,2006-12-04,2020-11-02,2006-12-04,2020-11-02
478,27515347,Santo Augusto,Inmet,-53.79118,-27.85435,489.67,19.424260440834217,2.406734846210257,2006-12-04,2021-08-25,2006-12-04,2021-08-25
479,27364836,Florianópolis-São José,Inmet,-48.6201,-27.60253,4.87,21.17771487619848,1.8020942873155996,2006-12-04,2021-08-25,2006-12-04,2021-08-25
480,25264913,Curitiba,Inmet,-49.2306,-25.44869,922.91,18.18130168419922,1.983139912000568,2006-12-04,2021-08-25,2006-12-04,2021-08-25
481,29214943,Torres,Inmet,-49.73326,-29.35036,8.44,19.52970991713206,2.889743244460458,1991-02-19,2021-08-25,1991-02-19,2021-08-25
482,29505704,Uruguaiana,Inmet,-57.0819,-29.83987,74.29,19.835167462319106,2.9236812286074594,2006-12-04,2021-08-25,2006-12-04,2021-08-25
483,27535428,Santa Rosa,Inmet,-54.48001,-27.89046,272.84,20.19901046176046,1.6902907657006008,2006-12-04,2021-08-20,2006-12-04,2021-08-20
484,31245242,Canguçu,Inmet,-52.7007,-31.4033,446.81,16.54285066254328,4.855022843731861,2006-12-24,2021-08-25,2006-12-24,2021-08-25
485,30325328,Caçapava do Sul,Inmet,-53.46705,-30.54532,420.82,17.34661260733801,3.926937553339191,2006-12-04,2021-07-05,2006-12-04,2021-07-05
486,29525222,Rio Pardo,Inmet,-52.38198,-29.87211,106.99,19.29868475559049,2.505311373963013,2006-12-04,2021-08-25,2006-12-04,2021-08-25
487,28314919,Urussanga,Inmet,-49.31521,-28.53256,40.56,20.39656265894096,0.9507890179079972,2002-07-01,2021-08-25,2002-07-01,2021-08-25
488,28184956,São Joaquim,Inmet,-49.93462,-28.27564,1400.06,14.249256412305527,2.475822851825454,1994-12-31,2021-08-25,1994-12-31,2021-08-25
489,26405285,Novo Horizonte,Inmet,-52.85037,-26.4065,943.57,18.28413683970855,3.4259778168097843,2009-12-31,2021-08-24,2009-12-31,2021-08-24
490,26544916,Indaial,Inmet,-49.26798,-26.9137,72.24,20.752903825227584,0.9810883861129762,2000-01-02,2021-07-01,2000-01-02,2021-07-01
491,24474959,Castro,Inmet,-49.99927,-24.78695,993.6,17.479341540062865,1.504837266558577,2006-12-04,2021-01-31,2006-07-09,2021-01-31
492,24325101,Marechal Cândido Rondon,Inmet,-54.01925,-24.5333,392.07,21.875670036247907,3.22890023910516,2006-12-04,2021-08-25,2006-11-18,2021-08-25
493,23304956,Joaquim Távora,Inmet,-49.94639,-23.50527,512.67,21.439217108028583,2.200356757541184,2006-12-04,2021-08-25,2006-11-24,2021-08-25
494,25335105,Inácio Martins,Inmet,-51.07795,-25.56788,1208.85,16.209863042240094,2.0056956554374574,2006-12-04,2021-08-25,2006-10-17,2021-08-25
495,23235338,Icaraíma,Inmet,-53.63593,-23.39038,381.29,23.244617932158913,2.4715521591341276,2000-01-01,2020-09-10,2000-01-01,2020-09-10
496,24115301,Goioerê,Inmet,-53.03059,-24.15846,452.34,21.78570095766407,2.1294297069051167,2006-12-04,2020-08-20,2006-10-19,2020-08-19
497,29425531,Alegrete,Inmet,-55.52549,-29.70908,120.88,19.388193838947927,2.189528002962427,2006-12-04,2021-08-25,2006-10-02,2021-08-25
498,31205400,Bagé,Inmet,-54.01329,-31.3478,226.19,17.815849246382033,3.340819037519859,2007-01-04,2021-01-17,2007-01-04,2021-01-17
499,27395218,Erechim,Inmet,-52.30581,-27.65771,777.08,17.829035904441653,1.8180336125623007,1991-02-19,2021-08-25,1991-02-19,2021-08-25
500,28455003,São José dos Ausentes,Inmet,-50.05787,-28.74862,1228.59,13.795761664564942,5.631726633945895,2006-12-04,2021-08-25,2006-10-26,2021-05-17
501,28385600,São Borja,Inmet,-56.01629,-28.65009,81.08,20.80699188334433,1.9754101249388132,2000-01-01,2021-08-25,2007-05-08,2021-08-25
502,30235627,Quaraí,Inmet,-56.43712,-30.36858,113.05,18.938766051798837,2.5813159063159063,2007-10-17,2021-08-25,2007-10-17,2021-08-25
503,30205419,São Gabriel,Inmet,-54.31091,-30.34144,114.89,19.56439765607798,2.073367010948979,2007-10-11,2021-08-25,2007-10-11,2021-08-25
504,29195447,Santiago,Inmet,-54.88565,-29.1916,390.03,18.86801297973429,2.4449362700141406,2009-02-04,2021-08-25,2009-02-04,2021-05-21
505,30505013,Tramandaí,Inmet,-50.13589,-30.01027,4.56,19.69142969280264,3.79578584211781,2008-03-07,2021-08-25,2008-04-24,2021-08-25
506,32335322,Jaguarão,Inmet,-53.37586,-32.53483,31.48,17.741120497444275,2.721819076642845,2000-01-01,2021-08-25,2000-01-01,2021-08-25
507,28485255,Soledade,Inmet,-52.54239,-28.85921,660.44,17.69577099130379,4.066966835532409,2008-03-11,2021-08-25,2008-03-11,2021-08-25
508,30485150,Camaquã,Inmet,-51.83424,-30.80795,92.3,18.397038617575504,1.0717683800716582,2007-03-30,2021-08-25,2006-12-13,2021-08-25
509,28135224,Passo Fundo,Inmet,-52.40358,-28.22681,680.67,17.860862131948185,3.305655127204304,2007-03-31,2021-08-25,2006-11-27,2021-08-25
510,29105132,Bento Gonçalves,Inmet,-51.5342,-29.16458,623.27,17.58925589892804,2.8076549320442736,2006-12-08,2021-08-25,2006-12-01,2021-08-25
511,27105133,Joaçaba,Inmet,-51.55896,-27.16927,767.63,17.978597299785818,2.2657319001581313,2007-09-20,2021-08-25,2007-09-20,2021-08-25
512,23245034,Nova Fátima,Inmet,-50.57774,-23.41528,664.31,21.172709055516428,3.0851765993569265,1991-02-19,2021-01-27,1991-02-19,2021-01-27
513,25415305,Dois Vizinhos,Inmet,-53.09527,-25.69906,545.95,20.502217256786924,2.030603774185742,2000-01-01,2021-02-07,2007-03-22,2021-02-07
514,28135130,Lagoa Vemelha,Inmet,-51.51285,-28.22238,833.83,17.084982095318168,3.2316550071058296,2007-03-01,2021-08-25,2007-03-01,2021-08-25
515,28074928,Morro da Igreja (Bom Jardim da Serra),Inmet,-49.47961,-28.12699,1790.38,11.016911037505304,7.229738233078401,2007-07-03,2021-08-25,2007-06-17,2021-08-25
516,23605449,Foz do Iguaçu,Inmet,-54.48307,-25.60183,235.09,21.9897677117964,2.5711190225985296,2000-01-01,2020-09-29,2000-01-01,2020-09-29
517,26285363,Dionísio Cerqueira,Inmet,-53.63311,-26.28656,807.54,19.220223070190283,3.1590469421289127,2008-06-02,2021-08-25,2008-06-02,2021-08-25
518,22375289,Diamante do Norte,Inmet,-52.89016,-22.63937,368.22,23.263090598078307,2.104450111667325,2008-03-11,2021-01-22,2008-03-11,2021-01-22
519,22505213,Paranapoema,Inmet,-52.13453,-22.65827,308.7,23.463995156482866,2.9041671220400715,2008-03-03,2021-03-15,2008-03-03,2021-03-15
520,26084864,Itapoá,Inmet,-48.64177,-26.0813,6.18,20.6147814391134,1.0494792816473149,2000-01-01,2021-05-08,2000-01-01,2021-05-08
521,28255457,São Luiz Gonzaga,Inmet,-54.9624,-28.41711,245.5,20.666870776309302,2.664421014019375,2000-01-01,2021-06-29,2000-01-01,2021-06-29
522,28365340,Cruz Alta,Inmet,-53.6736,-28.60344,426.69,18.468043030284832,2.6618805520526814,2007-07-03,2021-08-25,2007-05-31,2021-08-25
523,27245326,Frederico Westphalen,Inmet,-53.42942,-27.39569,489.42,19.52246927480533,1.4875654536720104,1991-02-14,2021-03-14,1991-02-14,2021-03-14
524,23435346,Planalto,Inmet,-53.74792,-25.72186,399.1,21.626607398066398,2.4903157752993805,2000-01-01,2021-02-13,2000-01-01,2021-02-13
525,27915332,Palmeira das Missões,Inmet,-53.31805,-27.92038,614.11,18.76122067822888,2.4147795510500414,2008-02-27,2021-08-25,2008-02-27,2021-08-25
526,26445242,Xanxerê,Inmet,-52.39809,-26.93867,878.74,18.515065649286957,2.7439516744639696,2008-03-14,2021-08-25,2008-03-14,2021-08-25
527,26445084,Caçador,Inmet,-50.98552,-26.81916,944.26,16.674706959706953,1.3135599191336895,2008-03-18,2021-08-25,2008-03-18,2021-08-25
528,27285061,Curitibanos,Inmet,-50.60428,-27.28862,978.1,16.531018460137307,2.7501156198082435,2008-02-28,2021-08-25,2008-02-28,2021-08-25
529,26445015,Rio do Campo,Inmet,-50.14545,-26.93753,591.67,17.629352138905418,0.8970084020411893,2008-03-11,2021-08-25,2008-03-11,2021-08-25
530,26434959,Rio Negrinho,Inmet,-49.58062,-26.24841,856.89,16.89676797019011,1.212848030839834,2008-03-21,2021-08-25,2008-03-21,2021-08-25
531,27414966,Ituporanga,Inmet,-49.64687,-27.41841,479.79,18.23831731337879,0.8894134030814357,2000-01-01,2021-03-26,2000-01-01,2021-03-26
532,26395036,Major Vieira,Inmet,-50.36321,-26.39366,799.58,17.069623711898323,2.0026943934935737,2009-02-10,2021-08-25,2009-02-10,2021-08-25
533,28604881,Santa Marta (Farol),Inmet,-48.81331,-28.60441,34.36,19.84993100296789,5.1846202185792345,2000-01-08,2021-05-08,2000-01-08,2021-05-08
534,28934949,Araranguá,Inmet,-49.49792,-28.93135,2.0,19.807876749843963,2.1472853121377713,2008-09-28,2021-08-25,2008-09-28,2021-08-25
535,26954876,Itajaí,Inmet,-48.76203,-26.95092,9.76,20.606471325274605,1.5799390075619584,2010-06-24,2020-10-29,2010-06-24,2020-10-29
536,23385294,Cidade Gaúcha,Inmet,-52.93191,-23.35916,365.79,23.220051085981414,1.535623175094486,2008-03-11,2021-08-25,2008-03-11,2021-08-25
537,27674904,Rancho Queimado,Inmet,-49.04203,-27.67851,881.0,16.186130236794167,2.069229963570127,2016-06-04,2021-08-25,2016-06-04,2021-08-25
538,24825020,Ventania,Inmet,-50.21015,-24.28039,1093.41,18.179629954896356,3.572244774048054,2011-04-14,2020-01-20,2011-04-13,2020-01-20
539,23765018,Japira,Inmet,-50.18057,-23.77334,692.88,20.5627648671911,1.9931116174353878,2008-02-28,2021-03-10,2008-02-28,2021-03-10
540,25424883,Morretes,Inmet,-48.80868,-25.50894,50.31,21.070756895654462,0.7016807031766048,2008-03-13,2021-08-25,2008-03-13,2021-08-25
541,26445135,General Carneiro,Inmet,-51.35367,-26.39847,1009.01,16.403835238077047,1.034095194423064,2008-04-10,2021-08-25,2008-04-10,2021-08-25
542,26445235,Clevelândia,Inmet,-52.34874,-26.4172,966.06,17.650247946497934,2.7212010052788758,2008-05-15,2021-08-25,2008-05-15,2021-08-25
543,22864311,Niterói,Inmet,-43.10206,-22.86739,6.0,24.896955828779614,1.3949772313296904,2018-07-13,2021-08-25,2018-07-12,2021-08-25
544,10083834,Jeremoabo,Inmet,-38.3459,-10.0807,261.0,25.950495836585965,2.7010135310954984,2015-08-12,2021-08-25,2015-08-12,2021-08-25
545,20904711,São Sebastião do Paraíso,Inmet,-47.11426,-20.90989,845.0,21.022520947176677,1.767606557377049,2015-08-17,2021-01-10,2015-08-17,2021-01-10
546,31525091,Mostardas,Inmet,-50.90628,-31.24828,3.82,19.344230393468077,5.546156680296027,2007-08-02,2020-06-20,2007-08-02,2020-06-20
547,29365082,Canela,Inmet,-50.82723,-29.36879,830.93,15.86438701553458,2.893902336279386,2008-08-23,2021-08-25,2008-08-23,2021-08-25
548,28485149,Vacaria,Inmet,-50.88274,-28.5136,969.89,15.670276440317432,3.3025492494754767,2008-04-26,2021-08-25,2008-04-25,2021-08-25
549,30995481,Dom Pedrito,Inmet,-54.81527,-30.99248,156.73,18.531263419716293,3.4198768007948317,2010-04-27,2020-12-17,2010-04-27,2020-12-17
550,29455182,Teutônia,Inmet,-51.82428,-29.45033,80.41,20.004786137132434,1.865794192904848,2012-10-21,2021-08-25,2012-10-21,2021-08-25
551,28655311,Ibirubá,Inmet,-53.11188,-28.65346,455.27,18.91692440801459,2.463352318067483,2012-12-18,2021-07-22,2012-12-18,2021-07-22
552,29675106,Campo Bom,Inmet,-51.06404,-29.67429,23.35,20.30961114363781,1.269804839968775,2013-12-09,2021-08-25,2013-12-09,2021-08-25
553,18495316,Costa Rica,Inmet,-53.17126,-18.49267,727.34,23.26907748937462,3.2862921220400714,2012-12-03,2021-08-25,2012-12-03,2021-08-25
554,21455155,Dracena,Inmet,-51.55225,-21.4577,380.0,24.614017759562845,2.929219945355193,2016-11-02,2021-02-22,2016-11-02,2021-02-22
555,10474962,Pium,Inmet,-49.62948,-10.47694,161.0,26.640069672131165,1.4303292349726768,2016-04-07,2021-04-05,2016-04-07,2021-04-05
556,11284721,Almas,Inmet,-47.21213,-11.2841,503.0,25.772456739526394,1.5648870673952644,2016-04-02,2020-10-28,2016-04-02,2020-10-28
557,4153811,Guaramiranga,Inmet,-38.93107,-4.26135,865.53,21.256515764593622,3.232357598230552,2011-10-24,2021-02-18,2011-10-24,2021-02-18
558,14204274,Guanambi,Inmet,-42.74965,-14.20812,552.23,26.107160963656856,3.9823860482262123,2011-12-15,2021-08-24,2011-12-15,2021-08-24
559,20034401,Ibirité (Rola Moça),Inmet,-44.01125,-20.03146,1198.82,19.95763398486759,3.8648707440100845,2008-06-06,2021-08-25,2008-06-06,2021-08-25
560,22094321,Três Rios,Inmet,-43.20857,-22.09839,305.0,22.37455418943533,0.8853492714025502,2016-06-11,2021-08-25,2016-06-11,2021-08-25
561,29085382,Tupanciretã,Inmet,-53.82665,-29.08938,462.0,18.644060109289605,2.1968460837887074,2016-08-12,2021-08-25,2016-08-12,2021-08-25
562,28705187,Serafina Corrêa,Inmet,-51.87075,-28.70481,545.0,17.914794171220407,1.2545341530054643,2016-04-08,2021-08-25,2016-04-08,2021-08-25
563,33565337,Chuí,Inmet,-53.37222,-33.7423,7.41,17.356453130203132,4.757063507985637,2008-03-14,2021-08-25,2008-03-14,2021-08-25
564,15375606,Cuiabá,Inmet,-56.06295,-15.5593,241.56,26.798067069997394,1.6368474065400296,2011-10-23,2021-08-25,2011-10-23,2021-01-31
565,14395725,Tangará da Serra,Inmet,-57.43156,-14.65012,440.01,24.734411093763573,1.9512852914389782,2011-10-23,2020-11-23,2011-10-23,2020-11-23
566,13275639,São José do Rio Claro,Inmet,-56.67732,-13.45398,339.59,25.625952348425713,0.8453096430739874,2011-10-23,2021-03-24,2011-10-23,2021-03-24
567,16275434,Rondonópolis,Inmet,-54.58015,-16.46242,289.88,25.697598664238015,1.3119909684274444,2000-01-01,2021-08-25,2000-01-01,2021-08-25
568,17115317,Alto Araguaia,Inmet,-53.22445,-17.33936,753.28,23.45681709168184,2.4393408469945346,2011-10-23,2021-01-31,2011-10-23,2021-01-31
569,9335723,Apiacás,Inmet,-57.39358,-9.56339,217.75,26.902923161158796,0.7554321385202535,2011-10-23,2021-05-10,2011-10-23,2021-05-10
570,13425945,Comodoro,Inmet,-59.76239,-13.70805,576.87,22.718024579321686,1.2259032439934083,2011-10-23,2021-01-19,2011-10-23,2021-01-18
571,11165731,Juara,Inmet,-57.52664,-11.28016,263.43,25.81952212897911,0.9279564034174689,2011-10-23,2020-09-23,2011-10-23,2020-09-23
572,14255402,Paranatinga,Inmet,-54.03554,-14.42133,476.91,25.41058596799375,1.5352585328302537,2011-10-23,2020-02-24,2011-10-23,2020-02-24
573,12375213,Querência,Inmet,-52.22089,-12.62732,360.59,25.475451784630053,1.159406128024981,2011-10-23,2020-07-31,2011-10-23,2020-07-31
574,11585533,Sinop,Inmet,-55.56599,-11.98225,366.57,26.032359257090828,1.8476178983433074,2000-01-03,2020-07-03,2000-01-03,2020-07-03
575,9545834,Cotriguaçu,Inmet,-58.57224,-9.9063,265.0,25.415147107294654,1.134974629195941,2000-01-01,2020-04-05,2000-01-01,2020-04-05
576,11225843,Juína,Inmet,-58.77479,-11.37513,365.39,25.181247874924104,0.9941419789227163,2011-10-23,2021-08-25,2011-10-23,2021-08-25
577,11415053,São Félix do Araguaia,Inmet,-50.72786,-11.61902,201.37,27.110883413565805,1.4300369286147978,2011-10-23,2021-08-25,2011-10-23,2021-08-25
578,15035952,Vila Bela da Santíssima Trindade,Inmet,-59.87292,-15.0627,213.0,25.824792176251187,0.8948950039031998,2011-10-23,2020-12-31,2011-10-23,2020-12-31
579,10045645,Alta Floresta,Inmet,-56.17922,-10.07726,291.85,25.452936128458653,1.4660605321363525,2011-10-23,2020-08-01,2011-10-23,2020-08-01
580,10005579,Carlinda,Inmet,-55.82754,-9.97059,293.71,25.296714936247724,1.0536061020036425,2011-11-08,2021-01-11,2011-11-28,2021-01-11
581,12525823,Novo Mundo,Inmet,-58.2314,-12.5219,426.2,25.233800578974744,1.6187852914389784,2011-11-28,2020-08-22,2011-11-28,2020-08-22
582,13035709,Nova Maringá,Inmet,-57.0922,-13.03864,334.36,25.74245110156996,0.8492999175990977,2011-11-28,2020-11-22,2011-11-28,2020-11-22
583,13415475,Nova Ubiratã,Inmet,-54.75214,-13.41111,466.48,25.337790083702018,2.4739963895394212,2011-11-28,2020-11-15,2011-11-28,2020-11-15
584,16345376,Guiratinga,Inmet,-53.76609,-16.34159,525.43,26.09029754315205,0.7663926511406018,2011-11-28,2021-06-05,2011-11-28,2021-06-05
585,15255934,Pontes e Lacerda,Inmet,-59.34622,-15.23458,272.53,25.362072556162726,1.0762307225258043,2011-11-22,2020-12-26,2011-11-28,2020-12-26
586,12736015,Vilhena,Inmet,-60.15778,-12.73486,583.3,24.65716088776129,1.7654830210772823,2011-11-28,2021-08-25,2011-11-28,2020-10-04
587,11446143,Cacoal,Inmet,-61.43415,-11.44584,183.53,26.635806618093504,1.3791199149969635,2011-11-28,2021-07-10,2011-11-28,2021-07-10
588,9946296,Ariquemes,Inmet,-62.96187,-9.949,128.44,26.162732403070535,1.4373803669008587,2011-11-28,2020-08-19,2011-11-28,2020-08-19
589,24575280,Campina da Lagoa,Inmet,-52.80026,-24.57086,598.0,22.89437613843352,3.2151138433515474,2016-10-26,2020-04-20,2016-10-26,2020-04-20
590,25365239,Laranjeiras do Sul,Inmet,-52.39194,-25.36894,835.0,19.179107468123867,1.7869102914389816,2016-10-26,2021-08-25,2016-10-26,2021-08-25
591,25324915,Colombo,Inmet,-49.15773,-25.32246,950.0,17.380972677595636,1.3954713114754098,2016-10-26,2021-08-25,2016-10-26,2021-08-25
592,20464040,Vila Velha,Inmet,-40.40405,-20.46707,25.0,23.76310746812385,3.02318579234973,2017-02-15,2021-08-11,2017-02-15,2021-08-11
593,23844615,Bertioga,Inmet,-46.14328,-23.84468,5.0,23.740668032786882,1.5695724043715846,2017-02-01,2021-08-25,2017-01-31,2021-08-25
