,estcodigo,estnome,orgsigla,estlongitude,estlatitude,estaltitude,t_med_medio,t_max_med,t_min_med,v_vento_medio,v_rajada_max,ini_serie,fim_serie
0,23855385,Altônia,Simepar,-53.85237,-23.85808,368.0,23.39961976320582,38.5,3.0749999999999997,2.656852459016395,24.275,2017-08-04,2021-08-31
1,24555296,Ubiratã,Simepar,-52.96648,-24.5545,529.0,21.869061930783246,37.8,1.15,3.256376593806922,26.025,2017-08-16,2021-08-31
2,25345331,N.Prata do Iguaçu,Simepar,-53.5166,-25.5666,546.3,20.403729356405574,36.63333333333334,0.36666666666666675,3.9562896174863424,28.444444444444443,1997-06-01,2007-04-03
3,25554836,Techint,Simepar,-48.36707,-25.55347,30.0,21.30753881278539,35.150000000000006,3.35,2.8410958904109584,21.85,2016-11-17,2019-01-07
4,24075240,Campo Mourão,Simepar,-52.40387,-24.07305,601.0,20.344722677595637,36.599999999999994,-0.8800000000000001,2.526062841530053,22.060000000000002,2017-02-09,2021-08-31
5,25174828,Reserva Natural Salto Morato,Simepar,-48.2881,-25.1779,32.0,21.224237677319657,41.64545454545454,-0.5181818181818182,0.3122234917480818,17.581818181818182,2011-03-24,2021-08-31
6,25425241,Laranjeiras do Sul,Simepar,-52.41211,-25.42767,838.0,19.546942167577413,34.2,-0.475,3.0748884335154822,27.0,2017-11-06,2021-08-31
7,25264916,Curitiba,Simepar,-49.23033,-25.44817,935.0,17.862470753148024,34.432,0.41199999999999987,2.0851923477468914,20.827999999999996,1997-06-01,2021-08-31
8,25505367,Baixo Iguaçu,Simepar,-53.67738,-25.50895,274.0,21.73901775956284,40.675,-0.14999999999999997,1.6963360655737718,24.599999999999998,2017-07-24,2021-08-31
9,22915315,Loanda,Simepar,-53.15146,-22.91718,491.0,23.94014071038252,40.3,3.475,2.9516256830601115,24.549999999999997,2017-07-19,2021-08-31
10,23605062,Cornélio Procópio,Simepar,-50.62793,-23.20645,647.0,21.648938979963585,37.36666666666667,2.6,3.035346083788708,21.46666666666667,2018-08-16,2021-08-31
11,26585152,Palmas - Horizonte,Simepar,-51.52019,-26.5829,1344.0,15.491311475409823,31.6,-4.4,4.676270491803277,28.35,2019-11-20,2021-08-31
12,25315301,Salto Osorio,Simepar,-53.03087,-25.52213,514.0,20.758020079798754,37.88999999999999,0.08000000000000006,0.9604424825725514,19.235000000000003,1999-07-22,2019-12-15
13,25435458,Foz do Iguaçu - Itaipu,Simepar,-54.58286,-25.4361,168.0,21.479945355191248,38.779999999999994,-0.2000000000000001,1.875002732240436,23.380000000000003,2017-05-09,2021-08-31
14,23395232,Cianorte,Simepar,-52.5476,-23.6522,451.0,21.559957340018823,39.059999999999995,-0.23333333333333334,2.1489325196661264,24.16666666666667,2002-04-04,2016-09-14
15,26055139,Foz do Areia,Simepar,-51.6679,-26.0037,780.0,18.452275070350165,36.1125,-0.2125,2.6681415481050217,21.625,1997-06-01,2021-06-10
16,26145103,União da Vitória,Simepar,-51.06827,-26.22825,756.53,17.906374348618055,35.727999999999994,-1.7920000000000003,1.544132295873921,18.808000000000003,1997-06-01,2021-08-31
17,23695263,Cianorte Cocamar,Simepar,-52.63736,-23.69372,534.0,22.594129781420783,38.02,2.06,2.2031379781420743,22.860000000000003,2016-09-14,2021-08-31
18,24235332,Assis Chateaubriand,Simepar,-53.5411,-24.3886,450.0,22.276555360395538,39.25909090909091,0.7454545454545454,2.9834683753596587,25.13181818181818,1999-08-19,2021-08-31
19,24035222,Campo Mourão_antiga,Simepar,-52.38654,-24.08543,601.2,20.61775449781103,36.294999999999995,0.73,2.7144628191608327,22.12,1997-06-01,2017-02-08
20,24134940,Jaguariaiva,Simepar,-49.677,-24.2269,900.0,18.50635971542118,34.53181818181818,-0.1227272727272727,1.2999429659593582,17.21363636363636,2000-04-07,2021-08-31
21,24205037,Telêmaco Borba,Simepar,-50.6106,-24.339,768.0,19.08463783919019,36.547999999999995,-0.45199999999999996,1.5212685871545109,23.368,1997-06-01,2021-08-31
22,25385157,Pinhão,Simepar,-51.9625,-25.64944,910.0,18.84147996732967,41.242105263157896,-2.626315789473684,2.563836322161883,22.242105263157892,2003-04-08,2021-08-31
23,23255010,Santo Antônio da Platina,Simepar,-50.10379,-23.2558,661.0,21.36447632058287,36.8,2.0,4.280496357012749,22.233333333333334,2019-02-07,2021-08-31
24,22434707,Replan,Simepar,-47.1,-22.73,608.28,22.523162568306013,38.67999999999999,5.319999999999999,1.9144098360655737,20.84,2016-08-25,2021-08-31
25,25134848,Antonina,Simepar,-48.75248,-25.24341,60.0,21.173742146287243,40.92608695652174,0.46521739130434797,0.520245726535284,20.83478260869565,1999-01-01,2021-08-31
26,24475343,Toledo,Simepar,-53.7196,-24.7834,516.4,21.249339717740472,38.5125,-1.6958333333333337,2.407153330525498,21.512500000000003,1997-08-10,2021-08-31
27,25215130,Guarapuava,Simepar,-51.4935,-25.3845,1070.0,17.695961674838202,33.89166666666666,-2.8958333333333335,2.9273039239508405,21.95833333333333,1997-06-01,2021-08-31
28,24185355,Palotina,Simepar,-53.9008,-24.3129,303.0,21.85911450067316,39.3,-1.88,1.9412456086164571,23.752,1997-06-01,2021-08-31
29,25245437,Foz do Iguaçu,Simepar,-54.6167,-25.4059,232.0,22.252703983318938,38.32105263157896,1.2947368421052632,1.632141812865498,22.205263157894734,1997-07-19,2017-05-09
30,25335129,Entre Rios,Simepar,-51.4884,-25.5459,1095.0,16.935117972526943,33.419047619047625,-3.2238095238095235,3.589113833079969,26.46190476190477,2001-01-18,2021-08-31
31,23445317,Umuarama,Simepar,-53.30766,-23.75066,480.0,22.722831609034028,38.12800000000001,2.464,2.673547803948252,19.519999999999996,1997-06-01,2021-08-31
32,25474946,Lapa,Simepar,-49.7598,-25.7817,909.8,17.48455949948521,33.916000000000004,-2.052,2.386919268234735,21.244,1997-06-01,2021-08-31
33,23185109,Londrina,Simepar,-51.1647,-23.3595,585.0,21.489261950582083,37.044000000000004,2.0999999999999996,2.3412007226577973,22.156,1997-06-01,2021-08-31
34,23275159,Maringá,Simepar,-51.9881,-23.4483,570.0,22.56410517711478,37.834782608695654,1.6,2.6156080533468278,22.27391304347826,1999-03-01,2021-08-31
35,23055226,Paranavaí,Simepar,-52.4438,-23.0916,480.0,22.97737289260593,39.692,1.572,2.150011767532776,19.336000000000002,1997-06-01,2021-08-31
36,26075241,Pato Branco,Simepar,-52.6514,-26.1229,721.8,19.301985398892704,34.891304347826086,-1.8739130434782612,2.4367478611849083,20.643478260869564,1997-06-01,2021-08-31
37,24045415,Guaira,Simepar,-54.26151,-24.07487,227.9,21.96161107241337,38.90416666666666,1.2125000000000001,2.066343860018573,24.45833333333333,1997-08-10,2021-08-31
38,23005002,Cambará,Simepar,-50.0362,-23.0025,450.0,21.96695670838825,38.227999999999994,0.24,2.5090164132414645,24.536000000000005,1997-06-01,2021-08-31
39,23515154,Apucarana,Simepar,-51.5302,-23.5175,746.0,20.736575234970196,37.540909090909096,2.0772727272727276,3.727764134317416,24.345454545454547,1999-10-01,2021-08-31
40,26055305,Francisco Beltrão,Simepar,-53.06548,-26.0593,652.0,19.448418695148224,37.96363636363636,-1.6,2.131865126676604,23.045454545454547,2010-09-02,2021-08-31
41,25324831,Guaratuba,Simepar,-48.58049,-25.84536,0.0,21.213091911529503,36.425000000000004,6.554166666666666,1.922889417415165,20.8625,1997-06-01,2021-08-31
42,26285158,Palmas,Simepar,-51.9762,-26.4682,1100.0,16.73952046002769,33.34782608695652,-3.3782608695652177,2.700673783065352,21.213043478260868,1998-04-29,2021-08-31
43,25444869,APPA Antonina,Simepar,-48.69434,-25.44716,2.0,21.51349336455893,39.8,1.0857142857142856,1.626162503252668,19.97142857142857,2014-09-26,2021-08-31
44,24385115,Cândido de Abreu,Simepar,-51.2452,-24.6321,645.0,20.146618714587056,36.93600000000001,-0.16399999999999992,1.3723596778548146,20.543999999999997,1997-06-01,2021-08-31
45,24535333,Cascavel,Simepar,-53.5547,-24.8845,719.3,20.377975973383155,36.9,-0.6749999999999998,4.022137960323118,25.925,1997-06-01,2021-08-31
46,25135001,Ponta Grossa,Simepar,-50.1524,-25.0137,888.25,18.270424213985898,35.832,-1.0240000000000002,3.210167284390592,23.336,1997-06-01,2021-08-31
47,25115408,São Miguel do Iguaçu,Simepar,-54.2546,-25.3528,298.0,22.354183376659357,38.58695652173913,0.2521739130434783,2.664968012730915,23.356521739130432,1997-06-01,2021-08-31
48,25254905,Pinhais,Simepar,-49.1299,-25.3907,930.0,17.190057875620074,35.643478260869564,-1.156521739130435,1.832928478476856,18.1304347826087,1998-07-10,2021-08-31
49,25534852,Paranaguá,Simepar,-48.5296,-25.5378,19.0,21.652710718622608,40.666666666666664,0.0,1.916692633793044,23.766666666666666,2012-11-21,2021-08-31
50,25315329,Salto Caxias,Simepar,-53.49412,-25.52092,440.0,21.232158099167016,37.53478260869566,0.10869565217391303,2.2180882753304343,21.856521739130436,1999-03-01,2021-08-31
51,24535213,Palmital,Simepar,-52.2186,-24.8644,783.0,20.4109807209659,36.488,0.348,2.524191806518501,25.33999999999999,1997-06-01,2021-08-31
52,24494915,Cerro Azul,Simepar,-49.2604,-24.8267,366.0,20.136583568939585,39.215999999999994,1.3840000000000001,1.012334253979567,23.451999999999998,1997-06-01,2021-08-31
53,24505420,Santa Helena,Simepar,-54.3103,-24.9168,271.0,22.27485962421793,39.12083333333333,0.9124999999999998,2.580274669359309,22.520833333333332,1997-07-21,2021-08-31
54,25275035,Fernandes Pinheiro,Simepar,-50.5839,-25.4532,893.0,17.939233465908444,35.00434782608695,-1.0130434782608695,1.2579536943613925,15.965217391304343,1999-03-01,2021-08-31
55,15575438,Primavera do Leste,Inmet,-54.38111,-15.58,680.0,23.60519920318727,35.2,10.2,2.499382470119523,18.1,2018-12-31,2020-07-31
56,9366993,Parque Estadual Chandless,Inmet,-69.92626,-9.35835,184.51,25.047308905802748,37.38571428571428,10.728571428571428,0.6291830926359617,18.771428571428572,2012-10-11,2021-09-01
57,22234996,Marília,Inmet,-49.96511,-22.23522,660.0,22.847168488160293,36.82000000000001,4.4,1.8950122950819677,18.725,2017-05-24,2021-09-01
58,22934340,Rio de Janeiro-Jacarepaguá,Inmet,-43.4029,-22.93988,20.0,23.15743897996357,39.45,10.450000000000001,0.7945938069216751,21.275000000000002,2017-08-10,2021-08-31
59,22974430,Angra dos Reis,Inmet,-44.30344,-22.97569,6.0,23.26634790528234,38.3,11.85,0.7551958105646631,23.35,2017-08-25,2020-04-24
60,22374470,Itatiaia - Parque Nacional,Inmet,-44.70311,-22.37394,2.45,10.399168943533686,30.95,-7.975,2.7730714936247693,25.7,2017-09-01,2021-09-01
61,15594813,Brazlandia,Inmet,-48.13111,-15.59972,1143.0,20.954299065420557,32.1,10.5,2.1759813084112145,25.1,2019-12-31,2020-07-31
62,12825033,São Miguel do Araguaia,Inmet,-50.33597,-12.82049,183.0,29.947688679245264,36.7,16.0,2.526273584905659,13.3,2020-01-01,2020-07-31
63,1685047,Breves,Inmet,-50.47814,-1.68025,1.03,26.43824681238618,35.0,21.05,0.9596675774134792,29.5,2017-08-01,2020-04-20
64,17334991,Edeia,Inmet,-49.91472,-17.33694,608.0,24.51757009345793,36.2,9.4,1.9060280373831773,17.8,2019-12-31,2020-07-31
65,4284756,Dom Eliseu,Inmet,-47.56397,-4.28056,252.0,25.9786589253188,37.349999999999994,18.15,1.8112727686703087,32.65,2018-03-08,2021-09-01
66,7454602,Balsas,Inmet,-46.02755,-7.45561,271.03,26.747428560586343,39.65,14.15,1.217233151183971,19.6125,2011-12-15,2020-05-23
67,10424517,Corrente,Inmet,-45.17304,-10.42917,452.0,26.475992714025526,38.53333333333333,11.933333333333332,1.5726821493624776,16.733333333333334,2018-03-27,2020-09-26
68,7334745,Carolina,Inmet,-47.45984,-7.33727,182.88,27.37346319064964,40.32,17.259999999999998,1.0493700667881,19.990000000000002,2011-12-15,2021-08-31
69,3744335,Chapadinha,Inmet,-43.35208,-3.74267,104.0,27.72507996140167,38.9,20.414285714285715,1.900719598404024,20.414285714285715,2011-12-15,2020-04-09
70,15804329,Janauba,Inmet,-43.29694,-15.80278,532.0,25.96844945355188,38.75,9.8,2.3999037487335384,19.25,2016-11-18,2020-12-31
71,3275239,Altamira,Inmet,-52.39472,-3.27028,191.0,25.27433333333333,,,0.8546666666666668,,2019-12-31,2020-02-28
72,20034600,Bambui,Inmet,-46.00889,-20.03111,697.0,21.324788251366137,35.800000000000004,3.033333333333333,1.3144653916211295,20.5,2016-11-22,2020-12-31
73,20355143,Selviria,Inmet,-51.43022,-20.35144,374.0,25.33685792349726,40.4,4.1,2.41189393939394,24.2,2018-12-31,2020-04-08
74,4864214,Campo Maior,Inmet,-42.14555,-4.86418,125.0,28.104904371584684,40.5,18.5,1.651024590163933,22.3,2018-11-22,2020-07-09
75,20714486,Oliveira,Inmet,-44.86456,-20.71492,1025.0,20.420054644808744,32.975,5.05,2.6187887596899224,25.15,2017-11-27,2021-08-31
76,7313814,Itaporanga,Inmet,-38.14084,-7.31846,292.0,27.474251141552525,39.15,12.5,2.098447488584473,19.799999999999997,2017-11-02,2020-04-10
77,6656986,Eirunepé,Inmet,-69.86861,-6.6503,121.54,25.53626183970857,35.56666666666667,16.366666666666664,0.7558319672131147,22.2,2012-08-30,2020-05-01
78,4324644,Buriticupu,Inmet,-46.4495,-4.3206,174.91,26.806396153178927,39.587500000000006,16.675,2.287734300459708,29.975,2011-12-15,2020-04-25
79,8053909,Salgueiro,Inmet,-39.09611,-8.05806,447.0,28.190628019323672,,,2.314830917874396,,2019-12-31,2020-07-31
80,21684594,Machado,Inmet,-45.94439,-21.68072,969.0,20.633636156648468,32.6,6.466666666666666,1.5965778688524608,37.800000000000004,2017-12-31,2020-12-31
81,9623776,Piranhas,Inmet,-37.76711,-9.62226,187.0,27.72897196261681,40.3,17.2,2.3224766355140187,17.1,2019-12-31,2020-07-31
82,19714796,Uberaba,Inmet,-47.96189,-19.71003,778.0,22.59690346083788,35.800000000000004,4.433333333333334,2.3173861566484493,23.866666666666664,2017-12-31,2020-12-31
83,21305282,Santa Rita do Pardo,Inmet,-52.82038,-21.30589,383.0,25.199439890710376,40.099999999999994,1.8,2.83222677595628,26.5,2018-12-31,2020-07-31
84,3075957,Manaus,Inmet,-60.01546,-3.10368,48.79,27.848308385376,37.275000000000006,21.050000000000004,1.450248243559719,24.95714285714286,2011-10-23,2020-07-31
85,1244826,Belém,Inmet,-48.43951,-1.41123,21.17,26.83693976060369,35.94285714285714,21.328571428571426,0.7728013270882118,15.485714285714286,2011-10-23,2020-07-31
86,5533687,Ipanguacu,Inmet,-36.87231,-5.53487,19.0,27.65130841121495,38.3,16.5,1.483177570093457,17.0,2019-12-31,2020-07-31
87,20174487,Divinópolis,Inmet,-44.87494,-20.17328,796.0,21.905075136612027,37.449999999999996,4.575,2.069965846994536,21.675,2017-10-24,2021-09-01
88,8543629,Garanhuns,Inmet,-36.49338,-8.91095,827.78,21.482459699453543,34.050000000000004,14.579999999999998,2.011574377656344,15.35,2011-10-24,2021-08-21
89,9453726,Pão de Açucar,Inmet,-37.43077,-9.74922,20.83,27.43116380431956,40.85555555555556,16.688888888888886,1.8109579104865996,17.01111111111111,2000-01-01,2020-09-14
90,6014016,Tauá,Inmet,-40.28132,-6.01747,410.87,27.579160595021264,37.95555555555555,17.38888888888889,2.4544087735276268,20.53333333333333,2011-10-24,2020-08-24
91,5103917,Quixeramobim,Inmet,-39.28939,-5.17457,221.04,27.878082877959915,37.85,18.575,1.9346245337843688,19.912499999999998,2011-10-24,2020-03-29
92,9054419,Bom Jesus do Piauí,Inmet,-44.32647,-9.08325,296.0,27.906326112412188,40.94444444444444,15.200000000000001,1.0705648798681586,21.83333333333333,2011-10-24,2020-10-20
93,9253637,Palmeira dos Índios,Inmet,-36.62037,-9.42033,278.01,25.101257741347908,38.449999999999996,16.5,2.30114245598057,16.720000000000002,2011-10-29,2021-09-01
94,8303918,Cabrobó,Inmet,-39.31528,-8.504,342.74,27.44998808439585,39.88,16.89,2.636889799635702,20.020000000000003,2011-10-23,2021-09-01
95,8074108,Paulistana,Inmet,-41.14295,-8.13229,376.0,28.348302823315105,39.46,19.16,3.296593123861566,20.160000000000004,2011-10-23,2021-09-01
96,8214215,São João do Piauí,Inmet,-42.25037,-8.36498,236.99,28.856199421025263,40.775,18.162499999999998,2.0584368223610032,18.012500000000003,2011-10-23,2020-05-22
97,5083821,Morada Nova,Inmet,-38.35659,-5.13669,45.03,28.14429493017609,38.81,17.87,2.52861839708561,19.17,2011-10-24,2021-09-01
98,7533707,Monteiro,Inmet,-37.1247,-7.89447,606.39,25.147873330297514,36.25555555555556,13.788888888888888,3.1213198998178533,19.711111111111112,2011-10-26,2021-07-30
99,4164147,Piripiri,Inmet,-41.79457,-4.27605,157.89,28.334642716193944,41.45,19.34,1.8062249761471056,20.525,2011-10-23,2021-09-01
100,5663779,Apodi,Inmet,-37.81499,-5.62656,131.41,28.229867941712204,38.78,19.63,2.6630301522248248,19.309999999999995,2011-10-31,2021-09-01
101,13013831,Salvador,Inmet,-38.50576,-13.00552,47.56,25.76320962355796,34.62,19.779999999999998,1.5302122040072863,27.129999999999995,2011-10-10,2021-09-01
102,12094501,Barreiras,Inmet,-45.02705,-12.12472,474.17,25.913633196721293,39.67777777777778,12.200000000000001,1.471516317547056,21.388888888888886,2011-10-23,2021-05-23
103,12094549,Luis Eduardo Magalhaes,Inmet,-45.82975,-12.15239,760.68,23.91278515049007,37.211111111111116,10.766666666666666,2.649131646283285,20.977777777777774,2011-10-23,2020-10-01
104,17443915,Caravelas,Inmet,-39.25862,-17.73941,6.05,24.769164931910847,35.5625,15.837500000000002,2.6182016003122586,18.4625,2011-10-23,2020-05-03
105,24534786,Registro,Inmet,-47.86414,-24.53314,35.0,23.741977168949788,38.5,3.95,2.171374501992032,,2018-12-31,2021-09-01
106,8734986,Santa Maria Das Barreiras,Inmet,-49.86,-8.73,165.0,26.46206349206348,38.9,16.2,1.81063492063492,22.8,2020-12-17,2021-09-01
107,8045000,Redenção,Inmet,-50.00694,-8.04333,199.0,26.64186915887849,36.0,17.2,1.3945327102803735,16.1,2019-12-31,2020-07-31
108,10673747,Ipanguacu,Inmet,-37.47139,-10.67167,213.0,26.982708333333324,,,3.033749999999999,,2019-12-31,2020-04-04
109,20334345,Ouro Branco,Inmet,-43.75622,-20.55659,1048.2,19.70894335480093,34.04,6.706666666666666,2.1301870283632582,21.486666666666665,2006-07-28,2021-09-01
110,21064415,São João del Rei,Inmet,-44.25093,-21.1065,929.88,19.906611831701998,34.457142857142856,4.064285714285715,2.4025971096298964,27.378571428571423,2006-12-04,2021-09-01
111,23814540,São Sebastião,Inmet,-45.40253,-23.81072,24.0,24.229874772313288,38.23333333333333,13.633333333333333,3.3661728395061736,26.266666666666666,2017-12-03,2021-01-23
112,12803849,Salvador-Est. Rádio Marinha,Inmet,-38.49594,-12.80822,31.0,25.453331056466272,36.275,18.9,1.434,13.6,2018-03-09,2021-09-01
113,23724667,São Paulo-SESC Interlagos,Inmet,-46.67751,-23.72445,771.0,19.59738843351547,36.15,5.95,1.9233765938069207,17.525,2018-03-13,2021-09-01
114,10095927,Aripuanã,Inmet,-45.4236,-10.16583,105.0,24.681748858447488,36.3,11.65,2.6655342465753438,23.0,2018-12-31,2021-01-31
115,30545252,Encruzilhada do Sul,Inmet,-52.52467,-30.54316,252.0,18.11862249544627,36.7,0.55,2.6920400728597467,29.55,2018-03-15,2021-09-01
116,17244688,Paracatu,Inmet,-46.88167,-17.24436,705.0,24.050660291438984,37.625,9.725000000000001,2.089089253187613,17.96666666666667,2018-03-14,2021-09-01
117,15474755,Brasília,Inmet,-47.92576,-15.78934,1160.96,21.474337181488814,33.885714285714286,9.564285714285715,2.327249819852278,18.63571428571429,2007-06-12,2021-09-01
118,16384913,Goiânia,Inmet,-49.22022,-16.64284,727.3,23.68638368962548,38.228571428571435,7.2142857142857135,1.2258950039031995,19.142857142857142,2007-06-12,2021-09-01
119,5184067,Crateús,Inmet,-40.67213,-5.18664,298.19,28.12498914693384,39.51,18.79,2.1600641317547065,29.71,2011-10-31,2021-09-01
120,7074140,Picos,Inmet,-41.40404,-7.07102,232.91,28.91364374620523,40.91111111111112,17.000000000000004,2.3340137913088737,19.099999999999998,2011-11-01,2021-09-01
121,21344524,Varginha,Inmet,-45.4043,-21.56651,949.78,20.208123866570578,33.96666666666667,4.533333333333333,1.7766639894713665,21.0,2006-12-04,2021-09-01
122,20444638,Passos,Inmet,-46.63392,-20.74524,781.7,21.36386811685583,36.00666666666667,3.473333333333334,1.7145611060160248,23.09166666666667,2006-12-04,2021-09-01
123,3734101,Tianguá,Inmet,-41.01189,-3.73216,756.0,23.070796903460817,33.06666666666667,14.0,3.462163023679415,18.200000000000003,2018-03-15,2021-05-11
124,13264908,Porangatu,Inmet,-45.4236,-13.43333,396.0,25.807761194029844,,,1.0681094527363175,,2019-12-31,2020-07-29
125,15444436,Januaria,Inmet,-44.36631,-15.44809,468.0,25.826495901639344,38.65,9.95,2.0260688956433635,16.950000000000003,2016-06-22,2020-12-31
126,17434906,Morrinhos,Inmet,-49.1017,-17.74507,751.09,22.832126718909496,38.1,6.1230769230769235,1.6733587041373923,21.93846153846154,2007-06-12,2021-09-01
127,10114818,Palmas,Inmet,-48.30181,-10.19074,291.87,27.391162663383984,40.33571428571428,17.064285714285713,1.5362422331766608,20.735714285714288,2007-03-14,2021-01-31
128,12364752,Paranã,Inmet,-47.87192,-12.61489,284.96,26.15778258626621,40.15,12.391666666666666,1.207307689123262,19.225,2007-03-14,2021-01-31
129,18524644,Patos de Minas,Inmet,-46.44061,-18.52067,950.0,22.3369870009285,34.55,5.199999999999999,1.47217270194986,18.3,2018-12-31,2021-09-01
130,21925049,Tupã,Inmet,-50.49025,-21.92725,498.0,24.05737704918034,39.900000000000006,5.949999999999999,2.6801433121019125,23.0,2019-01-01,2021-03-31
131,7074036,Campos Sales,Inmet,-40.36268,-7.07773,577.95,25.96186525284068,38.84285714285714,16.400000000000002,2.1065887761297604,19.12857142857143,2011-12-09,2020-03-16
132,16844244,Aracuai,Inmet,-42.44056,-16.84889,308.0,25.378711293260483,39.4,9.1,1.4147609289617489,28.133333333333336,2017-12-31,2020-12-31
133,21475613,Jardim,Inmet,-56.13772,-21.47853,252.47,24.921967495998263,39.089999999999996,3.5099999999999993,1.6225139440856655,20.51,2011-08-03,2021-09-01
134,8613859,Floresta,Inmet,-38.58406,-8.59879,327.42,27.367301619828275,40.17999999999999,16.4,3.1124671805880806,26.689999999999998,2011-11-03,2021-09-01
135,9803661,Arapiraca,Inmet,-36.6192,-9.80455,236.84,24.70290971680109,37.55714285714286,15.957142857142856,2.0873018041460645,15.342857142857143,2000-01-01,2021-04-30
136,21464757,São Simão,Inmet,-47.57944,-21.46111,620.0,23.852372262773702,,,1.8905109489051093,,2019-07-03,2021-03-31
137,22145376,Angélica,Inmet,-53.76374,-22.14808,347.0,25.23995901639345,39.3,5.1,2.402240437158468,23.6,2018-12-31,2020-07-31
138,21245645,Bonito,Inmet,-56.45056,-21.24667,329.0,25.435355191256832,38.849999999999994,3.45,3.132295081967211,23.15,2018-12-31,2020-07-31
139,16674861,Silvânia,Inmet,-48.61817,-16.67979,952.0,22.099002318264603,36.49090909090909,8.254545454545458,1.1881584699453556,18.209090909090907,2010-10-11,2021-09-01
140,11594684,Dianópolis,Inmet,-46.84721,-11.59445,727.87,24.928323604901493,37.28181818181818,16.19090909090909,2.887496232820002,21.65454545454546,2008-08-30,2020-07-31
141,11194961,Formoso do Araguaia,Inmet,-49.60822,-11.88738,215.2,26.954510849351,40.60000000000001,15.569230769230769,1.731591774194233,25.23076923076923,2008-05-01,2021-01-03
142,5644811,Araguatins,Inmet,-48.11184,-5.64373,130.71,27.260592896174856,41.49,17.729999999999997,1.5816302160953808,34.58,2009-03-12,2021-01-26
143,15524756,Águas Emendadas,Inmet,-47.6258,-15.59649,1030.36,21.27871531572557,34.77777777777778,6.611111111111111,2.0793281941191784,17.755555555555553,2008-10-03,2020-07-31
144,3124008,Acaraú,Inmet,-40.08729,-3.12107,67.15,26.76863153786106,37.0,20.3,3.193799993494664,16.85,2011-10-31,2020-02-19
145,6394173,Valença do Piauí,Inmet,-41.73995,-6.39927,313.39,27.810223132969032,40.55555555555556,17.766666666666666,1.8980026780293169,27.833333333333336,2011-10-31,2020-12-15
146,14234213,Brumado,Inmet,-41.67228,-14.18189,473.37,25.11133674863388,40.11999999999999,12.37,1.5010902398299932,20.27,2011-10-24,2021-09-01
147,19884441,Florestal,Inmet,-44.41688,-19.8854,753.5,20.644470690966585,36.408333333333324,3.7249999999999996,0.7997484187033369,16.325,2008-06-05,2021-09-01
148,20554854,Barretos,Inmet,-48.545,-20.55918,534.36,22.95282447425072,39.67272727272727,4.209090909090909,1.229317685047194,19.69090909090909,2010-06-19,2021-08-18
149,22855460,Juti,Inmet,-54.60563,-22.85721,375.18,23.15518902773001,38.40833333333334,2.733333333333333,1.4095397862610972,21.758333333333336,2008-06-17,2020-08-16
150,29705469,São Vicente do Sul,Inmet,-54.69432,-29.70211,134.0,19.507504553734066,38.21666666666667,-0.7999999999999999,3.189595173041893,29.416666666666668,2016-04-05,2021-09-01
151,10733810,Poço Verde,Inmet,-38.10839,-10.73802,367.01,24.2969722981178,37.89,14.24,2.2420031876138444,16.46,2011-11-25,2021-09-01
152,10393774,Carira,Inmet,-37.7475,-10.39972,289.92,24.674517098187163,38.32222222222222,14.933333333333334,2.607616456327523,20.233333333333334,2011-11-28,2021-04-12
153,10423647,Brejo Grande,Inmet,-36.48205,-10.47396,6.11,26.139064532917008,35.488888888888894,18.3625,1.6929288641686182,14.444444444444445,2011-12-15,2020-08-15
154,17963869,Abrolhos,Inmet,-38.70329,-17.96302,20.93,25.52614642423452,31.322222222222226,19.299999999999997,5.633694325179978,24.975,2011-11-28,2020-10-27
155,11324186,Irecê,Inmet,-41.8645,-11.329,768.42,24.02209729811778,36.86000000000001,12.69,2.7547011991499697,18.47,2011-12-15,2021-09-01
156,18464059,Mantena,Inmet,-40.98651,-18.78062,254.91,24.07234017894676,37.949999999999996,11.85714285714286,0.8820760623711443,19.47142857142857,2007-08-25,2021-09-01
157,6084272,Angical do Piaui,Inmet,-42.72739,-6.08941,183.0,26.64280054644809,39.8,14.8,1.11525956284153,47.3,2019-11-14,2020-12-28
158,17345236,Mineiros,Inmet,-52.59648,-17.56932,712.83,22.39064377281796,36.709090909090904,-3.1909090909090922,1.1760735842026817,20.381818181818183,2007-11-22,2020-07-31
159,22674500,Cachoeira Paulista,Inmet,-45.00544,-22.689,586.0,21.39722222222221,35.5,4.133333333333333,1.5075683060109286,31.766666666666666,2017-10-20,2020-08-31
160,8776733,Boca do Acre,Inmet,-67.33256,-8.7768,111.98,25.92465348252231,37.44285714285714,12.885714285714284,1.096594468297338,19.171428571428574,2011-12-15,2020-01-22
161,3296062,Manacapuru,Inmet,-60.6284,-3.29464,36.57,27.296070181715663,37.128571428571426,21.171428571428574,1.255872799028536,19.185714285714287,2011-12-15,2020-07-14
162,17424223,Capelinha,Inmet,-42.38926,-17.7055,932.06,20.045206354210443,35.03846153846153,7.515384615384617,2.0612095768530176,21.23846153846154,2000-01-01,2021-05-16
163,22954653,Bragança Paulista,Inmet,-46.5305,-22.95197,891.0,20.2779463364293,33.699999999999996,4.533333333333333,1.6665005537098567,19.25,2017-12-19,2021-09-01
164,21934260,Carmo,Inmet,-42.60092,-21.93864,293.0,22.52346994535519,38.06666666666667,5.266666666666667,0.9085245901639344,15.133333333333333,2018-10-11,2021-09-01
165,21954201,Santa Madalena,Inmet,-42.01056,-21.95061,517.0,20.54902550091076,34.53333333333334,7.2,0.5197859744990889,14.699999999999998,2018-10-16,2021-08-11
166,16334652,Unaí,Inmet,-46.88194,-16.5541,640.85,23.767687920913342,38.59090909090909,9.299999999999999,1.6593046384398848,21.345454545454544,2007-06-16,2021-03-31
167,10434592,Mateiros,Inmet,-45.92194,-10.43444,791.0,24.01928311215197,36.528571428571425,11.542857142857143,3.4321900208170684,22.699999999999996,2012-11-09,2020-06-07
168,8154663,Campos Lindos,Inmet,-46.63932,-8.15467,426.56,26.04516566918208,37.375,15.962499999999999,2.0842315899037205,20.32,2012-11-09,2021-05-22
169,8957278,Marechal Thaumaturgo,Inmet,-72.78678,-8.95001,220.98,25.43156394743689,38.160000000000004,13.48,1.3794945355191248,43.75,2011-12-15,2021-01-21
170,8147034,Feijó,Inmet,-70.34359,-8.14265,157.17,25.3891490805794,36.487500000000004,13.525,1.4034272269928008,31.8375,2011-12-15,2021-07-07
171,15314626,Buritis,Inmet,-46.43554,-15.52426,894.0,22.708541228807643,36.65384615384615,10.96923076923077,2.663923792509858,21.715384615384615,2000-01-01,2021-06-02
172,19984395,Belo Horizonte - Cercadinho,Inmet,-43.9586,-19.98,1214.0,19.8434318891491,33.3875,7.687500000000001,5.287862509758001,28.714285714285715,2013-12-27,2021-09-01
173,16425114,Iporá,Inmet,-51.1488,-16.42306,610.41,24.51052686703097,39.4,11.200000000000001,1.6382172131147532,21.400000000000002,2013-06-23,2020-07-12
174,35108,Macapá,Inmet,-51.08876,0.03502,16.62,27.34346942492844,34.45,21.53333333333333,2.1192611891751247,23.816666666666666,2013-12-12,2020-07-31
175,17154450,Pirapora,Inmet,-44.8356,-17.25806,505.32,23.94682769583179,39.30909090909092,6.6090909090909085,1.3164028929479743,18.11818181818182,2007-07-23,2021-03-31
176,17334711,Guarda-Mor,Inmet,-47.19925,-17.56135,997.01,21.364885997426978,35.54615384615385,7.861538461538462,2.0825019720716456,21.26153846153846,2000-01-01,2021-04-07
177,16214507,São Romão,Inmet,-45.1238,-16.36275,490.29,24.43126506235113,40.25384615384616,7.653846153846154,1.332651974619188,20.06923076923077,2007-07-03,2021-09-01
178,15454127,Águas Vermelhas,Inmet,-41.45779,-15.75154,754.07,21.248996782361548,37.035714285714285,4.75,2.064484547328812,19.61428571428572,2007-09-08,2021-09-01
179,7114992,Xinguara,Inmet,-49.92607,-7.11052,245.0,26.13402185792349,40.260000000000005,15.2,1.513771689497718,45.4,2016-10-26,2021-09-01
180,10004247,Pilão Arcado,Inmet,-42.47364,-10.00226,400.0,27.576565573770505,38.43333333333334,15.533333333333331,2.4974494535519143,15.833333333333334,2016-05-27,2021-06-24
181,16344129,Itaobim,Inmet,-41.48559,-16.57567,271.63,25.700735603194595,40.81428571428571,12.192857142857141,1.6492467573410203,18.99285714285714,2007-09-04,2021-09-01
182,15434226,Rio Pardo de Minas,Inmet,-42.43575,-15.72314,850.06,21.395558257771388,35.95,6.907142857142858,2.137962003843152,19.164285714285715,2007-11-19,2021-09-01
183,17433955,Itamaraju,Inmet,-39.55086,-17.43667,110.0,24.18944899817852,36.04,12.68,2.437627504553733,16.360000000000003,2000-01-02,2020-10-30
184,16094218,Salinas,Inmet,-42.31027,-16.16033,487.14,24.24962201505233,39.30714285714286,8.364285714285716,1.3195634420224585,20.042857142857144,2007-09-13,2021-09-01
185,17474607,João Pinheiro,Inmet,-46.11939,-17.78477,877.05,22.69662686402849,35.23571428571429,10.414285714285715,1.955506145038932,21.55,2007-07-08,2021-09-01
186,19444208,Caratinga,Inmet,-42.13715,-19.73576,609.25,23.35541062398439,38.08461538461538,9.846153846153848,1.4431176355520616,19.923076923076923,2007-07-08,2021-09-01
187,27385120,Campos Novos,Inmet,-51.21606,-27.38386,963.0,17.315009107468132,32.833333333333336,-2.966666666666667,3.428747723132968,27.599999999999998,2019-02-14,2021-09-01
188,27075263,Chapecó,Inmet,-52.63571,-27.08531,679.0,19.911844262295087,35.06666666666666,-0.6666666666666666,3.4258014571949027,25.03333333333333,2019-02-18,2021-09-01
189,10203743,Nossa Senhora da Glória,Inmet,-37.43189,-10.20778,271.0,25.143055555555563,38.93333333333333,16.900000000000002,2.4314285714285715,,2019-03-17,2021-09-01
190,31805240,Capão do Leão (Pelotas),Inmet,-52.40722,-31.8025,13.0,18.24305555555556,37.6,0.8999999999999999,3.2393214936247725,26.1,2019-07-18,2021-09-01
191,20454129,Alegre,Inmet,-41.48885,-20.75041,128.68,23.95271287455712,39.8,10.73846153846154,1.4145833283292284,31.4,2006-12-04,2021-06-18
192,18294073,Ecoporanga,Inmet,-40.73641,-18.29152,224.0,24.869543260473595,38.260000000000005,12.38,1.999637978142077,26.7,2017-03-17,2021-09-01
193,19404053,Marilândia,Inmet,-40.53983,-19.40718,95.0,24.442788251366125,38.019999999999996,11.32,1.3177609289617482,16.859999999999996,2017-03-22,2021-09-01
194,22654404,Rio Claro (Passa Três),Inmet,-44.04092,-22.65358,516.0,21.0647349726776,37.38333333333333,6.460000000000001,1.6145502283105018,19.759999999999998,2016-06-02,2021-09-01
195,20384118,Venda Nova do Imigrante,Inmet,-41.18993,-20.38542,722.0,20.070114754098363,34.1,6.5200000000000005,1.1118237704918037,12.375,2017-02-10,2021-09-01
196,16075769,Cáceres,Inmet,-57.69305,-16.07474,123.53,26.560327652007985,40.71111111111111,9.988888888888889,1.3794602740914217,20.788888888888888,2012-03-30,2021-01-08
197,25835036,São Mateus do Sul,Inmet,-50.36899,-25.8356,780.21,17.34713274824751,34.61,-3.3,0.5962147430590052,17.729999999999997,2011-04-16,2021-05-30
198,10724365,Buritirama,Inmet,-43.6512,-10.72293,506.06,26.7717396348339,39.37500000000001,13.3625,1.4391447653742735,23.312499999999996,2011-12-15,2020-05-17
199,13003961,Amargosa,Inmet,-39.61688,-13.00947,397.8,23.09877534911961,36.230000000000004,15.52,1.7767191863995135,16.27,2011-11-28,2021-09-01
200,9833949,Uauá,Inmet,-39.49563,-9.83362,450.6,25.37193530444964,37.577777777777776,14.277777777777779,3.779500889062366,20.65555555555556,2011-12-15,2021-04-06
201,9575453,Guarantã do Norte,Inmet,-54.89783,-9.95259,283.58,25.87172874924105,38.666666666666664,14.844444444444443,0.7574445962355797,21.07777777777778,2011-10-23,2021-01-31
202,14005212,Água Boa,Inmet,-52.21169,-14.0165,440.0,26.038541059502144,38.7888888888889,12.955555555555554,2.377336412524936,24.466666666666665,2011-10-23,2021-07-27
203,15315508,Campo Verde,Inmet,-55.13565,-15.53143,748.27,23.819954256657116,35.8875,9.5625,2.8119301218665984,24.424999999999997,2011-10-23,2021-01-31
204,23594852,Itapeva,Inmet,-48.88582,-23.98192,743.33,19.798253002462012,34.92142857142857,3.521428571428572,2.320019230769233,23.728571428571424,2006-12-04,2021-09-01
205,22574951,Ourinhos,Inmet,-49.89455,-22.949,443.49,22.03323142476831,37.699999999999996,3.3846153846153846,1.1311606517344217,21.753846153846155,2000-01-01,2020-08-20
206,25005051,Ivaí,Inmet,-50.85385,-25.01076,803.58,18.89010952526527,34.15333333333333,0.38666666666666666,1.607807079305031,20.959999999999997,1991-02-18,2021-09-01
207,24265157,Nova Tebas,Inmet,-51.96302,-24.43735,656.24,20.89598579062105,34.785714285714285,1.8785714285714292,1.335302550364026,15.100000000000003,2000-01-01,2020-08-22
208,12335543,Sorriso,Inmet,-55.72286,-12.55511,379.31,26.04108232500653,39.0,12.266666666666666,1.078798247896609,19.566666666666666,2011-10-23,2021-01-31
209,17815328,Alto Taquari,Inmet,-53.28947,-17.84101,862.42,22.39806590987944,36.01111111111111,7.133333333333334,2.4101103738398835,26.422222222222224,2011-11-01,2020-07-31
210,15365721,Porto Estrela,Inmet,-57.22585,-15.32473,147.75,26.077718557550497,40.511111111111106,9.766666666666666,0.9400632318501172,17.71111111111111,2011-10-27,2021-09-01
211,15135811,Salto do Céu,Inmet,-58.12709,-15.12481,300.83,24.80620451687051,39.5,9.399999999999999,1.369619437939111,20.1375,2011-11-28,2020-07-22
212,27805033,Lages,Inmet,-50.33546,-27.80223,952.7,16.2642462919594,31.45714285714286,-2.5142857142857147,3.139118722352327,24.3,2014-11-06,2021-09-01
213,13475750,Campo Novo dos Parecis,Inmet,-57.83849,-13.78591,525.41,24.974638541937715,38.0,10.311111111111112,1.7332619914996967,20.34444444444445,2011-10-23,2021-04-15
214,14925388,Santo Antônio do Leste,Inmet,-53.88364,-14.92788,664.21,24.50309670179547,37.94444444444444,9.644444444444444,2.300673378988952,25.977777777777778,1999-12-31,2021-01-05
215,16164759,Luziânia,Inmet,-47.96696,-16.26054,1000.82,22.429428035989517,35.46153846153846,9.607692307692309,2.6481823595348177,21.33076923076923,2007-06-12,2021-09-01
216,15545214,Aragarças,Inmet,-52.24517,-15.90266,327.35,26.219306955794643,41.89999999999999,10.883333333333333,1.1970628642759784,20.400000000000002,2007-08-08,2021-05-15
217,15565008,Goiás,Inmet,-50.14143,-15.93973,512.86,25.653474373986658,41.75,13.3,1.124203772093116,20.32857142857143,2007-08-26,2021-09-01
218,14584932,Itapaci,Inmet,-49.53998,-14.97979,551.16,24.26672648617322,37.971428571428575,10.085714285714287,0.9759855399609496,18.892857142857142,2007-07-03,2021-09-01
219,17555143,Jataí,Inmet,-51.71747,-17.92362,670.08,23.002013971456584,38.05714285714286,4.15,1.5558069967373251,22.84285714285715,2007-07-03,2021-09-01
220,14054621,Posse,Inmet,-46.3665,-14.08921,830.0,24.59204834964672,37.05,14.685714285714287,2.250770541844312,22.32857142857143,2007-07-03,2021-09-01
221,12014833,Peixe,Inmet,-48.54452,-12.01538,250.87,26.72129779510104,39.79166666666667,14.883333333333333,1.247405431999695,21.45,1991-02-18,2020-07-31
222,11444902,Gurupi,Inmet,-49.0497,-11.74578,279.07,25.956076757941545,39.73076923076923,12.653846153846153,1.2112891821293454,20.200000000000003,2007-03-14,2020-06-23
223,8584811,Pedro Afonso,Inmet,-48.17726,-8.96868,189.71,26.957735257911494,39.99333333333334,16.72666666666667,0.7838138273384174,18.553333333333335,2007-03-14,2021-08-31
224,7064812,Araguaina,Inmet,-48.20123,-7.10395,230.76,25.739558549374117,37.85,13.816666666666665,0.8019710708235304,16.941666666666666,2007-03-14,2021-03-17
225,15134859,Goianésia,Inmet,-48.99011,-15.2202,667.01,24.60886494728709,37.766666666666666,12.566666666666666,1.1414442857537122,22.4,2007-07-03,2020-07-31
226,16585149,Caiapônia,Inmet,-51.81757,-16.96684,740.1,23.89701226505735,37.65000000000001,8.664285714285715,1.5605282031265624,21.978571428571428,2007-07-08,2021-09-01
227,14074731,Alto Paraíso de Goiás,Inmet,-47.52326,-14.13307,1264.7,20.58245714076451,33.9,8.807142857142859,2.092865465135957,19.299999999999994,2007-07-03,2021-08-29
228,17475057,Rio Verde,Inmet,-50.96487,-17.7853,780.11,23.2542690456174,38.16666666666667,6.616666666666666,1.8444146777630384,22.366666666666664,2007-07-03,2021-08-31
229,16285044,Paraúna,Inmet,-50.42545,-16.96254,678.74,24.392957887740685,38.25,9.178571428571429,1.1619617286174666,19.51428571428571,2008-03-27,2021-09-01
230,13144653,Monte Alegre de Goiás,Inmet,-46.89033,-13.25352,551.33,25.72121367415219,40.13636363636363,14.036363636363637,1.603877958865662,20.363636363636363,2000-01-01,2020-07-31
231,17184817,Pires do Rio,Inmet,-48.28413,-17.30415,757.27,23.293331706999748,37.73571428571428,7.185714285714286,0.9112527022158174,20.49285714285714,2007-10-30,2021-09-01
232,18154794,Catalão,Inmet,-47.92761,-18.15478,900.72,23.094919158710155,36.06428571428571,9.3,1.942540958586043,19.400000000000002,2008-02-25,2021-09-01
233,18254912,Itumbiara,Inmet,-49.19206,-18.40976,491.17,24.398696411057056,39.06153846153846,7.053846153846154,1.427203957244941,24.053846153846152,2000-01-01,2021-07-19
234,16474737,Cristalina,Inmet,-47.61297,-16.7849,1211.08,20.983667857643272,33.49999999999999,8.8,2.010242098520785,21.79285714285714,2007-12-11,2021-09-01
235,15934813,Gama (Ponte Alta),Inmet,-48.13738,-15.93514,990.0,22.147213505074152,35.67142857142857,7.042857142857144,2.2903930523028886,21.914285714285715,2014-09-30,2021-09-01
236,12594952,Araguaçu,Inmet,-49.52874,-12.59221,231.0,26.88320127504554,40.620000000000005,12.74,1.7859995446265933,28.450000000000003,2015-08-19,2020-12-01
237,7617268,Cruzeiro do Sul,Inmet,-72.68133,-7.61077,220.0,26.016758652094712,37.61666666666667,16.466666666666665,0.9426520947176684,16.250000000000004,2000-01-01,2020-11-19
238,7266478,Lábrea,Inmet,-64.7885,-7.26068,61.91,26.57063755529535,36.81428571428571,16.914285714285715,0.7898970530835283,16.571428571428573,2011-12-15,2020-07-31
239,7636307,Humaitá,Inmet,-63.07134,-7.55252,53.56,26.427913348946134,37.474999999999994,15.575,0.8722007546187873,20.4,2011-12-15,2020-07-31
240,7205988,Apui,Inmet,-59.88856,-7.20548,156.97,26.125469489981796,37.800000000000004,17.099999999999998,0.6568948737965138,19.8,2011-12-15,2020-11-23
241,4096314,Coari,Inmet,-63.14532,-4.09748,33.84,27.044110720791043,37.43333333333333,19.900000000000002,1.2050627439500396,21.98333333333333,2011-12-15,2020-01-13
242,3585912,Autazes,Inmet,-59.12944,-3.58333,19.9,27.10433569693816,37.224999999999994,20.671428571428574,0.3551599770144853,9.137500000000001,2011-12-15,2021-04-24
243,3135848,Itacoatiara,Inmet,-58.48278,-3.13333,41.54,27.18005242215281,36.271428571428565,20.814285714285713,0.884735178679851,16.45714285714286,2011-12-15,2020-07-07
244,3395767,Maués,Inmet,-57.67377,-3.39901,25.49,26.38357175383816,36.32857142857143,20.514285714285712,0.4692195875618006,15.642857142857142,2011-12-15,2020-05-24
245,2635675,Parintins,Inmet,-56.75618,-2.63915,18.72,27.529923052736574,37.028571428571425,21.55714285714286,0.5486562147627724,11.671428571428573,2011-12-15,2020-07-31
246,2535775,Urucará,Inmet,-57.7581,-2.53475,18.49,27.49883559935814,37.725,21.225,0.7342493386243389,15.45,2011-12-15,2020-01-31
247,2435956,Rio Urubu,Inmet,-59.60058,-2.63365,112.84,26.08662128111719,37.211111111111116,19.455555555555556,0.6975528883684613,18.111111111111107,2000-01-01,2020-09-30
248,2056002,Presidente Figueiredo,Inmet,-60.02576,-2.05656,60.99,26.55213782635094,37.5,19.677777777777777,0.6635410595021245,17.33333333333333,2011-12-15,2021-05-28
249,29045014,Cambará do Sul,Inmet,-50.14964,-29.04913,1017.0,15.378519125683065,31.3,-2.96,2.951793715846997,25.7,2016-11-23,2021-09-01
250,986292,Barcelos,Inmet,-62.92425,-0.98729,29.88,26.39980640124901,37.82000000000001,16.2,0.7057663283892796,17.360000000000003,2011-12-15,2020-01-07
251,126706,São Gabriel da Cachoeira,Inmet,-67.06125,-0.12521,79.67,25.8901564532917,35.85714285714286,19.928571428571427,0.7809061930783242,36.357142857142854,2011-12-01,2020-07-31
252,2806064,Boa Vista,Inmet,-60.69082,2.8169,82.35,27.798323566460866,38.08888888888889,20.755555555555556,1.8908952227189928,39.577777777777776,2000-01-01,2021-01-21
253,8267274,Porto Walter,Inmet,-72.74784,-8.2672,205.35,25.77018098924452,36.48571428571429,14.685714285714285,1.339863702402637,21.3,2000-01-01,2020-11-12
254,11026873,Epitaciolândia,Inmet,-68.73518,-11.02375,224.5,24.775094750195176,36.48571428571429,10.657142857142858,0.9722736143637782,17.6,2011-12-15,2020-04-26
255,1184755,Castanhal,Inmet,-47.94797,-1.30088,47.13,26.696377884031563,36.089999999999996,21.14,1.103817850637522,18.410000000000004,2011-10-23,2021-09-01
256,2324413,São Luís,Inmet,-44.21358,-2.52677,54.8,26.98635458409229,35.42,21.43,1.8853822100789328,14.929999999999998,2011-10-23,2021-09-01
257,5814616,Grajaú,Inmet,-46.1622,-5.81609,232.29,27.336543065313563,38.425000000000004,17.4,1.5687932604735888,25.075000000000003,2011-12-15,2021-02-06
258,3515296,Medicilandia,Inmet,-52.96345,-3.51094,251.68,25.999104302194485,35.32857142857143,20.357142857142858,0.5018982240437158,16.085714285714285,2011-12-15,2021-03-01
259,3845063,Pacajá,Inmet,-50.6381,-3.8437,89.02,27.012547998525463,37.12500000000001,19.2625,0.6675330145719488,15.875,2011-12-15,2020-05-13
260,3885424,Placas,Inmet,-54.21642,-3.86404,100.45,26.51504900685229,37.6875,18.6875,0.6878670634920642,17.6625,2012-02-11,2020-03-08
261,3014734,Paragominas,Inmet,-47.34312,-3.00993,84.89,26.802366965912057,36.74444444444444,18.055555555555554,1.0636865187787312,18.444444444444443,2011-12-14,2020-10-22
262,2414816,Tomé Açu,Inmet,-48.36059,-2.59261,42.95,26.59439670613238,36.099999999999994,19.355555555555554,0.9440424256223432,17.51111111111111,2011-12-15,2021-09-01
263,4784807,Rondon do Pará,Inmet,-48.07106,-4.78447,229.28,26.24581065140082,37.63333333333333,16.61111111111111,1.1861247831555206,19.522222222222222,2011-12-15,2021-03-17
264,614735,Salinópolis,Inmet,-47.3566,-0.61888,23.18,27.4564612607338,34.087500000000006,21.4125,1.9939756266805435,16.537499999999998,2011-12-15,2020-06-08
265,6635195,São Félix do Xingu,Inmet,-51.95697,-6.63962,211.0,26.2552773224044,37.475,16.475,1.620876593806922,22.65,2000-01-01,2021-09-01
266,2594270,Farol Preguiças,Inmet,-42.70755,-2.59234,4.62,27.429570311822367,32.028571428571425,18.17142857142857,2.6000606839274862,14.685714285714287,2000-02-13,2020-03-20
267,1664537,Turiaçu,Inmet,-45.37257,-1.66122,35.86,26.95860151574291,41.43750000000001,21.4375,2.27911820192558,17.887500000000003,2011-12-15,2020-04-22
268,4244479,Bacabal,Inmet,-44.79499,-4.24306,22.33,27.890182452944725,39.48,18.67,1.0726768366727388,18.169999999999998,2011-11-19,2021-09-01
269,5504523,Barra do Corda,Inmet,-45.23705,-5.50678,154.19,27.556779143898005,40.269999999999996,16.729999999999997,1.3345611718275645,18.509999999999998,2011-11-04,2021-09-01
270,6034423,Colinas,Inmet,-44.2334,-6.03317,175.37,27.314377515395964,40.21111111111111,15.799999999999999,0.9855081750368642,19.6,2011-12-15,2021-01-15
271,9104593,Alto Parnaíba,Inmet,-45.93202,-9.1082,283.69,26.65013163741238,40.35,13.52,0.9365278674725388,19.580000000000002,2000-01-01,2021-08-28
272,6654741,Estreito,Inmet,-47.41824,-6.65327,182.96,26.28557847601702,38.611111111111114,13.333333333333334,1.1047727686703093,20.83333333333333,2011-12-15,2021-05-14
273,5554745,Imperatriz,Inmet,-47.45979,-5.55572,117.96,27.41499658469946,38.980000000000004,16.470000000000002,0.81850410920288,19.94,2011-12-15,2021-09-01
274,1074678,Bragança,Inmet,-46.78579,-1.04726,41.0,26.996525500910742,35.58888888888888,16.566666666666666,1.5737955481828432,17.711111111111112,2012-01-02,2021-01-19
275,814851,Soure,Inmet,-48.5158,-0.72783,12.54,27.62030976233843,32.95,21.55,2.304281811085089,16.537499999999998,2012-02-02,2020-02-19
276,3824967,Tucuruí,Inmet,-49.67496,-3.82276,137.94,26.760788711667825,35.925,20.487499999999997,0.6024502785465901,17.9,2000-01-01,2021-05-11
277,4275599,Itaituba,Inmet,-55.99309,-4.27698,24.46,27.64532409575856,36.85,21.133333333333336,0.99484683190216,17.366666666666667,2011-12-15,2020-07-31
278,1885551,Óbidos,Inmet,-55.51986,-1.88079,89.64,26.51341779425794,37.862500000000004,20.337500000000002,0.1379863279555903,12.475000000000001,2012-07-03,2021-04-05
279,9335035,Santana do Araguaia,Inmet,-50.35028,-9.33861,176.75,27.077722580015596,40.14444444444444,15.399999999999999,1.109955470986209,22.78888888888889,2011-12-15,2021-02-21
280,6745114,Tucumã,Inmet,-51.1419,-6.74321,320.93,25.704433515482705,37.95,16.35,1.2008584474885844,29.2,2015-12-31,2021-02-24
281,4254992,Novo Repartimento,Inmet,-49.93931,-4.24399,100.76,26.56651645849597,35.75,18.82,1.400936410356493,28.485714285714288,2011-11-17,2021-09-01
282,2244949,Cametá,Inmet,-49.49983,-2.23965,9.92,27.675594457455105,35.48888888888889,21.633333333333333,1.8148785128805611,18.2,2012-02-14,2020-10-07
283,4824334,Caxias,Inmet,-43.34366,-4.82135,84.85,27.22543965218147,39.725,16.7,1.303779870327002,45.0,2011-11-03,2020-02-22
284,5164937,Marabá,Inmet,-49.05117,-5.36645,116.58,26.492598599184667,36.74444444444444,17.655555555555555,1.2668608400555128,39.31111111111112,2011-12-15,2021-06-21
285,2005407,Monte Alegre,Inmet,-54.07648,-2.00005,100.53,27.66705997918293,35.31428571428572,20.985714285714288,2.9739939500390307,30.6,2000-01-01,2020-12-13
286,8254927,Conceição do Araguaia,Inmet,-49.28277,-8.30361,175.74,26.46139472200537,39.6,14.64,1.3648710967993765,26.25,2011-12-15,2021-08-30
287,705142,Porto Grande,Inmet,-51.42778,0.70278,74.09,26.309287145459265,35.63333333333333,20.583333333333332,1.5775437158469945,29.279999999999994,2011-12-15,2021-08-31
288,1734705,Capitão Poço,Inmet,-47.0575,-1.73477,79.1,26.00418031702664,36.51111111111111,19.57777777777778,1.932337583485124,18.400000000000002,2011-12-15,2021-05-25
289,2505472,Santarém,Inmet,-54.72028,-2.50257,137.0,26.528275956284155,34.575,20.674999999999997,1.2805232240437163,22.0,2015-09-02,2020-01-22
290,8033457,Recife,Inmet,-34.95924,-8.05928,11.3,25.864699984820916,34.28,18.340000000000003,1.5682443186746475,16.422222222222224,2011-10-23,2021-09-01
291,9403542,Maceió,Inmet,-35.7702,-9.55117,84.12,25.43098204527713,34.84444444444444,17.7,2.64985340228988,27.033333333333335,2011-10-23,2021-09-01
292,5543512,Natal,Inmet,-35.20792,-5.83719,47.46,26.74116454159078,32.39,20.67,4.189979280510018,23.349999999999998,2011-10-18,2021-09-01
293,3463833,Fortaleza,Inmet,-38.53779,-3.8157,29.55,27.43104280510017,34.04,21.17,2.5671384335154817,18.51,2011-10-24,2021-09-01
294,3434020,Sobral,Inmet,-40.34572,-3.74818,92.07,27.84660481177896,39.68888888888889,18.133333333333336,1.8606798724954456,19.700000000000003,2011-10-24,2021-02-25
295,9234029,Petrolina,Inmet,-40.52326,-9.38832,372.72,27.39543480570735,39.220000000000006,17.86,3.559298952641164,17.729999999999997,2011-10-23,2021-09-01
296,3054147,Parnaíba,Inmet,-41.78314,-3.08666,52.11,27.306863572295946,40.010000000000005,19.240000000000002,3.186789389799637,20.740000000000002,2011-10-24,2021-09-01
297,8263703,Arco Verde,Inmet,-37.05548,-8.43354,683.95,23.945223284760186,36.8,12.955555555555554,3.411649199843871,18.833333333333332,2011-10-24,2021-08-27
298,6583542,Areia,Inmet,-35.71813,-6.97545,573.45,22.46964336672738,32.91,16.71,3.926358758348514,16.839999999999996,2011-10-24,2021-09-01
299,6464301,Floriano,Inmet,-43.0034,-6.76144,126.39,28.9251026433342,42.1625,18.8375,1.430999924104431,19.45,2000-01-17,2020-04-11
300,5044248,Teresina,Inmet,-42.80134,-5.03477,75.23,28.30696828649495,39.95,17.509999999999998,1.2668526867030971,18.87,2011-12-15,2021-09-01
301,7133554,Campina Grande,Inmet,-35.90483,-7.22557,546.17,23.711078020643598,34.67999999999999,16.75,3.314720682626417,18.2,2011-10-29,2021-09-01
302,7183916,Barbalha,Inmet,-39.27111,-7.30093,409.41,26.658043227946905,38.2625,16.025,1.7545026129759744,18.925,2011-10-24,2021-08-07
303,6273706,Caicó,Inmet,-37.08493,-6.46747,171.26,29.02117089513399,39.32000000000001,19.39,3.0113680501344438,24.5,2011-10-29,2021-09-01
304,5463637,Macau,Inmet,-36.57314,-5.15104,17.37,28.138630280163056,37.666666666666664,19.055555555555554,4.629946667100358,19.055555555555557,2011-10-02,2020-12-03
305,5123718,Mossoró,Inmet,-37.36694,-4.90409,29.44,27.541937342787755,36.4125,18.3625,3.5873991131060787,18.025000000000002,2011-10-23,2020-04-02
306,6233916,Iguatu,Inmet,-39.26895,-6.39638,221.56,27.85850175644028,38.46,18.03,2.5304105516523547,35.62,2000-01-01,2021-09-01
307,7083451,João Pessoa,Inmet,-34.81563,-7.16541,33.5,26.562511373492946,32.9875,19.6875,2.136804503859832,26.737499999999997,2011-10-24,2021-05-20
308,7043716,Patos,Inmet,-37.27282,-7.07984,263.66,28.321291514875533,38.96666666666667,18.08888888888889,3.252842972070432,20.722222222222218,2011-10-24,2021-08-01
309,7843575,Surubim,Inmet,-35.80106,-7.83963,421.44,24.732565877352748,35.58,16.009999999999998,3.121571038251365,17.85,2011-11-04,2021-09-01
310,6753822,São Gonçalo,Inmet,-38.31158,-6.83578,237.04,27.562262902246506,38.419999999999995,15.199999999999998,1.8564998482088648,19.5,2011-11-09,2021-09-01
311,8444386,Alvorada do Gurguéia,Inmet,-43.86544,-8.4416,261.26,27.696662188828192,40.47777777777778,15.200000000000001,1.4315670157862792,15.666666666666666,2011-10-31,2021-07-24
312,9284332,Caracol,Inmet,-43.32444,-9.28588,515.3,26.224286885245903,38.78999999999999,13.34,2.258328551912569,21.560000000000002,2011-10-31,2021-09-01
313,4783777,Jaguaruana,Inmet,-37.77719,-4.85351,16.57,28.069034532483297,37.85000000000001,19.29,2.6635109289617507,18.640000000000004,2011-11-01,2021-09-01
314,8293596,Caruaru,Inmet,-35.98555,-8.23607,570.05,22.674795266285027,34.63333333333334,13.822222222222221,3.1115984582357554,18.27777777777778,2011-12-15,2021-01-25
315,9034270,São Raimundo Nonato,Inmet,-42.70111,-9.03321,383.13,27.684182452944768,39.79,13.84,2.084587887067395,19.579999999999995,2011-11-14,2021-09-01
316,7474434,Uruçui,Inmet,-44.34506,-7.44142,398.83,26.605033545840914,39.733333333333334,17.144444444444446,0.814527625986643,13.600000000000001,2011-11-27,2021-05-07
317,7483628,Cabaceiras,Inmet,-36.28647,-7.48321,391.96,25.62306322100789,37.12222222222222,13.766666666666667,2.918868321190044,21.87777777777778,2011-11-17,2021-02-08
318,8503771,Ibimirim,Inmet,-37.71159,-8.50955,434.23,26.06753339404979,38.82,14.529999999999998,3.07329447480267,29.909999999999997,2011-12-15,2021-09-01
319,7953829,Serra Talhada,Inmet,-38.29508,-7.95428,499.02,26.128771512943636,38.22222222222222,16.244444444444447,2.5198551774576354,28.422222222222224,2000-01-01,2021-09-01
320,6974214,Oeiras,Inmet,-42.14683,-6.97414,154.03,28.12943392748722,41.75,13.6875,2.0014790961922118,28.4625,2011-12-15,2020-12-14
321,10123628,Coruripe,Inmet,-36.28635,-10.12848,82.39,26.43689261861394,36.611111111111114,18.98888888888889,2.346950461878741,19.377777777777776,2011-12-15,2020-12-03
322,9283556,São Luis do Quitunde,Inmet,-35.56588,-9.28748,13.69,25.42304265330904,35.58,17.270000000000003,1.964402777777779,18.85,2011-10-31,2021-09-01
323,8663556,Palmares,Inmet,-35.56792,-8.66667,164.01,24.76591638476884,38.95,17.209999999999997,2.101398321623729,25.18888888888889,2011-10-31,2021-09-01
324,5903862,Jaguaribe,Inmet,-38.62779,-5.90559,149.31,29.2790196461098,39.875,20.837500000000002,2.815584124815682,31.375,2011-10-31,2020-07-27
325,9874534,Gilbués,Inmet,-45.34581,-9.8752,425.1,28.235336108942672,40.47777777777778,17.577777777777776,2.349252591291528,20.84444444444445,2011-10-31,2020-08-02
326,8114297,Canto do Buriti,Inmet,-42.97572,-8.11794,312.07,27.6782635853066,39.160000000000004,16.609999999999996,2.679075960621042,18.85,2011-10-31,2021-09-01
327,7884010,Ouricuri,Inmet,-40.10268,-7.88583,457.85,27.14717827868852,38.32,15.729999999999999,3.106610016046492,23.729999999999997,2011-12-15,2021-08-31
328,12393909,Cruz das Almas,Inmet,-39.08958,-12.67542,219.76,24.2784664216324,36.733333333333334,16.566666666666666,2.621175199496919,16.244444444444444,2011-10-23,2021-04-21
329,13314007,Itiruçu,Inmet,-40.11975,-13.52783,757.42,21.026467603434813,35.81,12.5,2.2924877591291533,15.55,2011-10-23,2021-09-01
330,12314017,Itaberaba,Inmet,-40.29971,-12.52406,250.11,25.658918943533678,38.63999999999999,14.830000000000002,2.1090916818457823,19.93,2011-10-23,2021-09-01
331,10573703,Aracaju,Inmet,-37.05433,-10.95241,3.72,26.77840467516696,36.28,19.909999999999997,2.47374007936508,17.544444444444444,2011-10-23,2021-09-01
332,14393909,Ilhéus,Inmet,-39.18144,-14.6588,80.21,23.449744828259195,34.75714285714286,14.514285714285714,2.196478011969816,14.714285714285712,2011-10-23,2021-09-01
333,12074021,Macajuba,Inmet,-40.35422,-12.13169,338.85,24.903536050394656,38.75,13.210000000000003,2.6824779902853675,19.32,2011-10-23,2021-09-01
334,12153858,Feira de Santana,Inmet,-38.96738,-12.1962,229.64,24.68243766805444,38.24444444444445,14.2125,2.4769502125075884,18.477777777777774,2011-10-23,2021-03-21
335,14534048,Vitória da Conquista,Inmet,-40.80133,-14.88643,879.38,20.57780571818892,34.974999999999994,9.2875,2.4812531225605,20.849999999999998,2011-10-23,2021-04-13
336,13334461,Correntina,Inmet,-44.61738,-13.33239,551.71,24.7408343633446,39.36,10.23,1.5342721506635446,18.479999999999997,2011-10-25,2021-09-01
337,11163747,Itabaianinha,Inmet,-37.795,-11.2725,204.8,24.606181639777965,36.96666666666667,17.022222222222222,2.618757459450082,26.855555555555554,2011-10-24,2021-09-01
338,9604210,Remanso,Inmet,-42.07721,-9.62569,397.4,27.368083680284503,37.599999999999994,18.15,3.4948933450429376,22.85,2011-11-28,2021-09-01
339,12554138,Lençóis,Inmet,-41.38881,-12.55785,438.09,24.85390809046752,39.03,14.030000000000001,0.9653041135397704,17.220000000000002,2011-11-28,2021-09-01
340,16383918,Porto Seguro,Inmet,-39.18239,-16.38898,86.36,23.49949816766416,35.25555555555556,13.455555555555557,1.4379030054644817,29.799999999999997,2011-12-15,2020-08-13
341,10444014,Senhor do Bonfim,Inmet,-40.14824,-10.44307,532.09,24.20136391924712,37.45,14.755555555555556,2.724003989938418,17.84,2011-12-15,2021-09-01
342,26445383,São Miguel do Oeste,Inmet,-53.50454,-26.7767,654.51,19.748074898689666,35.62307692307692,0.19230769230769232,2.815348892910369,26.36923076923077,2008-03-11,2021-09-01
343,11084313,Barra,Inmet,-43.139,-11.08486,407.5,27.889813221007888,39.790000000000006,14.280000000000001,1.8509760928961765,17.919999999999998,2011-11-28,2021-09-01
344,13154177,Piatã,Inmet,-41.77413,-13.15568,1283.95,19.678940194292665,32.470000000000006,10.459999999999999,2.565297207043108,19.389999999999997,2011-12-15,2021-09-01
345,11813761,Conde,Inmet,-37.68389,-12.03583,31.9,25.82909869676468,34.011111111111106,17.477777777777774,2.697378751409488,15.58888888888889,2011-12-15,2021-02-27
346,10983961,Queimadas,Inmet,-39.61701,-10.98465,310.11,26.1946226472374,39.35,15.439999999999998,3.3163084395871265,21.470000000000006,2011-12-15,2021-09-01
347,15283909,Una,Inmet,-39.09127,-15.28022,74.08,23.916770740188785,33.540000000000006,15.59,1.3552295150963178,14.360000000000003,2000-01-01,2021-08-31
348,13903897,Maraú,Inmet,-38.97222,-13.90694,6.24,25.32393867638129,32.62222222222222,17.822222222222223,2.072058667273832,14.355555555555554,2011-12-15,2021-02-24
349,12194321,Ibotirama,Inmet,-43.21342,-12.19306,425.12,28.000540495706478,41.07,13.989999999999998,1.9830257719663464,23.889999999999997,2011-12-10,2021-08-25
350,11204046,Jacobina,Inmet,-40.46498,-11.20514,440.78,24.32279279425796,38.58888888888889,11.38888888888889,2.0063060542978577,46.53333333333333,2011-12-15,2020-09-03
351,11663902,Serrinha,Inmet,-39.02295,-11.66459,337.79,24.474783339838677,37.73333333333333,13.544444444444444,2.787169041113714,19.977777777777778,2011-12-15,2021-07-31
352,10533899,Euclides da Cunha,Inmet,-38.99661,-10.53723,431.96,24.68172594110506,38.46,14.25,3.1201136265070684,26.490000000000002,2011-11-30,2021-09-01
353,10454120,Delfino,Inmet,-41.207,-10.45492,646.24,24.33218041460665,37.74444444444444,11.08888888888889,2.6543149449215027,20.144444444444446,2011-12-15,2020-12-29
354,13343912,Valença,Inmet,-39.12667,-13.34361,93.12,23.701123150907986,34.0,14.189999999999998,1.4078451040459232,25.979999999999997,2000-01-01,2021-08-20
355,14173969,Ipiaú,Inmet,-39.6925,-14.1713,132.11,23.885111837540112,37.477777777777774,13.422222222222222,1.4407895307485477,18.0,2011-12-15,2020-11-25
356,15244022,Itapetinga,Inmet,-40.22955,-15.24462,271.48,24.371675091074657,38.18888888888889,11.866666666666667,2.177682452944747,28.08888888888889,2011-11-30,2021-04-19
357,16083921,Belmonte,Inmet,-39.21539,-16.08805,89.67,23.32623255584732,35.65555555555555,12.944444444444445,1.6260423388845542,20.84444444444445,2000-01-01,2021-01-11
358,9003991,Curaçá,Inmet,-39.9124,-9.0013,370.0,27.51029274004685,38.599999999999994,16.233333333333334,3.1572085610200378,23.916666666666668,2015-08-19,2021-09-01
359,11054550,Formosa do Rio Preto,Inmet,-45.20077,-11.05216,488.0,25.58979735883421,40.959999999999994,10.16,1.369556921675774,17.26,2016-06-01,2020-11-27
360,21134346,Barbacena,Inmet,-43.7677,-21.22837,1168.76,18.5334187892986,32.06666666666667,5.620000000000001,1.8882893291152008,19.813333333333333,2003-03-20,2021-09-01
361,19364656,Araxá,Inmet,-46.94962,-19.6057,1018.32,21.53733709474587,35.61333333333334,8.226666666666667,2.5363386944270574,21.90666666666667,2002-12-19,2021-09-01
362,16434353,Montes Claros,Inmet,-43.84376,-16.68632,645.87,23.63715834188625,38.3,9.978571428571428,1.8548718354132965,19.385714285714283,2002-12-18,2021-09-01
363,18554815,Uberlândia,Inmet,-48.25566,-18.91707,874.77,23.17316069770347,36.04666666666667,8.373333333333333,1.8722452498303528,18.646666666666665,2003-03-20,2021-09-01
364,16174041,Almenara,Inmet,-40.68776,-16.16677,189.11,25.491602146942277,38.885714285714286,13.014285714285714,1.5859551532256435,19.97142857142857,2006-12-06,2021-09-01
365,22514602,Monte Verde,Inmet,-46.04337,-22.8616,1544.89,15.233589534447647,29.006666666666664,-1.8733333333333333,1.3437371022179363,22.279999999999998,2004-12-19,2021-09-01
366,20464252,Viçosa,Inmet,-42.86401,-20.76261,697.64,19.8797658730159,35.220000000000006,5.5666666666666655,0.8472968546708304,17.66666666666667,2005-09-15,2021-09-01
367,19344238,Timóteo,Inmet,-42.62241,-19.57382,493.42,22.5275723655898,36.666666666666664,11.353333333333332,1.0242763278388278,14.521428571428569,2006-02-24,2021-09-01
368,18574931,Ituiutaba,Inmet,-49.52507,-18.95291,540.08,23.82009618296093,39.12307692307692,5.3076923076923075,1.5090783956480691,22.646153846153844,2006-05-11,2021-04-10
369,21064223,Muriaé,Inmet,-42.3759,-21.10487,282.79,23.16881577166003,38.57333333333334,10.459999999999999,1.1981272725453045,23.826666666666664,2006-08-29,2021-09-01
370,21464321,Juiz de Fora,Inmet,-43.36433,-21.76997,936.88,19.258848590844487,32.864285714285714,7.935714285714285,2.620592360735804,25.250000000000004,2007-06-12,2021-09-01
371,19324932,Campina Verde,Inmet,-49.51813,-19.53921,559.07,23.993414970275637,38.9,6.02,1.7695468734362183,22.02,2006-12-04,2021-09-01
372,19594809,Conceição das Alagoas,Inmet,-48.15157,-19.98586,572.54,23.268294426429676,38.69285714285714,5.05,2.2078631377729736,23.900000000000002,2006-12-04,2021-09-01
373,19534358,Belo Horizonte - Pampulha,Inmet,-43.9694,-19.88395,854.02,21.94899593666808,35.535714285714285,8.749999999999998,2.037507150863706,21.314285714285713,2006-12-04,2021-09-01
374,17484015,Serra dos Aimorés,Inmet,-40.24993,-17.7988,211.97,23.59813281891152,37.357142857142854,12.707142857142857,2.699965546748336,20.42142857142857,2006-12-04,2020-12-12
375,19004658,Patrocíonio,Inmet,-46.98594,-18.99668,978.11,20.67738899397505,34.913333333333334,3.8133333333333326,1.3301792369743186,19.359999999999996,2006-12-04,2021-09-01
376,20274527,Formiga,Inmet,-45.45383,-20.45493,878.14,21.44165041834304,34.72666666666667,5.493333333333334,1.7102230378910712,21.926666666666666,2006-12-04,2021-09-01
377,19534726,Sacramento,Inmet,-47.4341,-19.87527,913.12,21.982572154166416,36.17857142857142,5.171428571428571,2.0530626813987465,22.235714285714288,2006-12-04,2021-09-01
378,14244424,Montalvânia,Inmet,-44.40412,-14.40823,519.52,24.28437412375114,39.581818181818186,7.454545454545456,1.6806246205221622,15.227272727272727,2007-06-26,2021-03-31
379,17544131,Teófilo Otoni,Inmet,-41.51542,-17.89284,467.17,23.14921508955524,37.52142857142858,11.592857142857142,1.6704002300067868,22.335714285714285,2006-12-04,2021-09-01
380,18124528,Três Marias,Inmet,-45.45984,-18.20086,931.01,22.140505659640898,35.48571428571429,9.814285714285715,2.588659260593689,20.814285714285717,2006-12-04,2021-09-01
381,22234457,Passa Quatro,Inmet,-44.96191,-22.3958,1017.1,18.982880533401023,33.87142857142857,3.4285714285714293,2.099334550240289,24.7,2007-07-03,2021-09-01
382,21554622,Caldas,Inmet,-46.383,-21.91807,1077.34,17.98706675974298,32.559999999999995,-0.7866666666666667,0.8893850507416085,19.32,2007-05-30,2021-09-01
383,22184522,Maria da Fé,Inmet,-45.37305,-22.31457,1281.43,16.76652606137032,30.480000000000004,-1.2,0.7359761404351567,16.52,2006-12-09,2021-09-01
384,18474159,Governador Valadares,Inmet,-41.97701,-18.83035,198.24,24.250191451990624,39.042857142857144,10.678571428571429,1.629459581402204,25.38461538461538,2007-07-03,2021-09-01
385,18474256,Guanhães,Inmet,-42.94292,-18.78684,852.68,20.71389535919456,35.42857142857142,7.235714285714287,1.700054459656919,22.764285714285716,2007-07-03,2021-09-01
386,19304103,Aimorés,Inmet,-41.0908,-19.53277,287.74,24.265264840502525,38.29090909090908,13.672727272727274,2.2793510293592263,25.272727272727266,1999-12-31,2020-05-11
387,19284535,Dores do Indaiá,Inmet,-45.59393,-19.48194,721.09,22.517278703536885,36.40714285714285,7.607142857142857,1.7860583778698542,25.642857142857142,2007-07-08,2021-09-01
388,18134338,Diamantina,Inmet,-43.64827,-18.23105,1359.25,18.528413193818952,31.192857142857143,7.864285714285714,3.0724043966052164,21.178571428571427,2007-07-03,2021-09-01
389,18444427,Curvelo,Inmet,-44.45379,-18.74771,669.48,23.07797386356813,37.16428571428572,8.078571428571427,1.7093728857663306,21.58571428571429,2007-07-03,2021-09-01
390,15054402,Mocambinho,Inmet,-44.01604,-15.08596,454.0,25.06778515883025,39.4,11.685714285714285,1.109594267299185,17.97142857142857,2007-11-19,2021-09-01
391,15184537,Chapada Gaúcha,Inmet,-45.61743,-15.30016,873.2,23.08261748633879,36.66,10.911111111111111,2.7034928037202635,21.95,2007-07-03,2021-03-31
392,20264218,Manhuaçu,Inmet,-42.18282,-20.26338,819.47,20.097373572769055,33.89,5.709999999999999,2.010051003792806,23.51,2010-10-02,2020-12-15
393,21544326,Coronel Pacheco,Inmet,-43.26103,-21.54673,411.14,22.7422010798855,38.43333333333334,7.58888888888889,1.3680095303148574,24.07777777777778,2012-11-07,2021-09-01
394,19454417,Sete Lagoas,Inmet,-44.17338,-19.45529,719.0,21.931646630236788,36.775,5.074999999999999,2.0036338797814226,21.2,2016-06-09,2021-09-01
395,22484341,Seropédica - Ecologia Agrícola,Inmet,-43.68484,-22.75787,34.64,23.77844716667669,40.36666666666667,10.5,1.9979025000500408,24.419999999999998,2006-12-04,2021-09-01
396,23034336,Rio de Janeiro - Marambaia,Inmet,-43.59569,-23.05033,9.16,23.29313290898536,40.00666666666666,11.913333333333334,3.3650583260091462,24.93076923076923,2006-12-04,2021-09-01
397,22354316,Duque de Caxias - Xerém,Inmet,-43.28223,-22.58981,24.35,22.821261629536224,39.24666666666667,8.593333333333334,0.7825537240537243,22.207142857142856,2006-12-03,2021-09-01
398,21344157,Cambuci,Inmet,-41.95833,-21.58773,59.94,23.885622364429757,39.17142857142857,9.392857142857142,0.9553834075760302,16.130769230769232,2005-03-25,2021-09-01
399,22584200,Arraial do Cabo,Inmet,-42.02145,-22.97547,3.34,23.32384983686624,33.34666666666667,15.153333333333336,4.524408428547772,30.180000000000007,2006-12-04,2021-09-01
400,21424121,Campos,Inmet,-41.34402,-21.71477,16.67,23.803757726335597,38.78666666666666,11.919999999999998,3.1010415590784435,29.62857142857143,2006-12-04,2021-09-01
401,22234149,Macaé,Inmet,-41.81205,-22.37632,24.61,23.3999510848896,38.606666666666676,11.473333333333331,2.598149258755816,27.833333333333336,2006-12-04,2021-08-08
402,22274427,Resende,Inmet,-44.44479,-22.45092,438.83,21.6521702896375,37.16,7.086666666666668,1.843876508737163,28.96,2006-12-04,2021-09-01
403,22274317,Petrópolis - Pico do Couto,Inmet,-43.29151,-22.46489,1758.22,14.131212158970357,27.174999999999997,1.9833333333333334,4.583807411850445,36.545454545454554,2006-12-04,2020-03-01
404,22214342,Valença,Inmet,-43.69566,-22.35809,367.21,21.911581446634727,37.17857142857143,7.321428571428572,1.5780966023957843,21.542857142857144,2006-12-04,2021-09-01
405,20164018,Vitória,Inmet,-40.30607,-20.27109,9.0,24.306295507315973,36.56000000000001,13.913333333333334,1.798598806020936,25.966666666666665,2006-12-04,2021-09-01
406,19594035,Santa Teresa,Inmet,-40.57957,-19.98839,975.92,18.25323327947098,31.357142857142858,9.078571428571427,1.8741774309479229,17.678571428571427,2000-01-01,2021-09-01
407,19214004,Linhares,Inmet,-40.06868,-19.35692,37.82,24.27613026681881,36.67999999999999,14.220000000000002,2.951110455573572,20.706666666666663,2006-12-04,2021-09-01
408,20384044,Alfredo Chaves,Inmet,-40.74182,-20.63653,14.19,24.1951763846354,38.45333333333333,13.166666666666668,1.904081236614022,38.466666666666676,2006-12-04,2021-09-01
409,18423950,São Mateus,Inmet,-39.86405,-18.6762,28.66,23.92641516543567,35.70666666666666,13.693333333333333,2.525750830681157,20.45,2006-12-01,2021-09-01
410,22264259,Teresópolis - Parque Nacional,Inmet,-42.98715,-22.44892,991.44,18.043413669208757,32.19230769230769,5.815384615384615,0.7372347625052544,16.961538461538467,2007-07-03,2021-09-01
411,23134443,Paraty,Inmet,-44.72686,-23.22354,3.0,22.738003909569475,37.31428571428571,10.27142857142857,1.4911155802303342,19.849999999999998,2007-03-30,2021-09-01
412,22374105,Campos - São Tomé,Inmet,-41.05187,-22.04165,7.18,24.10535529361348,34.95384615384616,14.023076923076925,3.586646024740288,20.146153846153844,2008-06-13,2021-09-01
413,22514324,Rio de Janeiro - Vila Militar,Inmet,-43.41141,-22.86132,30.43,24.09105707680299,40.17857142857143,10.200000000000001,1.3689674483076115,22.77857142857142,2007-07-03,2021-09-01
414,21104103,Presidente Kennedy,Inmet,-41.0394,-21.10081,69.12,23.951928128792893,37.94615384615385,13.846153846153847,3.6997751974801134,39.62307692307692,2008-06-17,2021-09-01
415,18694039,Nova Venécia,Inmet,-40.39057,-18.69527,156.02,24.212231129526216,39.161538461538456,12.876923076923077,2.1550383064112566,25.01538461538462,2008-06-21,2021-09-01
416,22274252,Nova Friburgo-Salinas,Inmet,-42.67693,-22.33484,1065.08,17.037598774631572,31.45,1.05,2.2260543678392044,21.08888888888889,2010-10-02,2021-09-01
417,22984319,Rio de Janeiro - Forte de Copacabana,Inmet,-43.19044,-22.98829,25.59,23.532198322624534,37.3142857142857,15.492857142857146,2.6972843982065307,28.807142857142857,2007-07-03,2021-09-01
418,20104110,Afonso Cláudio,Inmet,-41.10686,-20.10419,507.48,22.281496606383907,37.4625,10.325000000000001,1.9816026433342,21.349999999999998,2011-09-26,2020-07-04
419,22644260,Silva Jardim,Inmet,-42.41578,-22.64591,19.0,23.2967868852459,39.48333333333333,9.2,1.299995446265937,26.88333333333333,2015-08-28,2021-09-01
420,22874261,Saquarema - Sampaio Correia,Inmet,-42.60922,-22.87132,26.0,23.729670309653905,37.31666666666666,11.333333333333336,1.825971766848816,21.2,2015-09-02,2021-09-01
421,23304637,São Paulo (Mirante de Santana),Inmet,-46.62009,-23.49629,785.64,20.37979918032785,35.35333333333333,7.280000000000001,1.919934426229508,22.66666666666667,2006-12-04,2021-09-01
422,20275436,Campo Grande,Inmet,-54.72262,-20.4472,528.47,23.89022276766949,37.82,5.273333333333334,3.0478737364639,23.87333333333333,2006-12-04,2021-09-01
423,22325532,Ponta Porã,Inmet,-55.71632,-22.55245,668.0,21.748944369382905,35.96000000000001,2.6333333333333337,2.2437880286835203,18.39333333333333,2000-01-01,2021-09-01
424,23245155,Maringá,Inmet,-51.93283,-23.40536,548.51,22.89392790087872,37.03333333333334,4.52,2.0472744500490405,21.633333333333336,2006-11-21,2021-09-01
425,20465142,Três Lagoas,Inmet,-51.7122,-20.79,328.94,25.08050862980371,40.00714285714286,7.028571428571427,1.1876110845741994,22.63076923076923,2006-12-04,2021-09-01
426,22184942,Bauru,Inmet,-49.02888,-22.35805,636.17,21.741103785103785,37.37857142857143,4.714285714285715,1.3956522898776993,19.235714285714288,2006-12-04,2021-09-01
427,22454536,Campos do Jordão,Inmet,-45.60384,-22.75023,1662.95,15.03128423807522,29.85,-0.6928571428571428,1.3225645329169915,14.200000000000001,2006-09-28,2021-09-01
428,22075124,Presidente Prudente,Inmet,-51.40864,-22.11987,431.92,23.739531215596788,38.193333333333335,6.16,1.566512325106587,21.386666666666667,2006-12-04,2021-09-01
429,20344722,Franca,Inmet,-47.38255,-20.58448,1002.74,21.58494013591146,34.714285714285715,3.514285714285714,1.9833784203046505,18.557142857142853,2006-12-04,2021-09-01
430,22185349,Ivinhema,Inmet,-53.8229,-22.30042,377.36,24.009141305870827,38.64,5.233333333333333,2.6312120939170134,25.553333333333335,2006-12-04,2021-09-01
431,19415110,Paranaíba,Inmet,-51.18177,-19.69552,408.06,24.336816354865523,39.445454545454545,4.9363636363636365,1.8695684223184208,23.250000000000004,2006-12-04,2020-08-22
432,21574752,São Carlos,Inmet,-47.88393,-21.98035,859.29,21.03190073860566,35.06428571428571,4.814285714285714,1.7828007916491513,19.51428571428571,2007-07-14,2021-09-01
433,24434733,Iguape,Inmet,-47.5459,-24.67165,2.7,21.588112277067214,38.68571428571429,5.614285714285714,1.3446028793610767,23.514285714285712,2006-12-04,2021-09-01
434,23214740,Sorocaba,Inmet,-47.58555,-23.42604,609.33,20.745105127454504,35.580000000000005,2.9799999999999995,2.228100189655517,23.4,2000-01-01,2021-09-01
435,23514809,São Miguel Arcanjo,Inmet,-48.16482,-23.85202,675.68,19.491849781821102,35.72,1.3599999999999999,2.283426129426129,23.513333333333332,2000-01-01,2021-08-31
436,18585639,Nhumirim,Inmet,-56.62287,-18.98868,102.26,25.366572099197096,39.936363636363645,4.781818181818182,1.7083936220124736,24.60909090909091,2006-12-04,2020-05-10
437,22125053,Rancharia,Inmet,-50.97471,-22.37283,398.75,21.79689027502552,38.46666666666667,-0.15333333333333332,1.586340193959047,24.606666666666673,2006-12-04,2021-09-01
438,20285547,Aquidauana,Inmet,-55.78401,-20.47542,151.35,25.233503789470987,40.0,5.625000000000001,1.1990043203608778,20.98333333333333,2006-12-04,2021-07-02
439,18305444,Coxim,Inmet,-54.73612,-18.51215,251.48,25.05354898016375,40.621428571428574,6.357142857142857,0.8867044676634837,22.749999999999996,2000-01-01,2021-03-31
440,22115454,Dourados,Inmet,-54.91136,-22.19392,463.3,23.09620727678517,38.38333333333333,2.9583333333333335,2.268958772557134,23.283333333333335,2006-12-04,2021-08-07
441,20235625,Miranda,Inmet,-56.43174,-20.39553,132.49,24.957491003380326,39.55384615384616,5.584615384615385,0.9858945749150674,19.6,2006-12-04,2021-03-31
442,21425753,Porto Murtinho,Inmet,-57.88655,-21.70585,78.56,25.220440310600164,41.15384615384615,4.415384615384616,1.665068891491023,22.423076923076927,2006-12-04,2021-08-28
443,18595738,Corumbá,Inmet,-57.6375,-18.99667,111.73,26.399250455373405,39.785714285714285,9.907142857142857,1.7022667655659451,22.978571428571428,2006-12-04,2021-03-31
444,23044853,Avaré,Inmet,-48.941,-23.10175,776.36,20.806121283088487,35.225,4.7250000000000005,2.286975217405547,21.899999999999995,2006-12-04,2021-09-01
445,22424737,Piracicaba,Inmet,-47.62332,-22.70313,566.46,21.837701942865877,36.161538461538456,4.86923076923077,1.8985354740887523,25.676923076923075,2006-12-04,2020-11-20
446,21484945,Lins,Inmet,-49.73485,-21.66605,460.65,23.5687129009424,38.94615384615385,6.523076923076922,1.6404076137887618,20.60769230769231,2006-12-04,2021-03-27
447,23024531,Taubaté,Inmet,-45.52084,-23.04167,582.26,21.020075847194704,36.728571428571435,4.671428571428572,1.9316079985588184,25.821428571428566,1991-02-20,2021-02-26
448,20244957,Votuporanga,Inmet,-49.96603,-20.40322,510.37,24.329736313322364,39.275,5.7,1.7137445705478485,22.00833333333333,2007-07-03,2021-09-01
449,18485236,Chapadão do Sul,Inmet,-52.60262,-18.80219,820.82,22.822247981981587,36.50769230769231,6.13846153846154,2.138705822865661,24.323076923076922,2000-01-01,2020-02-22
450,19255433,São Gabriel do Oeste,Inmet,-54.55309,-19.42032,646.0,23.212082011795125,37.32142857142857,5.571428571428571,1.6202015903040483,25.700000000000006,2000-01-01,2021-04-09
451,20095035,Jales,Inmet,-50.59513,-20.16503,460.44,24.58593268980565,38.52142857142858,7.357142857142856,2.410405907844432,26.728571428571424,2007-08-26,2021-09-01
452,21195055,Valparaiso,Inmet,-50.93016,-21.31914,381.9,23.95598115227212,40.15714285714285,3.9285714285714284,2.100135183577806,23.678571428571427,2007-08-29,2021-09-01
453,21054955,José Bonifácio,Inmet,-49.92039,-21.08568,408.35,23.43135977789668,38.53333333333334,4.258333333333334,2.1890679419244985,23.666666666666668,2007-09-04,2020-05-18
454,21084850,Ariranha,Inmet,-48.84043,-21.13294,525.44,23.37018875477891,38.44285714285714,3.5,1.8238270882123324,22.607142857142858,2007-11-19,2021-09-01
455,21514848,Ibitinga,Inmet,-48.79972,-21.85557,496.75,22.456280702448744,38.1,4.169230769230769,1.7360494036928464,21.969230769230766,2007-11-19,2021-08-31
456,21464704,Casa Branca,Inmet,-47.07528,-21.78056,734.15,22.04586842574548,36.199999999999996,5.808333333333334,1.492316863464405,20.766666666666666,2007-06-27,2020-06-24
457,22254648,Itapira,Inmet,-46.80529,-22.41506,634.89,21.81438253913664,36.641666666666666,5.066666666666666,1.053282541684182,19.766666666666666,2007-11-19,2020-05-16
458,23144525,São Luis do Paraitinga,Inmet,-45.41706,-23.22836,862.3,19.057461793670804,34.11538461538461,2.738461538461538,1.424967047979343,24.55384615384615,2007-10-31,2021-04-22
459,22374855,Barra Bonita,Inmet,-48.55757,-22.47121,533.68,22.69324043215437,38.15714285714285,5.764285714285713,2.215745961688583,22.17142857142857,2008-05-02,2021-09-01
460,19315172,Cassilândia,Inmet,-51.72073,-19.12247,494.72,24.44094015729262,39.121428571428574,5.207142857142857,1.1521431573890593,21.784615384615385,2008-03-11,2021-09-01
461,21775452,Rio Brilhante,Inmet,-54.52811,-21.77494,324.31,23.28679509697952,39.24615384615385,0.5846153846153848,1.3962869553033477,22.315384615384616,2008-06-23,2021-09-01
462,21354816,Pradópolis,Inmet,-48.11401,-21.33843,540.41,22.430926459696945,38.12142857142857,2.8285714285714283,2.034365204467661,24.91428571428571,2008-04-24,2021-09-01
463,23005532,Amambaí,Inmet,-55.32936,-23.00253,433.59,22.051564487880057,38.61666666666667,0.7083333333333334,1.820392802552638,23.066666666666663,2008-06-11,2020-11-05
464,23965502,Sete Quedas,Inmet,-55.02423,-23.96689,398.4,22.362959545008717,37.61666666666667,2.516666666666667,2.191348940221891,25.341666666666665,2008-06-11,2021-02-11
465,20944848,Bebedouro,Inmet,-48.48994,-20.9492,610.0,23.91978142076503,38.43333333333333,7.233333333333334,2.0600387067395274,21.400000000000002,2016-10-27,2020-04-23
466,23445418,Itaquiraí,Inmet,-54.18186,-23.4495,337.82,22.93871831705028,39.324999999999996,3.216666666666667,1.827929568913176,27.108333333333334,2008-06-01,2021-09-01
467,20354777,Ituverava,Inmet,-47.77522,-20.35976,610.58,22.73978235486434,38.809090909090905,2.790909090909091,1.65803183474085,24.836363636363636,2008-07-16,2021-09-01
468,20985497,Sidrolândia,Inmet,-54.97187,-20.98164,471.43,23.66602207446472,38.02307692307692,2.599999999999999,2.1362886377435566,32.690909090909095,2008-09-29,2021-09-01
469,23524686,Baruerí,Inmet,-46.86945,-23.52389,776.5,19.835050974223115,35.49090909090909,5.163636363636363,1.5224955004770575,20.955555555555556,2011-03-23,2021-09-01
470,20445287,Água Clara,Inmet,-52.87583,-20.44444,323.63,24.3691073853287,40.85454545454545,2.909090909090909,1.2900577910250035,21.69,2010-08-12,2021-09-01
471,22105654,Bela Vista,Inmet,-56.54076,-22.10154,206.09,23.62190573770492,40.85000000000001,1.175,1.8604189435337,22.224999999999998,2011-08-08,2021-07-19
472,21755247,Bataguassu,Inmet,-52.47129,-21.75012,392.13,24.304494698152503,39.857142857142854,6.728571428571428,3.16006814337757,37.628571428571426,2013-03-22,2020-07-03
473,19385445,Sonora,Inmet,-54.76047,-17.63528,495.25,24.742674993494678,39.412499999999994,8.225,3.263472059588862,26.012500000000003,2000-01-01,2020-11-21
474,30035110,Porto Alegre,Inmet,-51.17477,-30.05354,41.18,19.8917531563382,37.88666666666666,2.5266666666666664,1.502423751226004,21.900000000000002,2006-08-16,2021-09-01
475,32015206,Rio Grande,Inmet,-52.16774,-32.07878,4.92,18.597301562281068,35.864285714285714,1.1142857142857145,3.4339399130013915,24.41428571428571,1993-06-14,2021-09-01
476,29425342,Santa Maria,Inmet,-53.72047,-29.72496,103.1,19.25962570307652,38.34666666666667,-0.9533333333333334,2.064405823684512,23.89285714285714,2006-12-04,2021-09-01
477,30505536,Santana do Livramento,Inmet,-55.61309,-30.84245,328.0,17.55563153391843,37.06363636363637,-1.981818181818182,2.964694879119061,24.154545454545453,2006-12-04,2021-09-01
478,27515347,Santo Augusto,Inmet,-53.79118,-27.85435,489.67,19.424260440834217,35.77333333333333,-0.7733333333333332,2.406734846210257,25.699999999999996,2006-12-04,2021-09-01
479,27364836,Florianópolis-São José,Inmet,-48.6201,-27.60253,4.87,21.17771487619848,35.89333333333333,5.033333333333333,1.8020942873156,22.313333333333333,2006-12-04,2021-09-01
480,25264913,Curitiba,Inmet,-49.2306,-25.44869,922.91,18.18130168419922,33.540000000000006,2.626666666666666,1.983139912000568,21.806666666666665,2006-12-04,2021-09-01
481,29214943,Torres,Inmet,-49.73326,-29.35036,8.44,19.52970991713206,34.333333333333336,2.0,2.889743244460458,24.620000000000005,1991-02-19,2021-09-01
482,29505704,Uruguaiana,Inmet,-57.0819,-29.83987,74.29,19.835167462319102,38.660000000000004,-0.5666666666666667,2.9236812286074594,24.233333333333334,2006-12-04,2021-09-01
483,27535428,Santa Rosa,Inmet,-54.48001,-27.89046,272.84,20.19901046176046,37.857142857142854,-2.478571428571429,1.6902907657006008,24.37857142857143,2006-12-04,2021-08-20
484,31245242,Canguçu,Inmet,-52.7007,-31.4033,446.81,16.54285066254328,34.63076923076923,-0.40769230769230774,4.855022843731861,26.56153846153846,2006-12-24,2021-09-01
485,30325328,Caçapava do Sul,Inmet,-53.46705,-30.54532,420.82,17.34661260733801,34.857142857142854,0.0857142857142857,3.926937553339191,26.671428571428574,2006-12-04,2021-08-28
486,29525222,Rio Pardo,Inmet,-52.38198,-29.87211,106.99,19.29868475559049,37.79333333333332,0.5933333333333333,2.505311373963013,25.046666666666667,2006-12-04,2021-09-01
487,28314919,Urussanga,Inmet,-49.31521,-28.53256,40.56,20.39656265894096,38.57692307692308,1.4692307692307693,0.9507890179079972,22.876923076923074,2002-07-01,2021-08-30
488,28184956,São Joaquim,Inmet,-49.93462,-28.27564,1400.06,14.249256412305527,28.392857142857142,-4.55,2.475822851825454,23.77857142857143,1994-12-31,2021-09-01
489,26405285,Novo Horizonte,Inmet,-52.85037,-26.4065,943.57,18.28413683970855,31.299999999999997,-0.46666666666666673,3.4259778168097843,29.633333333333336,2009-12-31,2021-08-31
490,26544916,Indaial,Inmet,-49.26798,-26.9137,72.24,20.752903825227584,38.62857142857143,4.292857142857144,0.9810883861129762,24.107142857142858,2000-01-02,2021-07-01
491,24474959,Castro,Inmet,-49.99927,-24.78695,993.6,17.479341540062865,32.99999999999999,-1.6714285714285713,1.504837266558577,21.942857142857143,2006-07-09,2021-01-31
492,24325101,Marechal Cândido Rondon,Inmet,-54.01925,-24.5333,392.07,21.875670036247907,37.980000000000004,0.45333333333333325,3.22890023910516,28.80666666666666,2006-11-18,2021-09-01
493,23304956,Joaquim Távora,Inmet,-49.94639,-23.50527,512.67,21.439217108028583,36.72666666666667,1.0,2.200356757541184,23.386666666666667,2006-11-24,2021-09-01
494,25335105,Inácio Martins,Inmet,-51.07795,-25.56788,1208.85,16.209863042240094,30.63333333333333,-2.3,2.005695655437457,24.379999999999995,2006-10-17,2021-09-01
495,23235338,Icaraíma,Inmet,-53.63593,-23.39038,381.29,23.244617932158917,37.68571428571429,4.671428571428572,2.471552159134128,26.585714285714285,2000-01-01,2020-09-10
496,24115301,Goioerê,Inmet,-53.03059,-24.15846,452.34,21.78570095766407,36.854545454545445,2.1363636363636362,2.1294297069051167,29.46,2006-10-19,2020-08-20
497,29425531,Alegrete,Inmet,-55.52549,-29.70908,120.88,19.388193838947927,38.20666666666667,-1.6933333333333336,2.189528002962427,21.086666666666666,2006-10-02,2021-09-01
498,31205400,Bagé,Inmet,-54.01329,-31.3478,226.19,17.815849246382033,36.80714285714286,-1.3142857142857143,3.340819037519859,26.707142857142856,2007-01-04,2021-01-17
499,27395218,Erechim,Inmet,-52.30581,-27.65771,777.08,17.829035904441653,33.82,-2.1266666666666665,1.818033612562301,21.446666666666665,1991-02-19,2021-09-01
500,28455003,São José dos Ausentes,Inmet,-50.05787,-28.74862,1228.59,13.795761664564942,30.106666666666666,-3.846666666666666,5.631726633945895,33.01818181818181,2006-10-26,2021-08-30
501,28385600,São Borja,Inmet,-56.01629,-28.65009,81.08,20.80699188334433,38.02142857142858,0.9285714285714286,1.9754101249388127,27.09285714285715,2000-01-01,2021-09-01
502,30235627,Quaraí,Inmet,-56.43712,-30.36858,113.05,18.93876605179884,38.35,-3.5500000000000003,2.5813159063159063,28.171428571428574,2007-10-17,2021-09-01
503,30205419,São Gabriel,Inmet,-54.31091,-30.34144,114.89,19.56439765607798,38.65,-1.2499999999999998,2.073367010948979,25.414285714285715,2007-10-11,2021-09-01
504,29195447,Santiago,Inmet,-54.88565,-29.1916,390.03,18.86801297973429,36.43076923076923,-0.9461538461538462,2.4449362700141406,34.425,2009-02-04,2021-09-01
505,30505013,Tramandaí,Inmet,-50.13589,-30.01027,4.56,19.69142969280264,35.51428571428572,3.9142857142857146,3.79578584211781,28.542857142857148,2008-03-07,2021-09-01
506,32335322,Jaguarão,Inmet,-53.37586,-32.53483,31.48,17.741120497444275,36.685714285714276,-0.6357142857142858,2.721819076642845,26.464285714285715,2000-01-01,2021-09-01
507,28485255,Soledade,Inmet,-52.54239,-28.85921,660.44,17.69577099130379,34.614285714285714,-1.614285714285714,4.066966835532409,30.121428571428574,2008-03-11,2021-09-01
508,30485150,Camaquã,Inmet,-51.83424,-30.80795,92.3,18.397038617575504,37.080000000000005,1.3533333333333333,1.0717683800716582,18.37333333333333,2006-12-13,2021-09-01
509,28135224,Passo Fundo,Inmet,-52.40358,-28.22681,680.67,17.860862131948185,34.57333333333333,-1.7266666666666668,3.305655127204304,26.72666666666667,2006-11-27,2021-09-01
510,29105132,Bento Gonçalves,Inmet,-51.5342,-29.16458,623.27,17.58925589892804,34.41538461538461,-1.3307692307692311,2.8076549320442736,24.47692307692308,2006-12-01,2021-09-01
511,27105133,Joaçaba,Inmet,-51.55896,-27.16927,767.63,17.978597299785818,34.89999999999999,-1.4571428571428569,2.2657319001581318,25.54285714285714,2007-09-20,2021-09-01
512,23245034,Nova Fátima,Inmet,-50.57774,-23.41528,664.31,21.172709055516428,35.642857142857146,3.978571428571428,3.0851765993569265,23.707142857142856,1991-02-19,2021-01-27
513,25415305,Dois Vizinhos,Inmet,-53.09527,-25.69906,545.95,20.502217256786924,36.05384615384616,0.1307692307692308,2.030603774185742,29.469230769230766,2000-01-01,2021-02-07
514,28135130,Lagoa Vemelha,Inmet,-51.51285,-28.22238,833.83,17.084982095318168,33.16,-2.366666666666667,3.2316550071058296,28.673333333333336,2007-03-01,2021-09-01
515,28074928,Morro da Igreja (Bom Jardim da Serra),Inmet,-49.47961,-28.12699,1790.38,11.016911037505304,26.03076923076923,-8.346153846153845,7.229738233078401,41.125,2007-06-17,2021-09-01
516,23605449,Foz do Iguaçu,Inmet,-54.48307,-25.60183,235.09,21.9897677117964,37.85384615384616,0.9538461538461539,2.5711190225985296,26.115384615384617,2000-01-01,2020-09-29
517,26285363,Dionísio Cerqueira,Inmet,-53.63311,-26.28656,807.54,19.220223070190283,34.01428571428571,-0.8142857142857144,3.1590469421289127,24.550000000000004,2008-06-02,2021-09-01
518,22375289,Diamante do Norte,Inmet,-52.89016,-22.63937,368.22,23.263090598078307,38.50833333333334,4.233333333333333,2.104450111667325,24.950000000000003,2008-03-11,2021-01-22
519,22505213,Paranapoema,Inmet,-52.13453,-22.65827,308.7,23.463995156482863,39.016666666666666,4.5583333333333345,2.9041671220400715,26.649999999999995,2008-03-03,2021-03-15
520,26084864,Itapoá,Inmet,-48.64177,-26.0813,6.18,20.6147814391134,35.800000000000004,2.4076923076923076,1.0494792816473149,18.99230769230769,2000-01-01,2021-05-08
521,28255457,São Luiz Gonzaga,Inmet,-54.9624,-28.41711,245.5,20.666870776309302,38.58461538461538,0.7692307692307693,2.664421014019375,24.49230769230769,2000-01-01,2021-06-29
522,28365340,Cruz Alta,Inmet,-53.6736,-28.60344,426.69,18.468043030284832,36.34285714285715,-2.2357142857142853,2.6618805520526814,28.178571428571427,2007-05-31,2021-09-01
523,27245326,Frederico Westphalen,Inmet,-53.42942,-27.39569,489.42,19.52246927480533,35.63846153846154,-1.2615384615384617,1.4875654536720104,23.26923076923077,1991-02-14,2021-03-14
524,23435346,Planalto,Inmet,-53.74792,-25.72186,399.1,21.6266073980664,37.69230769230769,1.2384615384615383,2.4903157752993805,27.138461538461534,2000-01-01,2021-02-13
525,27915332,Palmeira das Missões,Inmet,-53.31805,-27.92038,614.11,18.76122067822888,34.75000000000001,-0.9214285714285715,2.4147795510500414,25.4,2008-02-27,2021-09-01
526,26445242,Xanxerê,Inmet,-52.39809,-26.93867,878.74,18.51506564928696,33.114285714285714,-1.4428571428571428,2.7439516744639696,24.757142857142856,2008-03-14,2021-09-01
527,26445084,Caçador,Inmet,-50.98552,-26.81916,944.26,16.674706959706953,32.82142857142857,-2.1142857142857143,1.3135599191336895,22.41428571428571,2008-03-18,2021-09-01
528,27285061,Curitibanos,Inmet,-50.60428,-27.28862,978.1,16.531018460137307,32.79285714285714,-2.857142857142857,2.7501156198082435,26.335714285714285,2008-02-28,2021-09-01
529,26445015,Rio do Campo,Inmet,-50.14545,-26.93753,591.67,17.629352138905418,35.81428571428572,-1.5153846153846153,0.8970084020411893,23.321428571428566,2008-03-11,2021-09-01
530,26434959,Rio Negrinho,Inmet,-49.58062,-26.24841,856.89,16.89676797019011,33.98571428571429,-2.599999999999999,1.212848030839834,21.79285714285714,2008-03-21,2021-09-01
531,27414966,Ituporanga,Inmet,-49.64687,-27.41841,479.79,18.23831731337879,35.52307692307692,-0.5230769230769231,0.8894134030814357,24.06153846153846,2000-01-01,2021-03-26
532,26395036,Major Vieira,Inmet,-50.36321,-26.39366,799.58,17.069623711898323,33.54615384615385,-3.5,2.0026943934935737,26.199999999999996,2009-02-10,2021-09-01
533,28604881,Santa Marta (Farol),Inmet,-48.81331,-28.60441,34.36,19.84993100296789,31.5,6.166666666666667,5.1846202185792345,35.025,2000-01-08,2021-05-08
534,28934949,Araranguá,Inmet,-49.49792,-28.93135,2.0,19.807876749843963,36.466666666666676,2.341666666666667,2.1472853121377717,24.45,2008-09-28,2021-09-01
535,26954876,Itajaí,Inmet,-48.76203,-26.95092,9.76,20.606471325274605,37.19,3.8800000000000003,1.5799390075619584,21.060000000000002,2010-06-24,2020-10-29
536,23385294,Cidade Gaúcha,Inmet,-52.93191,-23.35916,365.79,23.220051085981414,38.261538461538464,3.992307692307693,1.535623175094486,23.853846153846156,2008-03-11,2021-09-01
537,27674904,Rancho Queimado,Inmet,-49.04203,-27.67851,881.0,16.186130236794167,33.733333333333334,-2.0333333333333328,2.069229963570127,20.366666666666664,2016-05-30,2021-09-01
538,24825020,Ventania,Inmet,-50.21015,-24.28039,1093.41,18.17962995489636,32.15555555555555,0.911111111111111,3.572244774048054,26.08888888888889,2011-04-13,2020-01-20
539,23765018,Japira,Inmet,-50.18057,-23.77334,692.88,20.5627648671911,35.55384615384616,3.523076923076924,1.993111617435388,23.315384615384616,2008-02-28,2021-03-10
540,25424883,Morretes,Inmet,-48.80868,-25.50894,50.31,21.070756895654466,39.25714285714285,4.992857142857143,0.7016807031766048,22.885714285714283,2008-03-13,2021-09-01
541,26445135,General Carneiro,Inmet,-51.35367,-26.39847,1009.01,16.403835238077047,33.542857142857144,-4.15,1.034095194423064,20.907142857142855,2008-04-10,2021-09-01
542,26445235,Clevelândia,Inmet,-52.34874,-26.4172,966.06,17.650247946497934,32.85,-2.5,2.721201005278876,24.407142857142862,2008-05-15,2021-09-01
543,22864311,Niterói,Inmet,-43.10206,-22.86739,6.0,24.89695582877961,40.833333333333336,13.0,1.3949772313296904,16.5,2018-07-12,2021-09-01
544,10083834,Jeremoabo,Inmet,-38.3459,-10.0807,261.0,25.950495836585965,39.300000000000004,14.366666666666667,2.7010135310954984,16.950000000000003,2015-08-12,2021-09-01
545,20904711,São Sebastião do Paraíso,Inmet,-47.11426,-20.90989,845.0,21.02252094717668,37.7,1.72,1.767606557377049,22.920000000000005,2015-08-17,2021-01-10
546,31525091,Mostardas,Inmet,-50.90628,-31.24828,3.82,19.34423039346808,36.025,3.9916666666666667,5.546156680296027,31.441666666666663,2007-08-02,2020-06-20
547,29365082,Canela,Inmet,-50.82723,-29.36879,830.93,15.86438701553458,32.13076923076923,-1.276923076923077,2.893902336279386,30.9,2008-08-23,2021-09-01
548,28485149,Vacaria,Inmet,-50.88274,-28.5136,969.89,15.670276440317432,32.153846153846146,-3.8461538461538463,3.3025492494754767,34.125,2008-04-25,2021-09-01
549,30995481,Dom Pedrito,Inmet,-54.81527,-30.99248,156.73,18.531263419716293,37.90909090909091,-2.1727272727272724,3.419876800794832,27.55454545454546,2010-04-27,2020-12-17
550,29455182,Teutônia,Inmet,-51.82428,-29.45033,80.41,20.004786137132434,38.81111111111111,0.5111111111111111,1.865794192904848,26.077777777777776,2012-10-21,2021-09-01
551,28655311,Ibirubá,Inmet,-53.11188,-28.65346,455.27,18.91692440801459,36.712500000000006,-0.19999999999999996,2.463352318067483,22.262500000000003,2012-12-18,2021-07-22
552,29675106,Campo Bom,Inmet,-51.06404,-29.67429,23.35,20.30961114363781,39.55,0.7750000000000001,1.269804839968775,23.05,2013-12-09,2021-09-01
553,18495316,Costa Rica,Inmet,-53.17126,-18.49267,727.34,23.26907748937462,38.166666666666664,5.477777777777778,3.286292122040072,26.988888888888887,2012-12-03,2021-09-01
554,21455155,Dracena,Inmet,-51.55225,-21.4577,380.0,24.614017759562845,39.375,5.574999999999999,2.929219945355193,26.3,2016-11-02,2021-02-22
555,10474962,Pium,Inmet,-49.62948,-10.47694,161.0,26.640069672131165,40.36,11.6,1.4303292349726768,19.419999999999998,2016-04-05,2021-04-05
556,11284721,Almas,Inmet,-47.21213,-11.2841,503.0,25.772456739526397,38.82000000000001,14.440000000000001,1.5648870673952644,23.38,2016-03-31,2020-10-28
557,4153811,Guaramiranga,Inmet,-38.93107,-4.26135,865.53,21.256515764593622,30.625,16.125,3.232357598230552,17.262500000000003,2011-10-24,2021-02-18
558,14204274,Guanambi,Inmet,-42.74965,-14.20812,552.23,26.107160963656856,38.76,16.46,3.982386048226212,22.47,2011-12-15,2021-08-31
559,20034401,Ibirité (Rola Moça),Inmet,-44.01125,-20.03146,1198.82,19.95763398486759,32.746153846153845,8.461538461538462,3.864870744010085,23.676923076923078,2008-06-06,2021-09-01
560,22094321,Três Rios,Inmet,-43.20857,-22.09839,305.0,22.37455418943533,37.839999999999996,7.459999999999999,0.8853492714025502,17.240000000000002,2016-06-07,2021-09-01
561,29085382,Tupanciretã,Inmet,-53.82665,-29.08938,462.0,18.644060109289605,36.4,-1.6600000000000001,2.1968460837887074,26.32,2016-08-10,2021-09-01
562,28705187,Serafina Corrêa,Inmet,-51.87075,-28.70481,545.0,17.914794171220407,36.166666666666664,-4.1,1.2545341530054643,22.28333333333333,2016-03-31,2021-09-01
563,33565337,Chuí,Inmet,-53.37222,-33.7423,7.41,17.356453130203132,35.278571428571425,0.7285714285714286,4.757063507985637,29.05714285714285,2008-03-14,2021-09-01
564,15375606,Cuiabá,Inmet,-56.06295,-15.5593,241.56,26.798067069997398,40.011111111111106,11.455555555555556,1.6368474065400296,20.066666666666663,2011-10-23,2021-09-01
565,14395725,Tangará da Serra,Inmet,-57.43156,-14.65012,440.01,24.734411093763573,38.766666666666666,8.9,1.9512852914389784,31.299999999999997,2011-10-23,2021-01-31
566,13275639,São José do Rio Claro,Inmet,-56.67732,-13.45398,339.59,25.625952348425717,39.355555555555554,10.377777777777778,0.8453096430739874,14.11111111111111,2011-10-23,2021-03-24
567,16275434,Rondonópolis,Inmet,-54.58015,-16.46242,289.88,25.69759866423801,40.98,8.41,1.3119909684274444,22.42,2000-01-01,2021-09-01
568,17115317,Alto Araguaia,Inmet,-53.22445,-17.33936,753.28,23.45681709168184,37.5375,7.1625,2.4393408469945346,22.085714285714285,2011-10-23,2021-01-31
569,9335723,Apiacás,Inmet,-57.39358,-9.56339,217.75,26.9029231611588,38.488888888888894,15.333333333333334,0.7554321385202535,19.61111111111111,2011-10-23,2021-05-10
570,13425945,Comodoro,Inmet,-59.76239,-13.70805,576.87,22.71802457932169,37.15,7.162499999999999,1.2259032439934083,21.7375,2011-10-23,2021-01-31
571,11165731,Juara,Inmet,-57.52664,-11.28016,263.43,25.81952212897911,40.2375,12.099999999999998,0.9279564034174688,18.2875,2011-10-23,2021-01-31
572,14255402,Paranatinga,Inmet,-54.03554,-14.42133,476.91,25.41058596799375,38.6,11.649999999999999,1.5352585328302537,23.383333333333336,2011-10-23,2021-01-31
573,12375213,Querência,Inmet,-52.22089,-12.62732,360.59,25.475451784630053,39.34285714285715,12.185714285714285,1.159406128024981,21.385714285714283,2011-10-23,2020-07-31
574,11585533,Sinop,Inmet,-55.56599,-11.98225,366.57,26.032359257090828,38.625,11.724999999999998,1.8476178983433076,20.5625,2000-01-03,2021-01-31
575,9545834,Cotriguaçu,Inmet,-58.57224,-9.9063,265.0,25.41514710729465,38.3125,13.975,1.134974629195941,29.7875,2000-01-01,2021-01-31
576,11225843,Juína,Inmet,-58.77479,-11.37513,365.39,25.181247874924104,37.14,11.66,0.9941419789227164,20.32,2011-10-23,2021-09-01
577,11415053,São Félix do Araguaia,Inmet,-50.72786,-11.61902,201.37,27.110883413565805,40.3875,16.475,1.4300369286147978,21.275000000000002,2011-10-23,2021-08-31
578,15035952,Vila Bela da Santíssima Trindade,Inmet,-59.87292,-15.0627,213.0,25.824792176251187,39.97777777777778,9.0,0.8948950039031998,19.677777777777777,2011-10-23,2020-12-31
579,10045645,Alta Floresta,Inmet,-56.17922,-10.07726,291.85,25.452936128458653,37.577777777777776,13.444444444444445,1.4660605321363525,25.588888888888892,2011-10-23,2020-08-01
580,10005579,Carlinda,Inmet,-55.82754,-9.97059,293.71,25.296714936247724,37.06666666666666,13.833333333333334,1.0536061020036425,22.866666666666664,2011-11-08,2021-01-11
581,12525823,Novo Mundo,Inmet,-58.2314,-12.5219,426.2,25.233800578974744,37.51428571428572,10.0,1.6187852914389784,21.27142857142857,2011-11-28,2020-08-22
582,13035709,Nova Maringá,Inmet,-57.0922,-13.03864,334.36,25.74245110156996,39.12222222222223,10.68888888888889,0.8492999175990977,20.28888888888889,2011-11-28,2020-11-22
583,13415475,Nova Ubiratã,Inmet,-54.75214,-13.41111,466.48,25.337790083702014,38.94444444444444,11.355555555555556,2.473996389539421,24.933333333333334,2011-11-28,2020-11-15
584,16345376,Guiratinga,Inmet,-53.76609,-16.34159,525.43,26.09029754315205,40.82222222222222,11.677777777777777,0.7663926511406018,20.355555555555558,2011-11-28,2021-06-05
585,15255934,Pontes e Lacerda,Inmet,-59.34622,-15.23458,272.53,25.36207255616273,39.21111111111111,9.044444444444444,1.0762307225258043,21.766666666666666,2011-11-22,2020-12-26
586,12736015,Vilhena,Inmet,-60.15778,-12.73486,583.3,24.65716088776129,35.94,10.05,1.7654830210772825,23.337500000000002,2011-11-28,2021-09-01
587,11446143,Cacoal,Inmet,-61.43415,-11.44584,183.53,26.635806618093504,39.12222222222222,13.144444444444444,1.3791199149969635,32.044444444444444,2011-11-28,2021-07-10
588,9946296,Ariquemes,Inmet,-62.96187,-9.949,128.44,26.16273240307053,38.375,14.937499999999998,1.437380366900859,30.51428571428571,2011-11-28,2020-08-19
589,24575280,Campina da Lagoa,Inmet,-52.80026,-24.57086,598.0,22.89437613843352,37.36666666666667,1.3,3.215113843351548,27.7,2016-10-26,2020-04-20
590,25365239,Laranjeiras do Sul,Inmet,-52.39194,-25.36894,835.0,19.179107468123867,33.8,-2.3600000000000003,1.7869102914389816,19.825,2016-10-26,2021-09-01
591,25324915,Colombo,Inmet,-49.15773,-25.32246,950.0,17.380972677595636,35.88,-1.7400000000000002,1.3954713114754098,20.28,2016-10-26,2021-09-01
592,20464040,Vila Velha,Inmet,-40.40405,-20.46707,25.0,23.76310746812385,36.0,13.7,3.02318579234973,16.660000000000004,2017-02-15,2021-08-11
593,23844615,Bertioga,Inmet,-46.14328,-23.84468,5.0,23.74066803278688,36.540000000000006,12.040000000000003,1.5695724043715846,20.44,2017-01-31,2021-09-01
