,estcodigo,estnome,orgsigla,estlongitude,estlatitude,estaltitude,ini_temp,fim_temp,ini_vento,fim_vento
5,25174828,Reserva Natural Salto Morato,Simepar,-48.2881,-25.1779,32.0,2011-03-24,2021-08-24,2011-03-24,2021-08-24
7,25264916,Curitiba,Simepar,-49.23033,-25.44817,935.0,1997-06-01,2021-08-24,1997-06-01,2021-08-24
16,26145103,União da Vitória,Simepar,-51.06827,-26.22825,756.53,1997-06-01,2021-08-24,1997-06-01,2021-08-24
18,24235332,Assis Chateaubriand,Simepar,-53.5411,-24.3886,450.0,1999-08-19,2021-08-24,1999-08-19,2021-08-24
20,24134940,Jaguariaiva,Simepar,-49.677,-24.2269,900.0,2000-04-07,2021-08-24,2000-04-07,2021-08-24
21,24205037,Telêmaco Borba,Simepar,-50.6106,-24.339,768.0,1997-06-01,2021-08-24,1997-06-01,2021-08-24
22,25385157,Pinhão,Simepar,-51.9625,-25.64944,910.0,2003-04-08,2021-08-24,2003-04-08,2021-08-24
25,25134848,Antonina,Simepar,-48.75248,-25.24341,60.0,1999-01-01,2021-08-24,1999-01-01,2021-08-24
26,24475343,Toledo,Simepar,-53.7196,-24.7834,516.4,1997-08-10,2021-08-24,1997-08-10,2021-08-24
27,25215130,Guarapuava,Simepar,-51.4935,-25.3845,1070.0,1997-06-01,2021-08-24,1997-06-01,2021-08-24
28,24185355,Palotina,Simepar,-53.9008,-24.3129,303.0,1997-06-01,2021-08-24,1997-06-01,2021-08-24
30,25335129,Entre Rios,Simepar,-51.4884,-25.5459,1095.0,2001-01-18,2021-08-24,2001-01-18,2021-08-24
31,23445317,Umuarama,Simepar,-53.30766,-23.75066,480.0,1997-06-01,2021-08-24,1997-06-01,2021-08-24
32,25474946,Lapa,Simepar,-49.7598,-25.7817,909.8,1997-06-01,2021-08-24,1997-06-01,2021-08-24
33,23185109,Londrina,Simepar,-51.1647,-23.3595,585.0,1997-06-01,2021-08-24,1997-06-01,2021-08-24
34,23275159,Maringá,Simepar,-51.9881,-23.4483,570.0,1999-03-01,2021-08-24,1999-03-01,2021-08-24
35,23055226,Paranavaí,Simepar,-52.4438,-23.0916,480.0,1997-06-01,2021-08-24,1997-06-01,2021-08-24
36,26075241,Pato Branco,Simepar,-52.6514,-26.1229,721.8,1997-06-01,2021-08-24,1997-06-01,2021-08-24
37,24045415,Guaira,Simepar,-54.26151,-24.07487,227.9,1997-08-10,2021-08-24,1997-08-10,2021-08-24
38,23005002,Cambará,Simepar,-50.0362,-23.0025,450.0,1997-06-01,2021-08-24,1997-06-01,2021-08-24
39,23515154,Apucarana,Simepar,-51.5302,-23.5175,746.0,1999-10-01,2021-08-24,1999-10-01,2021-08-24
40,26055305,Francisco Beltrão,Simepar,-53.06548,-26.0593,652.0,2010-09-02,2021-08-24,2010-09-02,2021-08-24
41,25324831,Guaratuba,Simepar,-48.58049,-25.84536,0.0,1997-06-01,2021-08-24,1997-06-01,2021-08-24
42,26285158,Palmas,Simepar,-51.9762,-26.4682,1100.0,1998-04-29,2021-08-24,1998-04-29,2021-08-24
43,25444869,APPA Antonina,Simepar,-48.69434,-25.44716,2.0,2014-09-26,2021-08-24,2014-09-26,2021-08-24
44,24385115,Cândido de Abreu,Simepar,-51.2452,-24.6321,645.0,1997-06-01,2021-08-24,1997-06-01,2021-08-24
45,24535333,Cascavel,Simepar,-53.5547,-24.8845,719.3,1997-06-01,2021-08-24,1997-06-01,2021-08-24
46,25135001,Ponta Grossa,Simepar,-50.1524,-25.0137,888.25,1997-06-01,2021-08-24,1997-06-01,2021-08-24
47,25115408,São Miguel do Iguaçu,Simepar,-54.2546,-25.3528,298.0,1997-06-01,2021-08-24,1997-06-01,2021-08-24
48,25254905,Pinhais,Simepar,-49.1299,-25.3907,930.0,1998-07-10,2021-08-24,1998-07-10,2021-08-24
49,25534852,Paranaguá,Simepar,-48.5296,-25.5378,19.0,2012-11-21,2021-08-24,2012-11-21,2021-08-24
50,25315329,Salto Caxias,Simepar,-53.49412,-25.52092,440.0,1999-03-01,2021-08-24,1999-03-01,2021-08-24
51,24535213,Palmital,Simepar,-52.2186,-24.8644,783.0,1997-06-01,2021-08-24,1997-06-01,2021-08-24
52,24494915,Cerro Azul,Simepar,-49.2604,-24.8267,366.0,1997-06-01,2021-08-24,1997-06-01,2021-08-24
53,24505420,Santa Helena,Simepar,-54.3103,-24.9168,271.0,1997-07-21,2021-08-24,1997-07-21,2021-08-24
54,25275035,Fernandes Pinheiro,Simepar,-50.5839,-25.4532,893.0,1999-03-01,2021-08-24,1999-03-01,2021-08-24
56,9366993,Parque Estadual Chandless,Inmet,-69.92626,-9.35835,184.51,2012-10-12,2021-08-25,2012-10-11,2021-08-25
68,7334745,Carolina,Inmet,-47.45984,-7.33727,182.88,2011-12-15,2021-08-25,2011-12-15,2021-08-25
88,8543629,Garanhuns,Inmet,-36.49338,-8.91095,827.78,2011-10-24,2021-08-21,2011-10-24,2021-08-21
93,9253637,Palmeira dos Índios,Inmet,-36.62037,-9.42033,278.01,2011-10-29,2021-08-25,2011-10-29,2021-08-25
94,8303918,Cabrobó,Inmet,-39.31528,-8.504,342.74,2011-10-23,2021-08-25,2011-10-23,2021-08-25
95,8074108,Paulistana,Inmet,-41.14295,-8.13229,376.0,2011-10-23,2021-08-25,2011-10-23,2021-08-25
97,5083821,Morada Nova,Inmet,-38.35659,-5.13669,45.03,2011-10-24,2021-08-25,2011-10-24,2021-08-25
98,7533707,Monteiro,Inmet,-37.1247,-7.89447,606.39,2011-10-26,2021-07-30,2011-10-26,2021-07-30
99,4164147,Piripiri,Inmet,-41.79457,-4.27605,157.89,2011-10-23,2021-08-25,2011-10-23,2021-08-25
100,5663779,Apodi,Inmet,-37.81499,-5.62656,131.41,2011-10-31,2021-08-25,2011-10-31,2021-08-25
101,13013831,Salvador,Inmet,-38.50576,-13.00552,47.56,2011-10-10,2021-08-25,2011-10-10,2021-08-25
109,20334345,Ouro Branco,Inmet,-43.75622,-20.55659,1048.2,2006-07-28,2021-08-25,2006-07-28,2021-08-25
110,21064415,São João del Rei,Inmet,-44.25093,-21.1065,929.88,2006-12-04,2021-08-25,2006-12-04,2021-08-25
117,15474755,Brasília,Inmet,-47.92576,-15.78934,1160.96,2007-06-12,2021-08-25,2007-06-12,2021-08-25
118,16384913,Goiânia,Inmet,-49.22022,-16.64284,727.3,2007-06-12,2021-08-25,2007-06-12,2021-08-25
119,5184067,Crateús,Inmet,-40.67213,-5.18664,298.19,2011-10-31,2021-08-25,2011-11-02,2021-08-25
120,7074140,Picos,Inmet,-41.40404,-7.07102,232.91,2011-11-01,2021-08-25,2012-09-18,2021-08-25
121,21344524,Varginha,Inmet,-45.4043,-21.56651,949.78,2006-12-04,2021-08-25,2006-12-04,2021-08-25
122,20444638,Passos,Inmet,-46.63392,-20.74524,781.7,2006-12-04,2021-08-25,2006-12-04,2021-08-25
126,17434906,Morrinhos,Inmet,-49.1017,-17.74507,751.09,2007-06-12,2021-08-25,2007-06-12,2021-08-25
133,21475613,Jardim,Inmet,-56.13772,-21.47853,252.47,2011-08-03,2021-08-25,2011-08-03,2021-08-25
134,8613859,Floresta,Inmet,-38.58406,-8.59879,327.42,2011-11-03,2021-08-25,2011-11-03,2021-08-25
139,16674861,Silvânia,Inmet,-48.61817,-16.67979,952.0,2010-10-11,2021-08-25,2010-10-11,2021-08-25
146,14234213,Brumado,Inmet,-41.67228,-14.18189,473.37,2011-10-24,2021-08-25,2011-10-24,2021-08-25
147,19884441,Florestal,Inmet,-44.41688,-19.8854,753.5,2008-06-05,2021-08-25,2008-06-05,2021-08-25
148,20554854,Barretos,Inmet,-48.545,-20.55918,534.36,2010-06-19,2021-08-18,2010-06-19,2021-08-18
151,10733810,Poço Verde,Inmet,-38.10839,-10.73802,367.01,2011-11-25,2021-08-25,2011-11-28,2021-08-25
155,11324186,Irecê,Inmet,-41.8645,-11.329,768.42,2011-12-15,2021-08-25,2011-12-15,2021-08-25
156,18464059,Mantena,Inmet,-40.98651,-18.78062,254.91,2007-08-25,2021-08-25,2007-08-25,2021-08-25
170,8147034,Feijó,Inmet,-70.34359,-8.14265,157.17,2011-12-15,2021-07-07,2011-12-15,2021-07-07
172,19984395,Belo Horizonte - Cercadinho,Inmet,-43.9586,-19.98,1214.0,2013-12-27,2021-08-25,2013-12-27,2021-08-25
177,16214507,São Romão,Inmet,-45.1238,-16.36275,490.29,2007-07-03,2021-08-25,2007-07-03,2021-08-25
178,15454127,Águas Vermelhas,Inmet,-41.45779,-15.75154,754.07,2007-09-08,2021-08-25,2007-09-08,2021-08-25
181,16344129,Itaobim,Inmet,-41.48559,-16.57567,271.63,2007-09-05,2021-08-25,2007-09-04,2021-08-25
182,15434226,Rio Pardo de Minas,Inmet,-42.43575,-15.72314,850.06,2007-11-19,2021-08-25,2007-11-19,2021-08-25
184,16094218,Salinas,Inmet,-42.31027,-16.16033,487.14,2007-09-13,2021-08-25,2007-09-13,2021-08-25
185,17474607,João Pinheiro,Inmet,-46.11939,-17.78477,877.05,2007-07-08,2021-08-25,2007-07-08,2021-08-25
186,19444208,Caratinga,Inmet,-42.13715,-19.73576,609.25,2007-07-08,2021-08-25,2007-07-08,2021-08-25
200,13003961,Amargosa,Inmet,-39.61688,-13.00947,397.8,2011-11-28,2021-08-25,2011-11-28,2021-08-25
203,14005212,Água Boa,Inmet,-52.21169,-14.0165,440.0,2011-10-23,2021-07-27,2011-10-23,2021-07-27
205,23594852,Itapeva,Inmet,-48.88582,-23.98192,743.33,2006-12-04,2021-08-25,2006-12-04,2021-08-25
207,25005051,Ivaí,Inmet,-50.85385,-25.01076,803.58,1991-02-18,2021-08-25,1991-02-18,2021-08-25
211,15365721,Porto Estrela,Inmet,-57.22585,-15.32473,147.75,2011-10-27,2021-08-25,2011-10-27,2021-08-25
213,27805033,Lages,Inmet,-50.33546,-27.80223,952.7,2014-11-06,2021-08-25,2014-11-06,2021-07-07
216,16164759,Luziânia,Inmet,-47.96696,-16.26054,1000.82,2007-06-12,2021-08-25,2007-06-12,2021-08-25
218,15565008,Goiás,Inmet,-50.14143,-15.93973,512.86,2007-08-26,2021-08-25,2007-08-26,2021-08-25
219,14584932,Itapaci,Inmet,-49.53998,-14.97979,551.16,2007-07-03,2021-08-25,2007-07-03,2021-08-25
220,17555143,Jataí,Inmet,-51.71747,-17.92362,670.08,2007-07-03,2021-08-25,2007-07-03,2021-08-25
221,14054621,Posse,Inmet,-46.3665,-14.08921,830.0,2007-07-03,2021-08-25,2007-07-03,2021-08-25
224,8584811,Pedro Afonso,Inmet,-48.17726,-8.96868,189.71,2007-03-14,2021-08-25,2007-03-14,2021-08-25
227,16585149,Caiapônia,Inmet,-51.81757,-16.96684,740.1,2007-07-08,2021-08-25,2007-07-08,2021-08-25
228,14074731,Alto Paraíso de Goiás,Inmet,-47.52326,-14.13307,1264.7,2007-07-03,2021-08-25,2007-07-03,2021-08-25
229,17475057,Rio Verde,Inmet,-50.96487,-17.7853,780.11,2007-07-03,2021-08-25,2007-07-03,2021-08-25
230,16285044,Paraúna,Inmet,-50.42545,-16.96254,678.74,2008-03-27,2021-08-25,2008-03-27,2021-08-25
232,17184817,Pires do Rio,Inmet,-48.28413,-17.30415,757.27,2007-10-30,2021-08-25,2007-10-30,2021-08-25
233,18154794,Catalão,Inmet,-47.92761,-18.15478,900.72,2008-02-25,2021-08-25,2008-02-25,2021-08-25
234,18254912,Itumbiara,Inmet,-49.19206,-18.40976,491.17,2000-01-01,2021-07-19,2000-01-01,2021-07-19
235,16474737,Cristalina,Inmet,-47.61297,-16.7849,1211.08,2007-12-13,2021-08-25,2007-12-11,2021-08-25
236,15934813,Gama (Ponte Alta),Inmet,-48.13738,-15.93514,990.0,2014-09-30,2021-08-25,2014-09-30,2021-08-25
256,1184755,Castanhal,Inmet,-47.94797,-1.30088,47.13,2011-10-23,2021-08-25,2011-10-23,2021-08-25
257,2324413,São Luís,Inmet,-44.21358,-2.52677,54.8,2011-10-23,2021-08-25,2011-10-23,2021-08-25
263,2414816,Tomé Açu,Inmet,-48.36059,-2.59261,42.95,2011-12-15,2021-08-25,2011-12-15,2021-08-25
266,6635195,São Félix do Xingu,Inmet,-51.95697,-6.63962,211.0,2000-01-02,2021-08-25,2000-01-01,2021-08-25
269,4244479,Bacabal,Inmet,-44.79499,-4.24306,22.33,2011-11-19,2021-08-25,2011-12-01,2021-08-25
270,5504523,Barra do Corda,Inmet,-45.23705,-5.50678,154.19,2011-11-04,2021-08-25,2011-12-15,2021-08-25
272,9104593,Alto Parnaíba,Inmet,-45.93202,-9.1082,283.69,2000-01-01,2021-08-25,2000-01-01,2021-08-25
274,5554745,Imperatriz,Inmet,-47.45979,-5.55572,117.96,2011-12-15,2021-08-25,2011-12-15,2021-08-25
282,4254992,Novo Repartimento,Inmet,-49.93931,-4.24399,100.76,2011-11-17,2021-08-25,2012-02-09,2020-07-16
287,8254927,Conceição do Araguaia,Inmet,-49.28277,-8.30361,175.74,2011-12-15,2021-08-25,2011-12-15,2021-08-25
288,705142,Porto Grande,Inmet,-51.42778,0.70278,74.09,2011-12-15,2021-08-24,2011-12-15,2021-08-24
291,8033457,Recife,Inmet,-34.95924,-8.05928,11.3,2011-10-23,2021-08-25,2011-10-23,2021-08-25
292,9403542,Maceió,Inmet,-35.7702,-9.55117,84.12,2011-10-23,2021-08-25,2011-10-23,2021-08-25
293,5543512,Natal,Inmet,-35.20792,-5.83719,47.46,2011-10-18,2021-08-25,2011-10-18,2021-08-25
294,3463833,Fortaleza,Inmet,-38.53779,-3.8157,29.55,2011-10-24,2021-08-25,2011-10-24,2021-08-25
296,9234029,Petrolina,Inmet,-40.52326,-9.38832,372.72,2011-10-23,2021-08-25,2011-10-23,2021-08-25
297,3054147,Parnaíba,Inmet,-41.78314,-3.08666,52.11,2011-10-24,2021-08-25,2011-10-24,2021-08-25
298,8263703,Arco Verde,Inmet,-37.05548,-8.43354,683.95,2011-10-24,2021-08-25,2012-05-14,2021-08-25
299,6583542,Areia,Inmet,-35.71813,-6.97545,573.45,2011-10-24,2021-08-25,2011-10-24,2021-08-25
301,5044248,Teresina,Inmet,-42.80134,-5.03477,75.23,2011-12-15,2021-08-25,2011-12-15,2021-08-25
302,7133554,Campina Grande,Inmet,-35.90483,-7.22557,546.17,2011-10-29,2021-08-25,2011-10-29,2021-08-25
303,7183916,Barbalha,Inmet,-39.27111,-7.30093,409.41,2011-10-24,2021-08-07,2011-10-24,2021-08-07
304,6273706,Caicó,Inmet,-37.08493,-6.46747,171.26,2011-10-29,2021-08-25,2011-10-29,2021-08-25
307,6233916,Iguatu,Inmet,-39.26895,-6.39638,221.56,2000-01-01,2021-08-25,2000-01-01,2021-08-25
309,7043716,Patos,Inmet,-37.27282,-7.07984,263.66,2011-10-24,2021-08-01,2011-10-24,2021-08-01
310,7843575,Surubim,Inmet,-35.80106,-7.83963,421.44,2011-11-04,2021-08-25,2011-11-04,2021-08-25
311,6753822,São Gonçalo,Inmet,-38.31158,-6.83578,237.04,2011-11-09,2021-08-25,2011-11-09,2021-08-25
312,8444386,Alvorada do Gurguéia,Inmet,-43.86544,-8.4416,261.26,2011-10-31,2021-07-24,2011-10-31,2021-07-24
313,9284332,Caracol,Inmet,-43.32444,-9.28588,515.3,2011-10-31,2021-08-25,2011-10-31,2021-08-25
314,4783777,Jaguaruana,Inmet,-37.77719,-4.85351,16.57,2011-11-01,2021-08-25,2011-11-01,2021-08-25
316,9034270,São Raimundo Nonato,Inmet,-42.70111,-9.03321,383.13,2011-11-14,2021-08-25,2011-11-14,2021-08-25
319,8503771,Ibimirim,Inmet,-37.71159,-8.50955,434.23,2011-12-15,2021-08-25,2011-12-15,2021-08-25
320,7953829,Serra Talhada,Inmet,-38.29508,-7.95428,499.02,2000-01-01,2021-07-11,2000-01-01,2021-07-11
323,9283556,São Luis do Quitunde,Inmet,-35.56588,-9.28748,13.69,2011-10-31,2021-08-25,2011-10-31,2021-08-25
324,8663556,Palmares,Inmet,-35.56792,-8.66667,164.01,2011-10-31,2021-08-25,2011-10-31,2021-08-25
327,8114297,Canto do Buriti,Inmet,-42.97572,-8.11794,312.07,2011-10-31,2021-08-25,2011-10-31,2021-08-25
328,7884010,Ouricuri,Inmet,-40.10268,-7.88583,457.85,2011-12-15,2021-08-25,2011-12-15,2021-08-25
330,13314007,Itiruçu,Inmet,-40.11975,-13.52783,757.42,2011-10-23,2021-08-25,2011-10-23,2021-08-25
331,12314017,Itaberaba,Inmet,-40.29971,-12.52406,250.11,2011-10-23,2021-08-25,2011-10-23,2021-08-25
332,10573703,Aracaju,Inmet,-37.05433,-10.95241,3.72,2011-10-23,2021-08-25,2011-10-23,2021-08-25
333,14393909,Ilhéus,Inmet,-39.18144,-14.6588,80.21,2011-10-23,2021-08-25,2011-10-23,2019-06-17
334,12074021,Macajuba,Inmet,-40.35422,-12.13169,338.85,2011-10-23,2021-08-25,2011-10-23,2021-08-25
337,13334461,Correntina,Inmet,-44.61738,-13.33239,551.71,2011-10-25,2021-08-25,2011-10-25,2021-08-25
338,11163747,Itabaianinha,Inmet,-37.795,-11.2725,204.8,2011-10-24,2021-08-25,2011-10-24,2021-08-25
339,9604210,Remanso,Inmet,-42.07721,-9.62569,397.4,2011-11-28,2021-08-25,2011-11-28,2021-08-25
340,12554138,Lençóis,Inmet,-41.38881,-12.55785,438.09,2011-11-28,2021-08-25,2011-11-28,2021-08-25
342,10444014,Senhor do Bonfim,Inmet,-40.14824,-10.44307,532.09,2011-12-15,2021-08-25,2011-12-15,2021-08-25
343,26445383,São Miguel do Oeste,Inmet,-53.50454,-26.7767,654.51,2008-03-11,2021-08-25,2008-03-11,2021-08-25
344,11084313,Barra,Inmet,-43.139,-11.08486,407.5,2011-11-28,2021-08-25,2011-11-28,2021-08-25
345,13154177,Piatã,Inmet,-41.77413,-13.15568,1283.95,2011-12-15,2021-08-25,2011-12-15,2021-08-25
347,10983961,Queimadas,Inmet,-39.61701,-10.98465,310.11,2011-12-15,2021-08-25,2011-12-15,2021-08-25
348,15283909,Una,Inmet,-39.09127,-15.28022,74.08,2000-01-01,2021-08-25,2000-01-01,2021-08-25
350,12194321,Ibotirama,Inmet,-43.21342,-12.19306,425.12,2011-12-10,2021-08-25,2011-12-10,2021-08-25
352,11663902,Serrinha,Inmet,-39.02295,-11.66459,337.79,2011-12-15,2021-07-31,2011-12-15,2021-07-31
353,10533899,Euclides da Cunha,Inmet,-38.99661,-10.53723,431.96,2011-11-30,2021-08-25,2011-11-30,2021-08-25
355,13343912,Valença,Inmet,-39.12667,-13.34361,93.12,2000-01-01,2021-08-18,2000-01-01,2021-08-18
359,9003991,Curaçá,Inmet,-39.9124,-9.0013,370.0,2015-08-19,2021-08-25,2015-08-19,2021-08-25
361,21134346,Barbacena,Inmet,-43.7677,-21.22837,1168.76,2003-03-20,2021-08-25,2003-03-20,2021-08-25
362,19364656,Araxá,Inmet,-46.94962,-19.6057,1018.32,2002-12-19,2021-08-25,2002-12-19,2021-08-25
363,16434353,Montes Claros,Inmet,-43.84376,-16.68632,645.87,2002-12-18,2021-08-25,2002-12-18,2021-08-25
364,18554815,Uberlândia,Inmet,-48.25566,-18.91707,874.77,2003-03-20,2021-08-25,2003-03-20,2021-08-25
365,16174041,Almenara,Inmet,-40.68776,-16.16677,189.11,2006-12-06,2021-08-25,2006-12-06,2021-08-25
366,22514602,Monte Verde,Inmet,-46.04337,-22.8616,1544.89,2004-12-19,2021-08-25,2004-12-19,2021-08-25
367,20464252,Viçosa,Inmet,-42.86401,-20.76261,697.64,2005-09-15,2021-08-25,2005-09-15,2021-08-25
368,19344238,Timóteo,Inmet,-42.62241,-19.57382,493.42,2006-02-24,2021-08-25,2006-02-24,2021-08-25
370,21064223,Muriaé,Inmet,-42.3759,-21.10487,282.79,2006-12-04,2021-08-25,2006-08-29,2021-08-25
371,21464321,Juiz de Fora,Inmet,-43.36433,-21.76997,936.88,2007-06-12,2021-08-25,2007-06-12,2021-08-25
372,19324932,Campina Verde,Inmet,-49.51813,-19.53921,559.07,2006-12-04,2021-08-25,2006-12-04,2021-08-25
373,19594809,Conceição das Alagoas,Inmet,-48.15157,-19.98586,572.54,2006-12-04,2021-08-25,2006-12-04,2021-08-25
374,19534358,Belo Horizonte - Pampulha,Inmet,-43.9694,-19.88395,854.02,2006-12-04,2021-08-25,2006-12-04,2021-08-25
376,19004658,Patrocíonio,Inmet,-46.98594,-18.99668,978.11,2006-12-04,2021-08-25,2006-12-04,2021-08-25
377,20274527,Formiga,Inmet,-45.45383,-20.45493,878.14,2006-12-04,2021-08-25,2006-12-04,2021-08-25
378,19534726,Sacramento,Inmet,-47.4341,-19.87527,913.12,2006-12-04,2021-08-25,2006-12-04,2021-08-25
380,17544131,Teófilo Otoni,Inmet,-41.51542,-17.89284,467.17,2006-12-04,2021-08-25,2006-12-04,2021-08-25
381,18124528,Três Marias,Inmet,-45.45984,-18.20086,931.01,2006-12-04,2021-08-25,2006-12-04,2021-08-25
382,22234457,Passa Quatro,Inmet,-44.96191,-22.3958,1017.1,2007-07-03,2021-08-25,2007-07-03,2021-08-25
383,21554622,Caldas,Inmet,-46.383,-21.91807,1077.34,2007-05-30,2021-08-25,2007-05-30,2021-08-25
384,22184522,Maria da Fé,Inmet,-45.37305,-22.31457,1281.43,2006-12-09,2021-08-25,2006-12-09,2021-08-25
385,18474159,Governador Valadares,Inmet,-41.97701,-18.83035,198.24,2007-07-03,2021-08-25,2007-07-03,2021-08-25
386,18474256,Guanhães,Inmet,-42.94292,-18.78684,852.68,2007-07-03,2021-08-25,2007-07-03,2021-08-25
388,19284535,Dores do Indaiá,Inmet,-45.59393,-19.48194,721.09,2007-07-08,2021-08-25,2007-07-08,2021-08-25
389,18134338,Diamantina,Inmet,-43.64827,-18.23105,1359.25,2007-07-03,2021-08-25,2007-07-03,2021-08-25
390,18444427,Curvelo,Inmet,-44.45379,-18.74771,669.48,2007-07-03,2021-08-25,2007-07-03,2021-08-25
391,15054402,Mocambinho,Inmet,-44.01604,-15.08596,454.0,2007-11-19,2021-08-25,2007-11-19,2021-08-25
394,21544326,Coronel Pacheco,Inmet,-43.26103,-21.54673,411.14,2012-11-07,2021-08-25,2012-11-07,2021-08-25
396,22484341,Seropédica - Ecologia Agrícola,Inmet,-43.68484,-22.75787,34.64,2006-12-04,2021-08-25,2006-12-04,2021-08-25
397,23034336,Rio de Janeiro - Marambaia,Inmet,-43.59569,-23.05033,9.16,2006-12-04,2021-08-25,2006-12-04,2021-08-25
398,22354316,Duque de Caxias - Xerém,Inmet,-43.28223,-22.58981,24.35,2006-12-03,2021-08-25,2006-12-04,2021-08-25
399,21344157,Cambuci,Inmet,-41.95833,-21.58773,59.94,2005-03-25,2021-08-25,2006-12-04,2021-08-25
400,22584200,Arraial do Cabo,Inmet,-42.02145,-22.97547,3.34,2006-12-04,2021-08-25,2006-12-04,2021-08-25
401,21424121,Campos,Inmet,-41.34402,-21.71477,16.67,2006-12-04,2021-08-25,2006-12-04,2021-08-25
402,22234149,Macaé,Inmet,-41.81205,-22.37632,24.61,2006-12-04,2021-08-08,2006-12-04,2021-08-08
403,22274427,Resende,Inmet,-44.44479,-22.45092,438.83,2006-12-04,2021-08-25,2006-12-04,2021-08-25
405,22214342,Valença,Inmet,-43.69566,-22.35809,367.21,2006-12-04,2021-08-25,2006-12-04,2021-08-25
406,20164018,Vitória,Inmet,-40.30607,-20.27109,9.0,2006-12-04,2021-08-25,2006-12-04,2021-08-25
407,19594035,Santa Teresa,Inmet,-40.57957,-19.98839,975.92,2000-01-01,2021-08-25,2000-01-01,2021-08-25
408,19214004,Linhares,Inmet,-40.06868,-19.35692,37.82,2006-12-04,2021-08-25,2006-12-04,2021-08-25
409,20384044,Alfredo Chaves,Inmet,-40.74182,-20.63653,14.19,2006-12-04,2021-08-25,2006-12-04,2021-08-25
410,18423950,São Mateus,Inmet,-39.86405,-18.6762,28.66,2006-12-01,2021-08-25,2006-12-01,2021-08-25
411,22264259,Teresópolis - Parque Nacional,Inmet,-42.98715,-22.44892,991.44,2007-07-03,2021-08-25,2007-07-03,2021-08-25
412,23134443,Paraty,Inmet,-44.72686,-23.22354,3.0,2007-03-30,2021-08-25,2007-03-30,2021-08-25
413,22374105,Campos - São Tomé,Inmet,-41.05187,-22.04165,7.18,2008-06-13,2021-08-25,2008-06-13,2021-08-25
414,22514324,Rio de Janeiro - Vila Militar,Inmet,-43.41141,-22.86132,30.43,2007-07-03,2021-08-25,2007-07-03,2021-08-25
415,21104103,Presidente Kennedy,Inmet,-41.0394,-21.10081,69.12,2008-06-18,2021-08-25,2008-06-17,2021-08-25
416,18694039,Nova Venécia,Inmet,-40.39057,-18.69527,156.02,2008-06-21,2021-08-25,2008-06-21,2021-08-25
417,22274252,Nova Friburgo-Salinas,Inmet,-42.67693,-22.33484,1065.08,2010-10-02,2021-08-25,2010-10-02,2021-08-25
418,22984319,Rio de Janeiro - Forte de Copacabana,Inmet,-43.19044,-22.98829,25.59,2007-07-03,2021-08-25,2007-07-03,2021-08-25
420,22644260,Silva Jardim,Inmet,-42.41578,-22.64591,19.0,2015-08-28,2021-08-25,2015-08-28,2021-08-25
421,22874261,Saquarema - Sampaio Correia,Inmet,-42.60922,-22.87132,26.0,2015-09-02,2021-08-25,2015-09-02,2021-08-25
422,23304637,São Paulo (Mirante de Santana),Inmet,-46.62009,-23.49629,785.64,2006-12-04,2021-08-25,2006-12-04,2021-08-25
423,20275436,Campo Grande,Inmet,-54.72262,-20.4472,528.47,2006-12-04,2021-08-25,2006-12-04,2021-08-25
424,22325532,Ponta Porã,Inmet,-55.71632,-22.55245,668.0,2000-01-01,2021-08-25,2000-01-01,2021-08-25
425,23245155,Maringá,Inmet,-51.93283,-23.40536,548.51,2006-12-04,2021-08-25,2006-11-21,2021-08-25
426,20465142,Três Lagoas,Inmet,-51.7122,-20.79,328.94,2006-12-04,2021-08-25,2006-12-04,2019-12-03
427,22184942,Bauru,Inmet,-49.02888,-22.35805,636.17,2006-12-04,2021-08-25,2006-12-04,2021-08-25
428,22454536,Campos do Jordão,Inmet,-45.60384,-22.75023,1662.95,2006-09-28,2021-08-25,2006-09-28,2021-08-25
429,22075124,Presidente Prudente,Inmet,-51.40864,-22.11987,431.92,2006-12-04,2021-08-25,2006-12-04,2021-08-25
430,20344722,Franca,Inmet,-47.38255,-20.58448,1002.74,2006-12-04,2021-08-25,2006-12-04,2021-08-25
431,22185349,Ivinhema,Inmet,-53.8229,-22.30042,377.36,2006-12-04,2021-08-25,2006-12-04,2021-08-25
433,21574752,São Carlos,Inmet,-47.88393,-21.98035,859.29,2007-07-14,2021-08-25,2007-07-14,2021-08-25
434,24434733,Iguape,Inmet,-47.5459,-24.67165,2.7,2006-12-04,2021-08-25,2006-12-04,2021-08-25
435,23214740,Sorocaba,Inmet,-47.58555,-23.42604,609.33,2000-01-01,2021-08-25,2000-01-01,2021-08-25
436,23514809,São Miguel Arcanjo,Inmet,-48.16482,-23.85202,675.68,2000-01-01,2021-08-25,2000-01-01,2021-08-25
438,22125053,Rancharia,Inmet,-50.97471,-22.37283,398.75,2006-12-04,2021-08-25,2006-12-04,2021-08-25
439,20285547,Aquidauana,Inmet,-55.78401,-20.47542,151.35,2006-12-04,2021-07-02,2006-12-04,2021-07-02
441,22115454,Dourados,Inmet,-54.91136,-22.19392,463.3,2006-12-04,2021-08-07,2006-12-04,2021-08-07
443,21425753,Porto Murtinho,Inmet,-57.88655,-21.70585,78.56,2006-12-04,2021-08-13,2006-12-04,2021-08-13
449,20244957,Votuporanga,Inmet,-49.96603,-20.40322,510.37,2007-07-03,2021-08-25,2007-07-03,2021-08-25
452,20095035,Jales,Inmet,-50.59513,-20.16503,460.44,2007-08-26,2021-08-24,2007-08-26,2021-08-24
453,21195055,Valparaiso,Inmet,-50.93016,-21.31914,381.9,2007-08-29,2021-08-25,2007-08-29,2021-08-25
455,21084850,Ariranha,Inmet,-48.84043,-21.13294,525.44,2007-11-19,2021-08-25,2007-11-19,2021-08-25
456,21514848,Ibitinga,Inmet,-48.79972,-21.85557,496.75,2007-11-19,2021-08-25,2007-11-19,2021-08-25
460,22374855,Barra Bonita,Inmet,-48.55757,-22.47121,533.68,2008-05-02,2021-08-25,2008-05-02,2021-08-25
461,19315172,Cassilândia,Inmet,-51.72073,-19.12247,494.72,2008-03-11,2021-08-25,2008-03-11,2021-03-31
462,21775452,Rio Brilhante,Inmet,-54.52811,-21.77494,324.31,2008-06-23,2021-08-25,2008-06-23,2021-08-25
463,21354816,Pradópolis,Inmet,-48.11401,-21.33843,540.41,2008-04-24,2021-08-25,2008-04-24,2021-08-25
467,23445418,Itaquiraí,Inmet,-54.18186,-23.4495,337.82,2008-06-01,2021-08-25,2008-06-01,2021-08-25
468,20354777,Ituverava,Inmet,-47.77522,-20.35976,610.58,2008-07-16,2021-08-25,2008-07-17,2021-08-25
469,20985497,Sidrolândia,Inmet,-54.97187,-20.98164,471.43,2008-09-29,2021-08-25,2008-09-29,2021-08-25
470,23524686,Baruerí,Inmet,-46.86945,-23.52389,776.5,2011-03-23,2021-08-25,2011-03-23,2021-08-25
471,20445287,Água Clara,Inmet,-52.87583,-20.44444,323.63,2010-08-12,2021-08-25,2010-08-12,2021-08-25
472,22105654,Bela Vista,Inmet,-56.54076,-22.10154,206.09,2011-08-08,2021-07-19,2011-08-08,2019-10-15
475,30035110,Porto Alegre,Inmet,-51.17477,-30.05354,41.18,2006-08-16,2021-08-25,2006-08-16,2021-08-25
476,32015206,Rio Grande,Inmet,-52.16774,-32.07878,4.92,1993-06-14,2021-08-25,1993-06-14,2021-08-25
477,29425342,Santa Maria,Inmet,-53.72047,-29.72496,103.1,2006-12-04,2021-08-25,2006-12-04,2021-05-07
479,27515347,Santo Augusto,Inmet,-53.79118,-27.85435,489.67,2006-12-04,2021-08-25,2006-12-04,2021-08-25
480,27364836,Florianópolis-São José,Inmet,-48.6201,-27.60253,4.87,2006-12-04,2021-08-25,2006-12-04,2021-08-25
481,25264913,Curitiba,Inmet,-49.2306,-25.44869,922.91,2006-12-04,2021-08-25,2006-12-04,2021-08-25
482,29214943,Torres,Inmet,-49.73326,-29.35036,8.44,1991-02-19,2021-08-25,1991-02-19,2021-08-25
483,29505704,Uruguaiana,Inmet,-57.0819,-29.83987,74.29,2006-12-04,2021-08-25,2006-12-04,2021-08-25
484,27535428,Santa Rosa,Inmet,-54.48001,-27.89046,272.84,2006-12-04,2021-08-20,2006-12-04,2021-08-20
485,31245242,Canguçu,Inmet,-52.7007,-31.4033,446.81,2006-12-24,2021-08-25,2006-12-24,2021-08-25
486,30325328,Caçapava do Sul,Inmet,-53.46705,-30.54532,420.82,2006-12-04,2021-07-05,2006-12-04,2021-07-05
487,29525222,Rio Pardo,Inmet,-52.38198,-29.87211,106.99,2006-12-04,2021-08-25,2006-12-04,2021-08-25
488,28314919,Urussanga,Inmet,-49.31521,-28.53256,40.56,2002-07-01,2021-08-25,2002-07-01,2021-08-25
489,28184956,São Joaquim,Inmet,-49.93462,-28.27564,1400.06,1994-12-31,2021-08-25,1994-12-31,2021-08-25
490,26405285,Novo Horizonte,Inmet,-52.85037,-26.4065,943.57,2009-12-31,2021-08-24,2009-12-31,2021-08-24
493,24325101,Marechal Cândido Rondon,Inmet,-54.01925,-24.5333,392.07,2006-12-04,2021-08-25,2006-11-18,2021-08-25
494,23304956,Joaquim Távora,Inmet,-49.94639,-23.50527,512.67,2006-12-04,2021-08-25,2006-11-24,2021-08-25
495,25335105,Inácio Martins,Inmet,-51.07795,-25.56788,1208.85,2006-12-04,2021-08-25,2006-10-17,2021-08-25
498,29425531,Alegrete,Inmet,-55.52549,-29.70908,120.88,2006-12-04,2021-08-25,2006-10-02,2021-08-25
500,27395218,Erechim,Inmet,-52.30581,-27.65771,777.08,1991-02-19,2021-08-25,1991-02-19,2021-08-25
501,28455003,São José dos Ausentes,Inmet,-50.05787,-28.74862,1228.59,2006-12-04,2021-08-25,2006-10-26,2021-05-17
502,28385600,São Borja,Inmet,-56.01629,-28.65009,81.08,2000-01-01,2021-08-25,2007-05-08,2021-08-25
503,30235627,Quaraí,Inmet,-56.43712,-30.36858,113.05,2007-10-17,2021-08-25,2007-10-17,2021-08-25
504,30205419,São Gabriel,Inmet,-54.31091,-30.34144,114.89,2007-10-11,2021-08-25,2007-10-11,2021-08-25
505,29195447,Santiago,Inmet,-54.88565,-29.1916,390.03,2009-02-04,2021-08-25,2009-02-04,2021-05-21
506,30505013,Tramandaí,Inmet,-50.13589,-30.01027,4.56,2008-03-07,2021-08-25,2008-04-24,2021-08-25
507,32335322,Jaguarão,Inmet,-53.37586,-32.53483,31.48,2000-01-01,2021-08-25,2000-01-01,2021-08-25
508,28485255,Soledade,Inmet,-52.54239,-28.85921,660.44,2008-03-11,2021-08-25,2008-03-11,2021-08-25
509,30485150,Camaquã,Inmet,-51.83424,-30.80795,92.3,2007-03-30,2021-08-25,2006-12-13,2021-08-25
510,28135224,Passo Fundo,Inmet,-52.40358,-28.22681,680.67,2007-03-31,2021-08-25,2006-11-27,2021-08-25
511,29105132,Bento Gonçalves,Inmet,-51.5342,-29.16458,623.27,2006-12-08,2021-08-25,2006-12-01,2021-08-25
512,27105133,Joaçaba,Inmet,-51.55896,-27.16927,767.63,2007-09-20,2021-08-25,2007-09-20,2021-08-25
515,28135130,Lagoa Vemelha,Inmet,-51.51285,-28.22238,833.83,2007-03-01,2021-08-25,2007-03-01,2021-08-25
516,28074928,Morro da Igreja (Bom Jardim da Serra),Inmet,-49.47961,-28.12699,1790.38,2007-07-03,2021-08-25,2007-06-17,2021-08-25
518,26285363,Dionísio Cerqueira,Inmet,-53.63311,-26.28656,807.54,2008-06-02,2021-08-25,2008-06-02,2021-08-25
523,28365340,Cruz Alta,Inmet,-53.6736,-28.60344,426.69,2007-07-03,2021-08-25,2007-05-31,2021-08-25
526,27915332,Palmeira das Missões,Inmet,-53.31805,-27.92038,614.11,2008-02-27,2021-08-25,2008-02-27,2021-08-25
527,26445242,Xanxerê,Inmet,-52.39809,-26.93867,878.74,2008-03-14,2021-08-25,2008-03-14,2021-08-25
528,26445084,Caçador,Inmet,-50.98552,-26.81916,944.26,2008-03-18,2021-08-25,2008-03-18,2021-08-25
529,27285061,Curitibanos,Inmet,-50.60428,-27.28862,978.1,2008-02-28,2021-08-25,2008-02-28,2021-08-25
530,26445015,Rio do Campo,Inmet,-50.14545,-26.93753,591.67,2008-03-11,2021-08-25,2008-03-11,2021-08-25
531,26434959,Rio Negrinho,Inmet,-49.58062,-26.24841,856.89,2008-03-21,2021-08-25,2008-03-21,2021-08-25
533,26395036,Major Vieira,Inmet,-50.36321,-26.39366,799.58,2009-02-10,2021-08-25,2009-02-10,2021-08-25
535,28934949,Araranguá,Inmet,-49.49792,-28.93135,2.0,2008-09-28,2021-08-25,2008-09-28,2021-08-25
537,23385294,Cidade Gaúcha,Inmet,-52.93191,-23.35916,365.79,2008-03-11,2021-08-25,2008-03-11,2021-08-25
541,25424883,Morretes,Inmet,-48.80868,-25.50894,50.31,2008-03-13,2021-08-25,2008-03-13,2021-08-25
542,26445135,General Carneiro,Inmet,-51.35367,-26.39847,1009.01,2008-04-10,2021-08-25,2008-04-10,2021-08-25
543,26445235,Clevelândia,Inmet,-52.34874,-26.4172,966.06,2008-05-15,2021-08-25,2008-05-15,2021-08-25
545,10083834,Jeremoabo,Inmet,-38.3459,-10.0807,261.0,2015-08-12,2021-08-25,2015-08-12,2021-08-25
548,29365082,Canela,Inmet,-50.82723,-29.36879,830.93,2008-08-23,2021-08-25,2008-08-23,2021-08-25
549,28485149,Vacaria,Inmet,-50.88274,-28.5136,969.89,2008-04-26,2021-08-25,2008-04-25,2021-08-25
551,29455182,Teutônia,Inmet,-51.82428,-29.45033,80.41,2012-10-21,2021-08-25,2012-10-21,2021-08-25
552,28655311,Ibirubá,Inmet,-53.11188,-28.65346,455.27,2012-12-18,2021-07-22,2012-12-18,2021-07-22
553,29675106,Campo Bom,Inmet,-51.06404,-29.67429,23.35,2013-12-09,2021-08-25,2013-12-09,2021-08-25
554,18495316,Costa Rica,Inmet,-53.17126,-18.49267,727.34,2012-12-03,2021-08-25,2012-12-03,2021-08-25
559,14204274,Guanambi,Inmet,-42.74965,-14.20812,552.23,2011-12-15,2021-08-24,2011-12-15,2021-08-24
560,20034401,Ibirité (Rola Moça),Inmet,-44.01125,-20.03146,1198.82,2008-06-06,2021-08-25,2008-06-06,2021-08-25
564,33565337,Chuí,Inmet,-53.37222,-33.7423,7.41,2008-03-14,2021-08-25,2008-03-14,2021-08-25
565,15375606,Cuiabá,Inmet,-56.06295,-15.5593,241.56,2011-10-23,2021-08-25,2011-10-23,2021-01-31
568,16275434,Rondonópolis,Inmet,-54.58015,-16.46242,289.88,2000-01-01,2021-08-25,2000-01-01,2021-08-25
577,11225843,Juína,Inmet,-58.77479,-11.37513,365.39,2011-10-23,2021-08-25,2011-10-23,2021-08-25
578,11415053,São Félix do Araguaia,Inmet,-50.72786,-11.61902,201.37,2011-10-23,2021-08-25,2011-10-23,2021-08-25
587,12736015,Vilhena,Inmet,-60.15778,-12.73486,583.3,2011-11-28,2021-08-25,2011-11-28,2020-10-04
588,11446143,Cacoal,Inmet,-61.43415,-11.44584,183.53,2011-11-28,2021-07-10,2011-11-28,2021-07-10
