idGrade,x,y
1,-61.0,6.0
2,-60.5,6.0
3,-60.0,6.0
4,-59.5,6.0
5,-61.5,5.5
6,-61.0,5.5
7,-60.5,5.5
8,-60.0,5.5
9,-59.5,5.5
10,-65.0,5.0
11,-64.5,5.0
12,-64.0,5.0
13,-63.0,5.0
14,-62.5,5.0
15,-62.0,5.0
16,-61.5,5.0
17,-61.0,5.0
18,-60.5,5.0
19,-60.0,5.0
20,-59.5,5.0
21,-59.0,5.0
22,-52.0,5.0
23,-51.5,5.0
24,-51.0,5.0
25,-65.5,4.5
26,-65.0,4.5
27,-64.5,4.5
28,-64.0,4.5
29,-63.5,4.5
30,-63.0,4.5
31,-62.5,4.5
32,-62.0,4.5
33,-61.5,4.5
34,-61.0,4.5
35,-60.5,4.5
36,-60.0,4.5
37,-59.5,4.5
38,-59.0,4.5
39,-52.5,4.5
40,-52.0,4.5
41,-51.5,4.5
42,-51.0,4.5
43,-50.5,4.5
44,-65.5,4.0
45,-65.0,4.0
46,-64.5,4.0
47,-64.0,4.0
48,-63.5,4.0
49,-63.0,4.0
50,-62.5,4.0
51,-62.0,4.0
52,-61.5,4.0
53,-61.0,4.0
54,-60.5,4.0
55,-60.0,4.0
56,-59.5,4.0
57,-59.0,4.0
58,-52.5,4.0
59,-52.0,4.0
60,-51.5,4.0
61,-51.0,4.0
62,-50.5,4.0
63,-65.5,3.5
64,-65.0,3.5
65,-64.5,3.5
66,-64.0,3.5
67,-63.5,3.5
68,-63.0,3.5
69,-62.5,3.5
70,-62.0,3.5
71,-61.5,3.5
72,-61.0,3.5
73,-60.5,3.5
74,-60.0,3.5
75,-59.5,3.5
76,-59.0,3.5
77,-56.0,3.5
78,-55.5,3.5
79,-55.0,3.5
80,-54.5,3.5
81,-53.0,3.5
82,-52.5,3.5
83,-52.0,3.5
84,-51.5,3.5
85,-51.0,3.5
86,-50.5,3.5
87,-68.0,3.0
88,-67.5,3.0
89,-67.0,3.0
90,-65.0,3.0
91,-64.5,3.0
92,-64.0,3.0
93,-63.5,3.0
94,-63.0,3.0
95,-62.5,3.0
96,-62.0,3.0
97,-61.5,3.0
98,-61.0,3.0
99,-60.5,3.0
100,-60.0,3.0
101,-59.5,3.0
102,-59.0,3.0
103,-57.0,3.0
104,-56.5,3.0
105,-56.0,3.0
106,-55.5,3.0
107,-55.0,3.0
108,-54.5,3.0
109,-54.0,3.0
110,-53.5,3.0
111,-53.0,3.0
112,-52.5,3.0
113,-52.0,3.0
114,-51.5,3.0
115,-51.0,3.0
116,-50.5,3.0
117,-50.0,3.0
118,-70.0,2.5
119,-69.5,2.5
120,-69.0,2.5
121,-68.5,2.5
122,-68.0,2.5
123,-67.5,2.5
124,-67.0,2.5
125,-66.5,2.5
126,-65.0,2.5
127,-64.5,2.5
128,-64.0,2.5
129,-63.5,2.5
130,-63.0,2.5
131,-62.5,2.5
132,-62.0,2.5
133,-61.5,2.5
134,-61.0,2.5
135,-60.5,2.5
136,-60.0,2.5
137,-59.5,2.5
138,-59.0,2.5
139,-58.5,2.5
140,-58.0,2.5
141,-57.5,2.5
142,-57.0,2.5
143,-56.5,2.5
144,-56.0,2.5
145,-55.5,2.5
146,-55.0,2.5
147,-54.5,2.5
148,-54.0,2.5
149,-53.5,2.5
150,-53.0,2.5
151,-52.5,2.5
152,-52.0,2.5
153,-51.5,2.5
154,-51.0,2.5
155,-50.5,2.5
156,-50.0,2.5
157,-49.5,2.5
158,-70.5,2.0
159,-70.0,2.0
160,-69.5,2.0
161,-69.0,2.0
162,-68.5,2.0
163,-68.0,2.0
164,-67.5,2.0
165,-67.0,2.0
166,-66.5,2.0
167,-65.5,2.0
168,-65.0,2.0
169,-64.5,2.0
170,-64.0,2.0
171,-63.5,2.0
172,-63.0,2.0
173,-62.5,2.0
174,-62.0,2.0
175,-61.5,2.0
176,-61.0,2.0
177,-60.5,2.0
178,-60.0,2.0
179,-59.5,2.0
180,-59.0,2.0
181,-58.5,2.0
182,-58.0,2.0
183,-57.5,2.0
184,-57.0,2.0
185,-56.5,2.0
186,-56.0,2.0
187,-55.5,2.0
188,-55.0,2.0
189,-54.5,2.0
190,-54.0,2.0
191,-53.5,2.0
192,-53.0,2.0
193,-52.5,2.0
194,-52.0,2.0
195,-51.5,2.0
196,-51.0,2.0
197,-50.5,2.0
198,-50.0,2.0
199,-49.5,2.0
200,-49.0,2.0
201,-70.5,1.5
202,-70.0,1.5
203,-69.5,1.5
204,-69.0,1.5
205,-68.5,1.5
206,-68.0,1.5
207,-67.5,1.5
208,-67.0,1.5
209,-66.5,1.5
210,-66.0,1.5
211,-65.5,1.5
212,-65.0,1.5
213,-64.5,1.5
214,-64.0,1.5
215,-63.5,1.5
216,-63.0,1.5
217,-62.5,1.5
218,-62.0,1.5
219,-61.5,1.5
220,-61.0,1.5
221,-60.5,1.5
222,-60.0,1.5
223,-59.5,1.5
224,-59.0,1.5
225,-58.5,1.5
226,-58.0,1.5
227,-57.5,1.5
228,-57.0,1.5
229,-56.5,1.5
230,-56.0,1.5
231,-55.5,1.5
232,-55.0,1.5
233,-54.5,1.5
234,-54.0,1.5
235,-53.5,1.5
236,-53.0,1.5
237,-52.5,1.5
238,-52.0,1.5
239,-51.5,1.5
240,-51.0,1.5
241,-50.5,1.5
242,-50.0,1.5
243,-49.5,1.5
244,-49.0,1.5
245,-70.5,1.0
246,-70.0,1.0
247,-69.5,1.0
248,-69.0,1.0
249,-68.5,1.0
250,-68.0,1.0
251,-67.5,1.0
252,-67.0,1.0
253,-66.5,1.0
254,-66.0,1.0
255,-65.5,1.0
256,-65.0,1.0
257,-64.5,1.0
258,-64.0,1.0
259,-63.5,1.0
260,-63.0,1.0
261,-62.5,1.0
262,-62.0,1.0
263,-61.5,1.0
264,-61.0,1.0
265,-60.5,1.0
266,-60.0,1.0
267,-59.5,1.0
268,-59.0,1.0
269,-58.5,1.0
270,-58.0,1.0
271,-57.5,1.0
272,-57.0,1.0
273,-56.5,1.0
274,-56.0,1.0
275,-55.5,1.0
276,-55.0,1.0
277,-54.5,1.0
278,-54.0,1.0
279,-53.5,1.0
280,-53.0,1.0
281,-52.5,1.0
282,-52.0,1.0
283,-51.5,1.0
284,-51.0,1.0
285,-50.5,1.0
286,-50.0,1.0
287,-49.5,1.0
288,-49.0,1.0
289,-71.0,0.5
290,-70.5,0.5
291,-70.0,0.5
292,-69.5,0.5
293,-69.0,0.5
294,-68.5,0.5
295,-68.0,0.5
296,-67.5,0.5
297,-67.0,0.5
298,-66.5,0.5
299,-66.0,0.5
300,-65.5,0.5
301,-65.0,0.5
302,-64.5,0.5
303,-64.0,0.5
304,-63.5,0.5
305,-63.0,0.5
306,-62.5,0.5
307,-62.0,0.5
308,-61.5,0.5
309,-61.0,0.5
310,-60.5,0.5
311,-60.0,0.5
312,-59.5,0.5
313,-59.0,0.5
314,-58.5,0.5
315,-58.0,0.5
316,-57.5,0.5
317,-57.0,0.5
318,-56.5,0.5
319,-56.0,0.5
320,-55.5,0.5
321,-55.0,0.5
322,-54.5,0.5
323,-54.0,0.5
324,-53.5,0.5
325,-53.0,0.5
326,-52.5,0.5
327,-52.0,0.5
328,-51.5,0.5
329,-51.0,0.5
330,-50.5,0.5
331,-50.0,0.5
332,-49.5,0.5
333,-49.0,0.5
334,-48.5,0.5
335,-48.0,0.5
336,-71.0,0.0
337,-70.5,0.0
338,-70.0,0.0
339,-69.5,0.0
340,-69.0,0.0
341,-68.5,0.0
342,-68.0,0.0
343,-67.5,0.0
344,-67.0,0.0
345,-66.5,0.0
346,-66.0,0.0
347,-65.5,0.0
348,-65.0,0.0
349,-64.5,0.0
350,-64.0,0.0
351,-63.5,0.0
352,-63.0,0.0
353,-62.5,0.0
354,-62.0,0.0
355,-61.5,0.0
356,-61.0,0.0
357,-60.5,0.0
358,-60.0,0.0
359,-59.5,0.0
360,-59.0,0.0
361,-58.5,0.0
362,-58.0,0.0
363,-57.5,0.0
364,-57.0,0.0
365,-56.5,0.0
366,-56.0,0.0
367,-55.5,0.0
368,-55.0,0.0
369,-54.5,0.0
370,-54.0,0.0
371,-53.5,0.0
372,-53.0,0.0
373,-52.5,0.0
374,-52.0,0.0
375,-51.5,0.0
376,-51.0,0.0
377,-50.5,0.0
378,-50.0,0.0
379,-49.5,0.0
380,-49.0,0.0
381,-48.5,0.0
382,-48.0,0.0
383,-47.5,0.0
384,-47.0,0.0
385,-46.5,0.0
386,-46.0,0.0
387,-70.5,-0.5
388,-70.0,-0.5
389,-69.5,-0.5
390,-69.0,-0.5
391,-68.5,-0.5
392,-68.0,-0.5
393,-67.5,-0.5
394,-67.0,-0.5
395,-66.5,-0.5
396,-66.0,-0.5
397,-65.5,-0.5
398,-65.0,-0.5
399,-64.5,-0.5
400,-64.0,-0.5
401,-63.5,-0.5
402,-63.0,-0.5
403,-62.5,-0.5
404,-62.0,-0.5
405,-61.5,-0.5
406,-61.0,-0.5
407,-60.5,-0.5
408,-60.0,-0.5
409,-59.5,-0.5
410,-59.0,-0.5
411,-58.5,-0.5
412,-58.0,-0.5
413,-57.5,-0.5
414,-57.0,-0.5
415,-56.5,-0.5
416,-56.0,-0.5
417,-55.5,-0.5
418,-55.0,-0.5
419,-54.5,-0.5
420,-54.0,-0.5
421,-53.5,-0.5
422,-53.0,-0.5
423,-52.5,-0.5
424,-52.0,-0.5
425,-51.5,-0.5
426,-51.0,-0.5
427,-50.5,-0.5
428,-50.0,-0.5
429,-49.5,-0.5
430,-49.0,-0.5
431,-48.5,-0.5
432,-48.0,-0.5
433,-47.5,-0.5
434,-47.0,-0.5
435,-46.5,-0.5
436,-46.0,-0.5
437,-45.5,-0.5
438,-45.0,-0.5
439,-44.5,-0.5
440,-70.5,-1.0
441,-70.0,-1.0
442,-69.5,-1.0
443,-69.0,-1.0
444,-68.5,-1.0
445,-68.0,-1.0
446,-67.5,-1.0
447,-67.0,-1.0
448,-66.5,-1.0
449,-66.0,-1.0
450,-65.5,-1.0
451,-65.0,-1.0
452,-64.5,-1.0
453,-64.0,-1.0
454,-63.5,-1.0
455,-63.0,-1.0
456,-62.5,-1.0
457,-62.0,-1.0
458,-61.5,-1.0
459,-61.0,-1.0
460,-60.5,-1.0
461,-60.0,-1.0
462,-59.5,-1.0
463,-59.0,-1.0
464,-58.5,-1.0
465,-58.0,-1.0
466,-57.5,-1.0
467,-57.0,-1.0
468,-56.5,-1.0
469,-56.0,-1.0
470,-55.5,-1.0
471,-55.0,-1.0
472,-54.5,-1.0
473,-54.0,-1.0
474,-53.5,-1.0
475,-53.0,-1.0
476,-52.5,-1.0
477,-52.0,-1.0
478,-51.5,-1.0
479,-51.0,-1.0
480,-50.5,-1.0
481,-50.0,-1.0
482,-49.5,-1.0
483,-49.0,-1.0
484,-48.5,-1.0
485,-48.0,-1.0
486,-47.5,-1.0
487,-47.0,-1.0
488,-46.5,-1.0
489,-46.0,-1.0
490,-45.5,-1.0
491,-45.0,-1.0
492,-44.5,-1.0
493,-44.0,-1.0
494,-70.0,-1.5
495,-69.5,-1.5
496,-69.0,-1.5
497,-68.5,-1.5
498,-68.0,-1.5
499,-67.5,-1.5
500,-67.0,-1.5
501,-66.5,-1.5
502,-66.0,-1.5
503,-65.5,-1.5
504,-65.0,-1.5
505,-64.5,-1.5
506,-64.0,-1.5
507,-63.5,-1.5
508,-63.0,-1.5
509,-62.5,-1.5
510,-62.0,-1.5
511,-61.5,-1.5
512,-61.0,-1.5
513,-60.5,-1.5
514,-60.0,-1.5
515,-59.5,-1.5
516,-59.0,-1.5
517,-58.5,-1.5
518,-58.0,-1.5
519,-57.5,-1.5
520,-57.0,-1.5
521,-56.5,-1.5
522,-56.0,-1.5
523,-55.5,-1.5
524,-55.0,-1.5
525,-54.5,-1.5
526,-54.0,-1.5
527,-53.5,-1.5
528,-53.0,-1.5
529,-52.5,-1.5
530,-52.0,-1.5
531,-51.5,-1.5
532,-51.0,-1.5
533,-50.5,-1.5
534,-50.0,-1.5
535,-49.5,-1.5
536,-49.0,-1.5
537,-48.5,-1.5
538,-48.0,-1.5
539,-47.5,-1.5
540,-47.0,-1.5
541,-46.5,-1.5
542,-46.0,-1.5
543,-45.5,-1.5
544,-45.0,-1.5
545,-44.5,-1.5
546,-44.0,-1.5
547,-43.5,-1.5
548,-43.0,-1.5
549,-70.5,-2.0
550,-70.0,-2.0
551,-69.5,-2.0
552,-69.0,-2.0
553,-68.5,-2.0
554,-68.0,-2.0
555,-67.5,-2.0
556,-67.0,-2.0
557,-66.5,-2.0
558,-66.0,-2.0
559,-65.5,-2.0
560,-65.0,-2.0
561,-64.5,-2.0
562,-64.0,-2.0
563,-63.5,-2.0
564,-63.0,-2.0
565,-62.5,-2.0
566,-62.0,-2.0
567,-61.5,-2.0
568,-61.0,-2.0
569,-60.5,-2.0
570,-60.0,-2.0
571,-59.5,-2.0
572,-59.0,-2.0
573,-58.5,-2.0
574,-58.0,-2.0
575,-57.5,-2.0
576,-57.0,-2.0
577,-56.5,-2.0
578,-56.0,-2.0
579,-55.5,-2.0
580,-55.0,-2.0
581,-54.5,-2.0
582,-54.0,-2.0
583,-53.5,-2.0
584,-53.0,-2.0
585,-52.5,-2.0
586,-52.0,-2.0
587,-51.5,-2.0
588,-51.0,-2.0
589,-50.5,-2.0
590,-50.0,-2.0
591,-49.5,-2.0
592,-49.0,-2.0
593,-48.5,-2.0
594,-48.0,-2.0
595,-47.5,-2.0
596,-47.0,-2.0
597,-46.5,-2.0
598,-46.0,-2.0
599,-45.5,-2.0
600,-45.0,-2.0
601,-44.5,-2.0
602,-44.0,-2.0
603,-43.5,-2.0
604,-43.0,-2.0
605,-42.5,-2.0
606,-42.0,-2.0
607,-41.5,-2.0
608,-41.0,-2.0
609,-40.5,-2.0
610,-40.0,-2.0
611,-39.5,-2.0
612,-70.5,-2.5
613,-70.0,-2.5
614,-69.5,-2.5
615,-69.0,-2.5
616,-68.5,-2.5
617,-68.0,-2.5
618,-67.5,-2.5
619,-67.0,-2.5
620,-66.5,-2.5
621,-66.0,-2.5
622,-65.5,-2.5
623,-65.0,-2.5
624,-64.5,-2.5
625,-64.0,-2.5
626,-63.5,-2.5
627,-63.0,-2.5
628,-62.5,-2.5
629,-62.0,-2.5
630,-61.5,-2.5
631,-61.0,-2.5
632,-60.5,-2.5
633,-60.0,-2.5
634,-59.5,-2.5
635,-59.0,-2.5
636,-58.5,-2.5
637,-58.0,-2.5
638,-57.5,-2.5
639,-57.0,-2.5
640,-56.5,-2.5
641,-56.0,-2.5
642,-55.5,-2.5
643,-55.0,-2.5
644,-54.5,-2.5
645,-54.0,-2.5
646,-53.5,-2.5
647,-53.0,-2.5
648,-52.5,-2.5
649,-52.0,-2.5
650,-51.5,-2.5
651,-51.0,-2.5
652,-50.5,-2.5
653,-50.0,-2.5
654,-49.5,-2.5
655,-49.0,-2.5
656,-48.5,-2.5
657,-48.0,-2.5
658,-47.5,-2.5
659,-47.0,-2.5
660,-46.5,-2.5
661,-46.0,-2.5
662,-45.5,-2.5
663,-45.0,-2.5
664,-44.5,-2.5
665,-44.0,-2.5
666,-43.5,-2.5
667,-43.0,-2.5
668,-42.5,-2.5
669,-42.0,-2.5
670,-41.5,-2.5
671,-41.0,-2.5
672,-40.5,-2.5
673,-40.0,-2.5
674,-39.5,-2.5
675,-39.0,-2.5
676,-70.5,-3.0
677,-70.0,-3.0
678,-69.5,-3.0
679,-69.0,-3.0
680,-68.5,-3.0
681,-68.0,-3.0
682,-67.5,-3.0
683,-67.0,-3.0
684,-66.5,-3.0
685,-66.0,-3.0
686,-65.5,-3.0
687,-65.0,-3.0
688,-64.5,-3.0
689,-64.0,-3.0
690,-63.5,-3.0
691,-63.0,-3.0
692,-62.5,-3.0
693,-62.0,-3.0
694,-61.5,-3.0
695,-61.0,-3.0
696,-60.5,-3.0
697,-60.0,-3.0
698,-59.5,-3.0
699,-59.0,-3.0
700,-58.5,-3.0
701,-58.0,-3.0
702,-57.5,-3.0
703,-57.0,-3.0
704,-56.5,-3.0
705,-56.0,-3.0
706,-55.5,-3.0
707,-55.0,-3.0
708,-54.5,-3.0
709,-54.0,-3.0
710,-53.5,-3.0
711,-53.0,-3.0
712,-52.5,-3.0
713,-52.0,-3.0
714,-51.5,-3.0
715,-51.0,-3.0
716,-50.5,-3.0
717,-50.0,-3.0
718,-49.5,-3.0
719,-49.0,-3.0
720,-48.5,-3.0
721,-48.0,-3.0
722,-47.5,-3.0
723,-47.0,-3.0
724,-46.5,-3.0
725,-46.0,-3.0
726,-45.5,-3.0
727,-45.0,-3.0
728,-44.5,-3.0
729,-44.0,-3.0
730,-43.5,-3.0
731,-43.0,-3.0
732,-42.5,-3.0
733,-42.0,-3.0
734,-41.5,-3.0
735,-41.0,-3.0
736,-40.5,-3.0
737,-40.0,-3.0
738,-39.5,-3.0
739,-39.0,-3.0
740,-38.5,-3.0
741,-38.0,-3.0
742,-34.0,-3.0
743,-33.5,-3.0
744,-71.5,-3.5
745,-71.0,-3.5
746,-70.5,-3.5
747,-70.0,-3.5
748,-69.5,-3.5
749,-69.0,-3.5
750,-68.5,-3.5
751,-68.0,-3.5
752,-67.5,-3.5
753,-67.0,-3.5
754,-66.5,-3.5
755,-66.0,-3.5
756,-65.5,-3.5
757,-65.0,-3.5
758,-64.5,-3.5
759,-64.0,-3.5
760,-63.5,-3.5
761,-63.0,-3.5
762,-62.5,-3.5
763,-62.0,-3.5
764,-61.5,-3.5
765,-61.0,-3.5
766,-60.5,-3.5
767,-60.0,-3.5
768,-59.5,-3.5
769,-59.0,-3.5
770,-58.5,-3.5
771,-58.0,-3.5
772,-57.5,-3.5
773,-57.0,-3.5
774,-56.5,-3.5
775,-56.0,-3.5
776,-55.5,-3.5
777,-55.0,-3.5
778,-54.5,-3.5
779,-54.0,-3.5
780,-53.5,-3.5
781,-53.0,-3.5
782,-52.5,-3.5
783,-52.0,-3.5
784,-51.5,-3.5
785,-51.0,-3.5
786,-50.5,-3.5
787,-50.0,-3.5
788,-49.5,-3.5
789,-49.0,-3.5
790,-48.5,-3.5
791,-48.0,-3.5
792,-47.5,-3.5
793,-47.0,-3.5
794,-46.5,-3.5
795,-46.0,-3.5
796,-45.5,-3.5
797,-45.0,-3.5
798,-44.5,-3.5
799,-44.0,-3.5
800,-43.5,-3.5
801,-43.0,-3.5
802,-42.5,-3.5
803,-42.0,-3.5
804,-41.5,-3.5
805,-41.0,-3.5
806,-40.5,-3.5
807,-40.0,-3.5
808,-39.5,-3.5
809,-39.0,-3.5
810,-38.5,-3.5
811,-38.0,-3.5
812,-37.5,-3.5
813,-34.5,-3.5
814,-34.0,-3.5
815,-33.5,-3.5
816,-72.5,-4.0
817,-72.0,-4.0
818,-71.5,-4.0
819,-71.0,-4.0
820,-70.5,-4.0
821,-70.0,-4.0
822,-69.5,-4.0
823,-69.0,-4.0
824,-68.5,-4.0
825,-68.0,-4.0
826,-67.5,-4.0
827,-67.0,-4.0
828,-66.5,-4.0
829,-66.0,-4.0
830,-65.5,-4.0
831,-65.0,-4.0
832,-64.5,-4.0
833,-64.0,-4.0
834,-63.5,-4.0
835,-63.0,-4.0
836,-62.5,-4.0
837,-62.0,-4.0
838,-61.5,-4.0
839,-61.0,-4.0
840,-60.5,-4.0
841,-60.0,-4.0
842,-59.5,-4.0
843,-59.0,-4.0
844,-58.5,-4.0
845,-58.0,-4.0
846,-57.5,-4.0
847,-57.0,-4.0
848,-56.5,-4.0
849,-56.0,-4.0
850,-55.5,-4.0
851,-55.0,-4.0
852,-54.5,-4.0
853,-54.0,-4.0
854,-53.5,-4.0
855,-53.0,-4.0
856,-52.5,-4.0
857,-52.0,-4.0
858,-51.5,-4.0
859,-51.0,-4.0
860,-50.5,-4.0
861,-50.0,-4.0
862,-49.5,-4.0
863,-49.0,-4.0
864,-48.5,-4.0
865,-48.0,-4.0
866,-47.5,-4.0
867,-47.0,-4.0
868,-46.5,-4.0
869,-46.0,-4.0
870,-45.5,-4.0
871,-45.0,-4.0
872,-44.5,-4.0
873,-44.0,-4.0
874,-43.5,-4.0
875,-43.0,-4.0
876,-42.5,-4.0
877,-42.0,-4.0
878,-41.5,-4.0
879,-41.0,-4.0
880,-40.5,-4.0
881,-40.0,-4.0
882,-39.5,-4.0
883,-39.0,-4.0
884,-38.5,-4.0
885,-38.0,-4.0
886,-37.5,-4.0
887,-37.0,-4.0
888,-34.5,-4.0
889,-34.0,-4.0
890,-33.5,-4.0
891,-73.5,-4.5
892,-73.0,-4.5
893,-72.5,-4.5
894,-72.0,-4.5
895,-71.5,-4.5
896,-71.0,-4.5
897,-70.5,-4.5
898,-70.0,-4.5
899,-69.5,-4.5
900,-69.0,-4.5
901,-68.5,-4.5
902,-68.0,-4.5
903,-67.5,-4.5
904,-67.0,-4.5
905,-66.5,-4.5
906,-66.0,-4.5
907,-65.5,-4.5
908,-65.0,-4.5
909,-64.5,-4.5
910,-64.0,-4.5
911,-63.5,-4.5
912,-63.0,-4.5
913,-62.5,-4.5
914,-62.0,-4.5
915,-61.5,-4.5
916,-61.0,-4.5
917,-60.5,-4.5
918,-60.0,-4.5
919,-59.5,-4.5
920,-59.0,-4.5
921,-58.5,-4.5
922,-58.0,-4.5
923,-57.5,-4.5
924,-57.0,-4.5
925,-56.5,-4.5
926,-56.0,-4.5
927,-55.5,-4.5
928,-55.0,-4.5
929,-54.5,-4.5
930,-54.0,-4.5
931,-53.5,-4.5
932,-53.0,-4.5
933,-52.5,-4.5
934,-52.0,-4.5
935,-51.5,-4.5
936,-51.0,-4.5
937,-50.5,-4.5
938,-50.0,-4.5
939,-49.5,-4.5
940,-49.0,-4.5
941,-48.5,-4.5
942,-48.0,-4.5
943,-47.5,-4.5
944,-47.0,-4.5
945,-46.5,-4.5
946,-46.0,-4.5
947,-45.5,-4.5
948,-45.0,-4.5
949,-44.5,-4.5
950,-44.0,-4.5
951,-43.5,-4.5
952,-43.0,-4.5
953,-42.5,-4.5
954,-42.0,-4.5
955,-41.5,-4.5
956,-41.0,-4.5
957,-40.5,-4.5
958,-40.0,-4.5
959,-39.5,-4.5
960,-39.0,-4.5
961,-38.5,-4.5
962,-38.0,-4.5
963,-37.5,-4.5
964,-37.0,-4.5
965,-36.5,-4.5
966,-36.0,-4.5
967,-35.5,-4.5
968,-35.0,-4.5
969,-34.5,-4.5
970,-34.0,-4.5
971,-33.5,-4.5
972,-73.5,-5.0
973,-73.0,-5.0
974,-72.5,-5.0
975,-72.0,-5.0
976,-71.5,-5.0
977,-71.0,-5.0
978,-70.5,-5.0
979,-70.0,-5.0
980,-69.5,-5.0
981,-69.0,-5.0
982,-68.5,-5.0
983,-68.0,-5.0
984,-67.5,-5.0
985,-67.0,-5.0
986,-66.5,-5.0
987,-66.0,-5.0
988,-65.5,-5.0
989,-65.0,-5.0
990,-64.5,-5.0
991,-64.0,-5.0
992,-63.5,-5.0
993,-63.0,-5.0
994,-62.5,-5.0
995,-62.0,-5.0
996,-61.5,-5.0
997,-61.0,-5.0
998,-60.5,-5.0
999,-60.0,-5.0
1000,-59.5,-5.0
1001,-59.0,-5.0
1002,-58.5,-5.0
1003,-58.0,-5.0
1004,-57.5,-5.0
1005,-57.0,-5.0
1006,-56.5,-5.0
1007,-56.0,-5.0
1008,-55.5,-5.0
1009,-55.0,-5.0
1010,-54.5,-5.0
1011,-54.0,-5.0
1012,-53.5,-5.0
1013,-53.0,-5.0
1014,-52.5,-5.0
1015,-52.0,-5.0
1016,-51.5,-5.0
1017,-51.0,-5.0
1018,-50.5,-5.0
1019,-50.0,-5.0
1020,-49.5,-5.0
1021,-49.0,-5.0
1022,-48.5,-5.0
1023,-48.0,-5.0
1024,-47.5,-5.0
1025,-47.0,-5.0
1026,-46.5,-5.0
1027,-46.0,-5.0
1028,-45.5,-5.0
1029,-45.0,-5.0
1030,-44.5,-5.0
1031,-44.0,-5.0
1032,-43.5,-5.0
1033,-43.0,-5.0
1034,-42.5,-5.0
1035,-42.0,-5.0
1036,-41.5,-5.0
1037,-41.0,-5.0
1038,-40.5,-5.0
1039,-40.0,-5.0
1040,-39.5,-5.0
1041,-39.0,-5.0
1042,-38.5,-5.0
1043,-38.0,-5.0
1044,-37.5,-5.0
1045,-37.0,-5.0
1046,-36.5,-5.0
1047,-36.0,-5.0
1048,-35.5,-5.0
1049,-35.0,-5.0
1050,-34.5,-5.0
1051,-74.0,-5.5
1052,-73.5,-5.5
1053,-73.0,-5.5
1054,-72.5,-5.5
1055,-72.0,-5.5
1056,-71.5,-5.5
1057,-71.0,-5.5
1058,-70.5,-5.5
1059,-70.0,-5.5
1060,-69.5,-5.5
1061,-69.0,-5.5
1062,-68.5,-5.5
1063,-68.0,-5.5
1064,-67.5,-5.5
1065,-67.0,-5.5
1066,-66.5,-5.5
1067,-66.0,-5.5
1068,-65.5,-5.5
1069,-65.0,-5.5
1070,-64.5,-5.5
1071,-64.0,-5.5
1072,-63.5,-5.5
1073,-63.0,-5.5
1074,-62.5,-5.5
1075,-62.0,-5.5
1076,-61.5,-5.5
1077,-61.0,-5.5
1078,-60.5,-5.5
1079,-60.0,-5.5
1080,-59.5,-5.5
1081,-59.0,-5.5
1082,-58.5,-5.5
1083,-58.0,-5.5
1084,-57.5,-5.5
1085,-57.0,-5.5
1086,-56.5,-5.5
1087,-56.0,-5.5
1088,-55.5,-5.5
1089,-55.0,-5.5
1090,-54.5,-5.5
1091,-54.0,-5.5
1092,-53.5,-5.5
1093,-53.0,-5.5
1094,-52.5,-5.5
1095,-52.0,-5.5
1096,-51.5,-5.5
1097,-51.0,-5.5
1098,-50.5,-5.5
1099,-50.0,-5.5
1100,-49.5,-5.5
1101,-49.0,-5.5
1102,-48.5,-5.5
1103,-48.0,-5.5
1104,-47.5,-5.5
1105,-47.0,-5.5
1106,-46.5,-5.5
1107,-46.0,-5.5
1108,-45.5,-5.5
1109,-45.0,-5.5
1110,-44.5,-5.5
1111,-44.0,-5.5
1112,-43.5,-5.5
1113,-43.0,-5.5
1114,-42.5,-5.5
1115,-42.0,-5.5
1116,-41.5,-5.5
1117,-41.0,-5.5
1118,-40.5,-5.5
1119,-40.0,-5.5
1120,-39.5,-5.5
1121,-39.0,-5.5
1122,-38.5,-5.5
1123,-38.0,-5.5
1124,-37.5,-5.5
1125,-37.0,-5.5
1126,-36.5,-5.5
1127,-36.0,-5.5
1128,-35.5,-5.5
1129,-35.0,-5.5
1130,-34.5,-5.5
1131,-74.0,-6.0
1132,-73.5,-6.0
1133,-73.0,-6.0
1134,-72.5,-6.0
1135,-72.0,-6.0
1136,-71.5,-6.0
1137,-71.0,-6.0
1138,-70.5,-6.0
1139,-70.0,-6.0
1140,-69.5,-6.0
1141,-69.0,-6.0
1142,-68.5,-6.0
1143,-68.0,-6.0
1144,-67.5,-6.0
1145,-67.0,-6.0
1146,-66.5,-6.0
1147,-66.0,-6.0
1148,-65.5,-6.0
1149,-65.0,-6.0
1150,-64.5,-6.0
1151,-64.0,-6.0
1152,-63.5,-6.0
1153,-63.0,-6.0
1154,-62.5,-6.0
1155,-62.0,-6.0
1156,-61.5,-6.0
1157,-61.0,-6.0
1158,-60.5,-6.0
1159,-60.0,-6.0
1160,-59.5,-6.0
1161,-59.0,-6.0
1162,-58.5,-6.0
1163,-58.0,-6.0
1164,-57.5,-6.0
1165,-57.0,-6.0
1166,-56.5,-6.0
1167,-56.0,-6.0
1168,-55.5,-6.0
1169,-55.0,-6.0
1170,-54.5,-6.0
1171,-54.0,-6.0
1172,-53.5,-6.0
1173,-53.0,-6.0
1174,-52.5,-6.0
1175,-52.0,-6.0
1176,-51.5,-6.0
1177,-51.0,-6.0
1178,-50.5,-6.0
1179,-50.0,-6.0
1180,-49.5,-6.0
1181,-49.0,-6.0
1182,-48.5,-6.0
1183,-48.0,-6.0
1184,-47.5,-6.0
1185,-47.0,-6.0
1186,-46.5,-6.0
1187,-46.0,-6.0
1188,-45.5,-6.0
1189,-45.0,-6.0
1190,-44.5,-6.0
1191,-44.0,-6.0
1192,-43.5,-6.0
1193,-43.0,-6.0
1194,-42.5,-6.0
1195,-42.0,-6.0
1196,-41.5,-6.0
1197,-41.0,-6.0
1198,-40.5,-6.0
1199,-40.0,-6.0
1200,-39.5,-6.0
1201,-39.0,-6.0
1202,-38.5,-6.0
1203,-38.0,-6.0
1204,-37.5,-6.0
1205,-37.0,-6.0
1206,-36.5,-6.0
1207,-36.0,-6.0
1208,-35.5,-6.0
1209,-35.0,-6.0
1210,-34.5,-6.0
1211,-74.5,-6.5
1212,-74.0,-6.5
1213,-73.5,-6.5
1214,-73.0,-6.5
1215,-72.5,-6.5
1216,-72.0,-6.5
1217,-71.5,-6.5
1218,-71.0,-6.5
1219,-70.5,-6.5
1220,-70.0,-6.5
1221,-69.5,-6.5
1222,-69.0,-6.5
1223,-68.5,-6.5
1224,-68.0,-6.5
1225,-67.5,-6.5
1226,-67.0,-6.5
1227,-66.5,-6.5
1228,-66.0,-6.5
1229,-65.5,-6.5
1230,-65.0,-6.5
1231,-64.5,-6.5
1232,-64.0,-6.5
1233,-63.5,-6.5
1234,-63.0,-6.5
1235,-62.5,-6.5
1236,-62.0,-6.5
1237,-61.5,-6.5
1238,-61.0,-6.5
1239,-60.5,-6.5
1240,-60.0,-6.5
1241,-59.5,-6.5
1242,-59.0,-6.5
1243,-58.5,-6.5
1244,-58.0,-6.5
1245,-57.5,-6.5
1246,-57.0,-6.5
1247,-56.5,-6.5
1248,-56.0,-6.5
1249,-55.5,-6.5
1250,-55.0,-6.5
1251,-54.5,-6.5
1252,-54.0,-6.5
1253,-53.5,-6.5
1254,-53.0,-6.5
1255,-52.5,-6.5
1256,-52.0,-6.5
1257,-51.5,-6.5
1258,-51.0,-6.5
1259,-50.5,-6.5
1260,-50.0,-6.5
1261,-49.5,-6.5
1262,-49.0,-6.5
1263,-48.5,-6.5
1264,-48.0,-6.5
1265,-47.5,-6.5
1266,-47.0,-6.5
1267,-46.5,-6.5
1268,-46.0,-6.5
1269,-45.5,-6.5
1270,-45.0,-6.5
1271,-44.5,-6.5
1272,-44.0,-6.5
1273,-43.5,-6.5
1274,-43.0,-6.5
1275,-42.5,-6.5
1276,-42.0,-6.5
1277,-41.5,-6.5
1278,-41.0,-6.5
1279,-40.5,-6.5
1280,-40.0,-6.5
1281,-39.5,-6.5
1282,-39.0,-6.5
1283,-38.5,-6.5
1284,-38.0,-6.5
1285,-37.5,-6.5
1286,-37.0,-6.5
1287,-36.5,-6.5
1288,-36.0,-6.5
1289,-35.5,-6.5
1290,-35.0,-6.5
1291,-34.5,-6.5
1292,-34.0,-6.5
1293,-74.5,-7.0
1294,-74.0,-7.0
1295,-73.5,-7.0
1296,-73.0,-7.0
1297,-72.5,-7.0
1298,-72.0,-7.0
1299,-71.5,-7.0
1300,-71.0,-7.0
1301,-70.5,-7.0
1302,-70.0,-7.0
1303,-69.5,-7.0
1304,-69.0,-7.0
1305,-68.5,-7.0
1306,-68.0,-7.0
1307,-67.5,-7.0
1308,-67.0,-7.0
1309,-66.5,-7.0
1310,-66.0,-7.0
1311,-65.5,-7.0
1312,-65.0,-7.0
1313,-64.5,-7.0
1314,-64.0,-7.0
1315,-63.5,-7.0
1316,-63.0,-7.0
1317,-62.5,-7.0
1318,-62.0,-7.0
1319,-61.5,-7.0
1320,-61.0,-7.0
1321,-60.5,-7.0
1322,-60.0,-7.0
1323,-59.5,-7.0
1324,-59.0,-7.0
1325,-58.5,-7.0
1326,-58.0,-7.0
1327,-57.5,-7.0
1328,-57.0,-7.0
1329,-56.5,-7.0
1330,-56.0,-7.0
1331,-55.5,-7.0
1332,-55.0,-7.0
1333,-54.5,-7.0
1334,-54.0,-7.0
1335,-53.5,-7.0
1336,-53.0,-7.0
1337,-52.5,-7.0
1338,-52.0,-7.0
1339,-51.5,-7.0
1340,-51.0,-7.0
1341,-50.5,-7.0
1342,-50.0,-7.0
1343,-49.5,-7.0
1344,-49.0,-7.0
1345,-48.5,-7.0
1346,-48.0,-7.0
1347,-47.5,-7.0
1348,-47.0,-7.0
1349,-46.5,-7.0
1350,-46.0,-7.0
1351,-45.5,-7.0
1352,-45.0,-7.0
1353,-44.5,-7.0
1354,-44.0,-7.0
1355,-43.5,-7.0
1356,-43.0,-7.0
1357,-42.5,-7.0
1358,-42.0,-7.0
1359,-41.5,-7.0
1360,-41.0,-7.0
1361,-40.5,-7.0
1362,-40.0,-7.0
1363,-39.5,-7.0
1364,-39.0,-7.0
1365,-38.5,-7.0
1366,-38.0,-7.0
1367,-37.5,-7.0
1368,-37.0,-7.0
1369,-36.5,-7.0
1370,-36.0,-7.0
1371,-35.5,-7.0
1372,-35.0,-7.0
1373,-34.5,-7.0
1374,-34.0,-7.0
1375,-74.5,-7.5
1376,-74.0,-7.5
1377,-73.5,-7.5
1378,-73.0,-7.5
1379,-72.5,-7.5
1380,-72.0,-7.5
1381,-71.5,-7.5
1382,-71.0,-7.5
1383,-70.5,-7.5
1384,-70.0,-7.5
1385,-69.5,-7.5
1386,-69.0,-7.5
1387,-68.5,-7.5
1388,-68.0,-7.5
1389,-67.5,-7.5
1390,-67.0,-7.5
1391,-66.5,-7.5
1392,-66.0,-7.5
1393,-65.5,-7.5
1394,-65.0,-7.5
1395,-64.5,-7.5
1396,-64.0,-7.5
1397,-63.5,-7.5
1398,-63.0,-7.5
1399,-62.5,-7.5
1400,-62.0,-7.5
1401,-61.5,-7.5
1402,-61.0,-7.5
1403,-60.5,-7.5
1404,-60.0,-7.5
1405,-59.5,-7.5
1406,-59.0,-7.5
1407,-58.5,-7.5
1408,-58.0,-7.5
1409,-57.5,-7.5
1410,-57.0,-7.5
1411,-56.5,-7.5
1412,-56.0,-7.5
1413,-55.5,-7.5
1414,-55.0,-7.5
1415,-54.5,-7.5
1416,-54.0,-7.5
1417,-53.5,-7.5
1418,-53.0,-7.5
1419,-52.5,-7.5
1420,-52.0,-7.5
1421,-51.5,-7.5
1422,-51.0,-7.5
1423,-50.5,-7.5
1424,-50.0,-7.5
1425,-49.5,-7.5
1426,-49.0,-7.5
1427,-48.5,-7.5
1428,-48.0,-7.5
1429,-47.5,-7.5
1430,-47.0,-7.5
1431,-46.5,-7.5
1432,-46.0,-7.5
1433,-45.5,-7.5
1434,-45.0,-7.5
1435,-44.5,-7.5
1436,-44.0,-7.5
1437,-43.5,-7.5
1438,-43.0,-7.5
1439,-42.5,-7.5
1440,-42.0,-7.5
1441,-41.5,-7.5
1442,-41.0,-7.5
1443,-40.5,-7.5
1444,-40.0,-7.5
1445,-39.5,-7.5
1446,-39.0,-7.5
1447,-38.5,-7.5
1448,-38.0,-7.5
1449,-37.5,-7.5
1450,-37.0,-7.5
1451,-36.5,-7.5
1452,-36.0,-7.5
1453,-35.5,-7.5
1454,-35.0,-7.5
1455,-34.5,-7.5
1456,-34.0,-7.5
1457,-74.5,-8.0
1458,-74.0,-8.0
1459,-73.5,-8.0
1460,-73.0,-8.0
1461,-72.5,-8.0
1462,-72.0,-8.0
1463,-71.5,-8.0
1464,-71.0,-8.0
1465,-70.5,-8.0
1466,-70.0,-8.0
1467,-69.5,-8.0
1468,-69.0,-8.0
1469,-68.5,-8.0
1470,-68.0,-8.0
1471,-67.5,-8.0
1472,-67.0,-8.0
1473,-66.5,-8.0
1474,-66.0,-8.0
1475,-65.5,-8.0
1476,-65.0,-8.0
1477,-64.5,-8.0
1478,-64.0,-8.0
1479,-63.5,-8.0
1480,-63.0,-8.0
1481,-62.5,-8.0
1482,-62.0,-8.0
1483,-61.5,-8.0
1484,-61.0,-8.0
1485,-60.5,-8.0
1486,-60.0,-8.0
1487,-59.5,-8.0
1488,-59.0,-8.0
1489,-58.5,-8.0
1490,-58.0,-8.0
1491,-57.5,-8.0
1492,-57.0,-8.0
1493,-56.5,-8.0
1494,-56.0,-8.0
1495,-55.5,-8.0
1496,-55.0,-8.0
1497,-54.5,-8.0
1498,-54.0,-8.0
1499,-53.5,-8.0
1500,-53.0,-8.0
1501,-52.5,-8.0
1502,-52.0,-8.0
1503,-51.5,-8.0
1504,-51.0,-8.0
1505,-50.5,-8.0
1506,-50.0,-8.0
1507,-49.5,-8.0
1508,-49.0,-8.0
1509,-48.5,-8.0
1510,-48.0,-8.0
1511,-47.5,-8.0
1512,-47.0,-8.0
1513,-46.5,-8.0
1514,-46.0,-8.0
1515,-45.5,-8.0
1516,-45.0,-8.0
1517,-44.5,-8.0
1518,-44.0,-8.0
1519,-43.5,-8.0
1520,-43.0,-8.0
1521,-42.5,-8.0
1522,-42.0,-8.0
1523,-41.5,-8.0
1524,-41.0,-8.0
1525,-40.5,-8.0
1526,-40.0,-8.0
1527,-39.5,-8.0
1528,-39.0,-8.0
1529,-38.5,-8.0
1530,-38.0,-8.0
1531,-37.5,-8.0
1532,-37.0,-8.0
1533,-36.5,-8.0
1534,-36.0,-8.0
1535,-35.5,-8.0
1536,-35.0,-8.0
1537,-34.5,-8.0
1538,-34.0,-8.0
1539,-74.5,-8.5
1540,-74.0,-8.5
1541,-73.5,-8.5
1542,-73.0,-8.5
1543,-72.5,-8.5
1544,-72.0,-8.5
1545,-71.5,-8.5
1546,-71.0,-8.5
1547,-70.5,-8.5
1548,-70.0,-8.5
1549,-69.5,-8.5
1550,-69.0,-8.5
1551,-68.5,-8.5
1552,-68.0,-8.5
1553,-67.5,-8.5
1554,-67.0,-8.5
1555,-66.5,-8.5
1556,-66.0,-8.5
1557,-65.5,-8.5
1558,-65.0,-8.5
1559,-64.5,-8.5
1560,-64.0,-8.5
1561,-63.5,-8.5
1562,-63.0,-8.5
1563,-62.5,-8.5
1564,-62.0,-8.5
1565,-61.5,-8.5
1566,-61.0,-8.5
1567,-60.5,-8.5
1568,-60.0,-8.5
1569,-59.5,-8.5
1570,-59.0,-8.5
1571,-58.5,-8.5
1572,-58.0,-8.5
1573,-57.5,-8.5
1574,-57.0,-8.5
1575,-56.5,-8.5
1576,-56.0,-8.5
1577,-55.5,-8.5
1578,-55.0,-8.5
1579,-54.5,-8.5
1580,-54.0,-8.5
1581,-53.5,-8.5
1582,-53.0,-8.5
1583,-52.5,-8.5
1584,-52.0,-8.5
1585,-51.5,-8.5
1586,-51.0,-8.5
1587,-50.5,-8.5
1588,-50.0,-8.5
1589,-49.5,-8.5
1590,-49.0,-8.5
1591,-48.5,-8.5
1592,-48.0,-8.5
1593,-47.5,-8.5
1594,-47.0,-8.5
1595,-46.5,-8.5
1596,-46.0,-8.5
1597,-45.5,-8.5
1598,-45.0,-8.5
1599,-44.5,-8.5
1600,-44.0,-8.5
1601,-43.5,-8.5
1602,-43.0,-8.5
1603,-42.5,-8.5
1604,-42.0,-8.5
1605,-41.5,-8.5
1606,-41.0,-8.5
1607,-40.5,-8.5
1608,-40.0,-8.5
1609,-39.5,-8.5
1610,-39.0,-8.5
1611,-38.5,-8.5
1612,-38.0,-8.5
1613,-37.5,-8.5
1614,-37.0,-8.5
1615,-36.5,-8.5
1616,-36.0,-8.5
1617,-35.5,-8.5
1618,-35.0,-8.5
1619,-34.5,-8.5
1620,-34.0,-8.5
1621,-74.0,-9.0
1622,-73.5,-9.0
1623,-73.0,-9.0
1624,-72.5,-9.0
1625,-72.0,-9.0
1626,-71.5,-9.0
1627,-71.0,-9.0
1628,-70.5,-9.0
1629,-70.0,-9.0
1630,-69.5,-9.0
1631,-69.0,-9.0
1632,-68.5,-9.0
1633,-68.0,-9.0
1634,-67.5,-9.0
1635,-67.0,-9.0
1636,-66.5,-9.0
1637,-66.0,-9.0
1638,-65.5,-9.0
1639,-65.0,-9.0
1640,-64.5,-9.0
1641,-64.0,-9.0
1642,-63.5,-9.0
1643,-63.0,-9.0
1644,-62.5,-9.0
1645,-62.0,-9.0
1646,-61.5,-9.0
1647,-61.0,-9.0
1648,-60.5,-9.0
1649,-60.0,-9.0
1650,-59.5,-9.0
1651,-59.0,-9.0
1652,-58.5,-9.0
1653,-58.0,-9.0
1654,-57.5,-9.0
1655,-57.0,-9.0
1656,-56.5,-9.0
1657,-56.0,-9.0
1658,-55.5,-9.0
1659,-55.0,-9.0
1660,-54.5,-9.0
1661,-54.0,-9.0
1662,-53.5,-9.0
1663,-53.0,-9.0
1664,-52.5,-9.0
1665,-52.0,-9.0
1666,-51.5,-9.0
1667,-51.0,-9.0
1668,-50.5,-9.0
1669,-50.0,-9.0
1670,-49.5,-9.0
1671,-49.0,-9.0
1672,-48.5,-9.0
1673,-48.0,-9.0
1674,-47.5,-9.0
1675,-47.0,-9.0
1676,-46.5,-9.0
1677,-46.0,-9.0
1678,-45.5,-9.0
1679,-45.0,-9.0
1680,-44.5,-9.0
1681,-44.0,-9.0
1682,-43.5,-9.0
1683,-43.0,-9.0
1684,-42.5,-9.0
1685,-42.0,-9.0
1686,-41.5,-9.0
1687,-41.0,-9.0
1688,-40.5,-9.0
1689,-40.0,-9.0
1690,-39.5,-9.0
1691,-39.0,-9.0
1692,-38.5,-9.0
1693,-38.0,-9.0
1694,-37.5,-9.0
1695,-37.0,-9.0
1696,-36.5,-9.0
1697,-36.0,-9.0
1698,-35.5,-9.0
1699,-35.0,-9.0
1700,-34.5,-9.0
1701,-74.0,-9.5
1702,-73.5,-9.5
1703,-73.0,-9.5
1704,-72.5,-9.5
1705,-72.0,-9.5
1706,-71.5,-9.5
1707,-71.0,-9.5
1708,-70.5,-9.5
1709,-70.0,-9.5
1710,-69.5,-9.5
1711,-69.0,-9.5
1712,-68.5,-9.5
1713,-68.0,-9.5
1714,-67.5,-9.5
1715,-67.0,-9.5
1716,-66.5,-9.5
1717,-66.0,-9.5
1718,-65.5,-9.5
1719,-65.0,-9.5
1720,-64.5,-9.5
1721,-64.0,-9.5
1722,-63.5,-9.5
1723,-63.0,-9.5
1724,-62.5,-9.5
1725,-62.0,-9.5
1726,-61.5,-9.5
1727,-61.0,-9.5
1728,-60.5,-9.5
1729,-60.0,-9.5
1730,-59.5,-9.5
1731,-59.0,-9.5
1732,-58.5,-9.5
1733,-58.0,-9.5
1734,-57.5,-9.5
1735,-57.0,-9.5
1736,-56.5,-9.5
1737,-56.0,-9.5
1738,-55.5,-9.5
1739,-55.0,-9.5
1740,-54.5,-9.5
1741,-54.0,-9.5
1742,-53.5,-9.5
1743,-53.0,-9.5
1744,-52.5,-9.5
1745,-52.0,-9.5
1746,-51.5,-9.5
1747,-51.0,-9.5
1748,-50.5,-9.5
1749,-50.0,-9.5
1750,-49.5,-9.5
1751,-49.0,-9.5
1752,-48.5,-9.5
1753,-48.0,-9.5
1754,-47.5,-9.5
1755,-47.0,-9.5
1756,-46.5,-9.5
1757,-46.0,-9.5
1758,-45.5,-9.5
1759,-45.0,-9.5
1760,-44.5,-9.5
1761,-44.0,-9.5
1762,-43.5,-9.5
1763,-43.0,-9.5
1764,-42.5,-9.5
1765,-42.0,-9.5
1766,-41.5,-9.5
1767,-41.0,-9.5
1768,-40.5,-9.5
1769,-40.0,-9.5
1770,-39.5,-9.5
1771,-39.0,-9.5
1772,-38.5,-9.5
1773,-38.0,-9.5
1774,-37.5,-9.5
1775,-37.0,-9.5
1776,-36.5,-9.5
1777,-36.0,-9.5
1778,-35.5,-9.5
1779,-35.0,-9.5
1780,-34.5,-9.5
1781,-74.0,-10.0
1782,-73.5,-10.0
1783,-73.0,-10.0
1784,-72.5,-10.0
1785,-72.0,-10.0
1786,-71.5,-10.0
1787,-71.0,-10.0
1788,-70.5,-10.0
1789,-70.0,-10.0
1790,-69.5,-10.0
1791,-69.0,-10.0
1792,-68.5,-10.0
1793,-68.0,-10.0
1794,-67.5,-10.0
1795,-67.0,-10.0
1796,-66.5,-10.0
1797,-66.0,-10.0
1798,-65.5,-10.0
1799,-65.0,-10.0
1800,-64.5,-10.0
1801,-64.0,-10.0
1802,-63.5,-10.0
1803,-63.0,-10.0
1804,-62.5,-10.0
1805,-62.0,-10.0
1806,-61.5,-10.0
1807,-61.0,-10.0
1808,-60.5,-10.0
1809,-60.0,-10.0
1810,-59.5,-10.0
1811,-59.0,-10.0
1812,-58.5,-10.0
1813,-58.0,-10.0
1814,-57.5,-10.0
1815,-57.0,-10.0
1816,-56.5,-10.0
1817,-56.0,-10.0
1818,-55.5,-10.0
1819,-55.0,-10.0
1820,-54.5,-10.0
1821,-54.0,-10.0
1822,-53.5,-10.0
1823,-53.0,-10.0
1824,-52.5,-10.0
1825,-52.0,-10.0
1826,-51.5,-10.0
1827,-51.0,-10.0
1828,-50.5,-10.0
1829,-50.0,-10.0
1830,-49.5,-10.0
1831,-49.0,-10.0
1832,-48.5,-10.0
1833,-48.0,-10.0
1834,-47.5,-10.0
1835,-47.0,-10.0
1836,-46.5,-10.0
1837,-46.0,-10.0
1838,-45.5,-10.0
1839,-45.0,-10.0
1840,-44.5,-10.0
1841,-44.0,-10.0
1842,-43.5,-10.0
1843,-43.0,-10.0
1844,-42.5,-10.0
1845,-42.0,-10.0
1846,-41.5,-10.0
1847,-41.0,-10.0
1848,-40.5,-10.0
1849,-40.0,-10.0
1850,-39.5,-10.0
1851,-39.0,-10.0
1852,-38.5,-10.0
1853,-38.0,-10.0
1854,-37.5,-10.0
1855,-37.0,-10.0
1856,-36.5,-10.0
1857,-36.0,-10.0
1858,-35.5,-10.0
1859,-35.0,-10.0
1860,-73.0,-10.5
1861,-72.5,-10.5
1862,-72.0,-10.5
1863,-71.5,-10.5
1864,-71.0,-10.5
1865,-70.5,-10.5
1866,-70.0,-10.5
1867,-69.5,-10.5
1868,-69.0,-10.5
1869,-68.5,-10.5
1870,-68.0,-10.5
1871,-67.5,-10.5
1872,-67.0,-10.5
1873,-66.5,-10.5
1874,-66.0,-10.5
1875,-65.5,-10.5
1876,-65.0,-10.5
1877,-64.5,-10.5
1878,-64.0,-10.5
1879,-63.5,-10.5
1880,-63.0,-10.5
1881,-62.5,-10.5
1882,-62.0,-10.5
1883,-61.5,-10.5
1884,-61.0,-10.5
1885,-60.5,-10.5
1886,-60.0,-10.5
1887,-59.5,-10.5
1888,-59.0,-10.5
1889,-58.5,-10.5
1890,-58.0,-10.5
1891,-57.5,-10.5
1892,-57.0,-10.5
1893,-56.5,-10.5
1894,-56.0,-10.5
1895,-55.5,-10.5
1896,-55.0,-10.5
1897,-54.5,-10.5
1898,-54.0,-10.5
1899,-53.5,-10.5
1900,-53.0,-10.5
1901,-52.5,-10.5
1902,-52.0,-10.5
1903,-51.5,-10.5
1904,-51.0,-10.5
1905,-50.5,-10.5
1906,-50.0,-10.5
1907,-49.5,-10.5
1908,-49.0,-10.5
1909,-48.5,-10.5
1910,-48.0,-10.5
1911,-47.5,-10.5
1912,-47.0,-10.5
1913,-46.5,-10.5
1914,-46.0,-10.5
1915,-45.5,-10.5
1916,-45.0,-10.5
1917,-44.5,-10.5
1918,-44.0,-10.5
1919,-43.5,-10.5
1920,-43.0,-10.5
1921,-42.5,-10.5
1922,-42.0,-10.5
1923,-41.5,-10.5
1924,-41.0,-10.5
1925,-40.5,-10.5
1926,-40.0,-10.5
1927,-39.5,-10.5
1928,-39.0,-10.5
1929,-38.5,-10.5
1930,-38.0,-10.5
1931,-37.5,-10.5
1932,-37.0,-10.5
1933,-36.5,-10.5
1934,-36.0,-10.5
1935,-35.5,-10.5
1936,-71.5,-11.0
1937,-71.0,-11.0
1938,-70.5,-11.0
1939,-70.0,-11.0
1940,-69.5,-11.0
1941,-69.0,-11.0
1942,-68.5,-11.0
1943,-68.0,-11.0
1944,-67.5,-11.0
1945,-67.0,-11.0
1946,-66.5,-11.0
1947,-66.0,-11.0
1948,-65.5,-11.0
1949,-65.0,-11.0
1950,-64.5,-11.0
1951,-64.0,-11.0
1952,-63.5,-11.0
1953,-63.0,-11.0
1954,-62.5,-11.0
1955,-62.0,-11.0
1956,-61.5,-11.0
1957,-61.0,-11.0
1958,-60.5,-11.0
1959,-60.0,-11.0
1960,-59.5,-11.0
1961,-59.0,-11.0
1962,-58.5,-11.0
1963,-58.0,-11.0
1964,-57.5,-11.0
1965,-57.0,-11.0
1966,-56.5,-11.0
1967,-56.0,-11.0
1968,-55.5,-11.0
1969,-55.0,-11.0
1970,-54.5,-11.0
1971,-54.0,-11.0
1972,-53.5,-11.0
1973,-53.0,-11.0
1974,-52.5,-11.0
1975,-52.0,-11.0
1976,-51.5,-11.0
1977,-51.0,-11.0
1978,-50.5,-11.0
1979,-50.0,-11.0
1980,-49.5,-11.0
1981,-49.0,-11.0
1982,-48.5,-11.0
1983,-48.0,-11.0
1984,-47.5,-11.0
1985,-47.0,-11.0
1986,-46.5,-11.0
1987,-46.0,-11.0
1988,-45.5,-11.0
1989,-45.0,-11.0
1990,-44.5,-11.0
1991,-44.0,-11.0
1992,-43.5,-11.0
1993,-43.0,-11.0
1994,-42.5,-11.0
1995,-42.0,-11.0
1996,-41.5,-11.0
1997,-41.0,-11.0
1998,-40.5,-11.0
1999,-40.0,-11.0
2000,-39.5,-11.0
2001,-39.0,-11.0
2002,-38.5,-11.0
2003,-38.0,-11.0
2004,-37.5,-11.0
2005,-37.0,-11.0
2006,-36.5,-11.0
2007,-36.0,-11.0
2008,-71.0,-11.5
2009,-70.5,-11.5
2010,-70.0,-11.5
2011,-69.5,-11.5
2012,-69.0,-11.5
2013,-68.5,-11.5
2014,-68.0,-11.5
2015,-67.5,-11.5
2016,-66.0,-11.5
2017,-65.5,-11.5
2018,-65.0,-11.5
2019,-64.5,-11.5
2020,-64.0,-11.5
2021,-63.5,-11.5
2022,-63.0,-11.5
2023,-62.5,-11.5
2024,-62.0,-11.5
2025,-61.5,-11.5
2026,-61.0,-11.5
2027,-60.5,-11.5
2028,-60.0,-11.5
2029,-59.5,-11.5
2030,-59.0,-11.5
2031,-58.5,-11.5
2032,-58.0,-11.5
2033,-57.5,-11.5
2034,-57.0,-11.5
2035,-56.5,-11.5
2036,-56.0,-11.5
2037,-55.5,-11.5
2038,-55.0,-11.5
2039,-54.5,-11.5
2040,-54.0,-11.5
2041,-53.5,-11.5
2042,-53.0,-11.5
2043,-52.5,-11.5
2044,-52.0,-11.5
2045,-51.5,-11.5
2046,-51.0,-11.5
2047,-50.5,-11.5
2048,-50.0,-11.5
2049,-49.5,-11.5
2050,-49.0,-11.5
2051,-48.5,-11.5
2052,-48.0,-11.5
2053,-47.5,-11.5
2054,-47.0,-11.5
2055,-46.5,-11.5
2056,-46.0,-11.5
2057,-45.5,-11.5
2058,-45.0,-11.5
2059,-44.5,-11.5
2060,-44.0,-11.5
2061,-43.5,-11.5
2062,-43.0,-11.5
2063,-42.5,-11.5
2064,-42.0,-11.5
2065,-41.5,-11.5
2066,-41.0,-11.5
2067,-40.5,-11.5
2068,-40.0,-11.5
2069,-39.5,-11.5
2070,-39.0,-11.5
2071,-38.5,-11.5
2072,-38.0,-11.5
2073,-37.5,-11.5
2074,-37.0,-11.5
2075,-36.5,-11.5
2076,-70.5,-12.0
2077,-70.0,-12.0
2078,-69.0,-12.0
2079,-68.5,-12.0
2080,-66.0,-12.0
2081,-65.5,-12.0
2082,-65.0,-12.0
2083,-64.5,-12.0
2084,-64.0,-12.0
2085,-63.5,-12.0
2086,-63.0,-12.0
2087,-62.5,-12.0
2088,-62.0,-12.0
2089,-61.5,-12.0
2090,-61.0,-12.0
2091,-60.5,-12.0
2092,-60.0,-12.0
2093,-59.5,-12.0
2094,-59.0,-12.0
2095,-58.5,-12.0
2096,-58.0,-12.0
2097,-57.5,-12.0
2098,-57.0,-12.0
2099,-56.5,-12.0
2100,-56.0,-12.0
2101,-55.5,-12.0
2102,-55.0,-12.0
2103,-54.5,-12.0
2104,-54.0,-12.0
2105,-53.5,-12.0
2106,-53.0,-12.0
2107,-52.5,-12.0
2108,-52.0,-12.0
2109,-51.5,-12.0
2110,-51.0,-12.0
2111,-50.5,-12.0
2112,-50.0,-12.0
2113,-49.5,-12.0
2114,-49.0,-12.0
2115,-48.5,-12.0
2116,-48.0,-12.0
2117,-47.5,-12.0
2118,-47.0,-12.0
2119,-46.5,-12.0
2120,-46.0,-12.0
2121,-45.5,-12.0
2122,-45.0,-12.0
2123,-44.5,-12.0
2124,-44.0,-12.0
2125,-43.5,-12.0
2126,-43.0,-12.0
2127,-42.5,-12.0
2128,-42.0,-12.0
2129,-41.5,-12.0
2130,-41.0,-12.0
2131,-40.5,-12.0
2132,-40.0,-12.0
2133,-39.5,-12.0
2134,-39.0,-12.0
2135,-38.5,-12.0
2136,-38.0,-12.0
2137,-37.5,-12.0
2138,-37.0,-12.0
2139,-65.5,-12.5
2140,-65.0,-12.5
2141,-64.5,-12.5
2142,-64.0,-12.5
2143,-63.5,-12.5
2144,-63.0,-12.5
2145,-62.5,-12.5
2146,-62.0,-12.5
2147,-61.5,-12.5
2148,-61.0,-12.5
2149,-60.5,-12.5
2150,-60.0,-12.5
2151,-59.5,-12.5
2152,-59.0,-12.5
2153,-58.5,-12.5
2154,-58.0,-12.5
2155,-57.5,-12.5
2156,-57.0,-12.5
2157,-56.5,-12.5
2158,-56.0,-12.5
2159,-55.5,-12.5
2160,-55.0,-12.5
2161,-54.5,-12.5
2162,-54.0,-12.5
2163,-53.5,-12.5
2164,-53.0,-12.5
2165,-52.5,-12.5
2166,-52.0,-12.5
2167,-51.5,-12.5
2168,-51.0,-12.5
2169,-50.5,-12.5
2170,-50.0,-12.5
2171,-49.5,-12.5
2172,-49.0,-12.5
2173,-48.5,-12.5
2174,-48.0,-12.5
2175,-47.5,-12.5
2176,-47.0,-12.5
2177,-46.5,-12.5
2178,-46.0,-12.5
2179,-45.5,-12.5
2180,-45.0,-12.5
2181,-44.5,-12.5
2182,-44.0,-12.5
2183,-43.5,-12.5
2184,-43.0,-12.5
2185,-42.5,-12.5
2186,-42.0,-12.5
2187,-41.5,-12.5
2188,-41.0,-12.5
2189,-40.5,-12.5
2190,-40.0,-12.5
2191,-39.5,-12.5
2192,-39.0,-12.5
2193,-38.5,-12.5
2194,-38.0,-12.5
2195,-37.5,-12.5
2196,-37.0,-12.5
2197,-65.0,-13.0
2198,-64.5,-13.0
2199,-64.0,-13.0
2200,-63.5,-13.0
2201,-63.0,-13.0
2202,-62.5,-13.0
2203,-62.0,-13.0
2204,-61.5,-13.0
2205,-61.0,-13.0
2206,-60.5,-13.0
2207,-60.0,-13.0
2208,-59.5,-13.0
2209,-59.0,-13.0
2210,-58.5,-13.0
2211,-58.0,-13.0
2212,-57.5,-13.0
2213,-57.0,-13.0
2214,-56.5,-13.0
2215,-56.0,-13.0
2216,-55.5,-13.0
2217,-55.0,-13.0
2218,-54.5,-13.0
2219,-54.0,-13.0
2220,-53.5,-13.0
2221,-53.0,-13.0
2222,-52.5,-13.0
2223,-52.0,-13.0
2224,-51.5,-13.0
2225,-51.0,-13.0
2226,-50.5,-13.0
2227,-50.0,-13.0
2228,-49.5,-13.0
2229,-49.0,-13.0
2230,-48.5,-13.0
2231,-48.0,-13.0
2232,-47.5,-13.0
2233,-47.0,-13.0
2234,-46.5,-13.0
2235,-46.0,-13.0
2236,-45.5,-13.0
2237,-45.0,-13.0
2238,-44.5,-13.0
2239,-44.0,-13.0
2240,-43.5,-13.0
2241,-43.0,-13.0
2242,-42.5,-13.0
2243,-42.0,-13.0
2244,-41.5,-13.0
2245,-41.0,-13.0
2246,-40.5,-13.0
2247,-40.0,-13.0
2248,-39.5,-13.0
2249,-39.0,-13.0
2250,-38.5,-13.0
2251,-38.0,-13.0
2252,-37.5,-13.0
2253,-64.0,-13.5
2254,-63.5,-13.5
2255,-63.0,-13.5
2256,-62.5,-13.5
2257,-62.0,-13.5
2258,-61.5,-13.5
2259,-61.0,-13.5
2260,-60.5,-13.5
2261,-60.0,-13.5
2262,-59.5,-13.5
2263,-59.0,-13.5
2264,-58.5,-13.5
2265,-58.0,-13.5
2266,-57.5,-13.5
2267,-57.0,-13.5
2268,-56.5,-13.5
2269,-56.0,-13.5
2270,-55.5,-13.5
2271,-55.0,-13.5
2272,-54.5,-13.5
2273,-54.0,-13.5
2274,-53.5,-13.5
2275,-53.0,-13.5
2276,-52.5,-13.5
2277,-52.0,-13.5
2278,-51.5,-13.5
2279,-51.0,-13.5
2280,-50.5,-13.5
2281,-50.0,-13.5
2282,-49.5,-13.5
2283,-49.0,-13.5
2284,-48.5,-13.5
2285,-48.0,-13.5
2286,-47.5,-13.5
2287,-47.0,-13.5
2288,-46.5,-13.5
2289,-46.0,-13.5
2290,-45.5,-13.5
2291,-45.0,-13.5
2292,-44.5,-13.5
2293,-44.0,-13.5
2294,-43.5,-13.5
2295,-43.0,-13.5
2296,-42.5,-13.5
2297,-42.0,-13.5
2298,-41.5,-13.5
2299,-41.0,-13.5
2300,-40.5,-13.5
2301,-40.0,-13.5
2302,-39.5,-13.5
2303,-39.0,-13.5
2304,-38.5,-13.5
2305,-38.0,-13.5
2306,-37.5,-13.5
2307,-62.5,-14.0
2308,-62.0,-14.0
2309,-61.5,-14.0
2310,-61.0,-14.0
2311,-60.5,-14.0
2312,-60.0,-14.0
2313,-59.5,-14.0
2314,-59.0,-14.0
2315,-58.5,-14.0
2316,-58.0,-14.0
2317,-57.5,-14.0
2318,-57.0,-14.0
2319,-56.5,-14.0
2320,-56.0,-14.0
2321,-55.5,-14.0
2322,-55.0,-14.0
2323,-54.5,-14.0
2324,-54.0,-14.0
2325,-53.5,-14.0
2326,-53.0,-14.0
2327,-52.5,-14.0
2328,-52.0,-14.0
2329,-51.5,-14.0
2330,-51.0,-14.0
2331,-50.5,-14.0
2332,-50.0,-14.0
2333,-49.5,-14.0
2334,-49.0,-14.0
2335,-48.5,-14.0
2336,-48.0,-14.0
2337,-47.5,-14.0
2338,-47.0,-14.0
2339,-46.5,-14.0
2340,-46.0,-14.0
2341,-45.5,-14.0
2342,-45.0,-14.0
2343,-44.5,-14.0
2344,-44.0,-14.0
2345,-43.5,-14.0
2346,-43.0,-14.0
2347,-42.5,-14.0
2348,-42.0,-14.0
2349,-41.5,-14.0
2350,-41.0,-14.0
2351,-40.5,-14.0
2352,-40.0,-14.0
2353,-39.5,-14.0
2354,-39.0,-14.0
2355,-38.5,-14.0
2356,-38.0,-14.0
2357,-62.0,-14.5
2358,-61.5,-14.5
2359,-61.0,-14.5
2360,-60.5,-14.5
2361,-60.0,-14.5
2362,-59.5,-14.5
2363,-59.0,-14.5
2364,-58.5,-14.5
2365,-58.0,-14.5
2366,-57.5,-14.5
2367,-57.0,-14.5
2368,-56.5,-14.5
2369,-56.0,-14.5
2370,-55.5,-14.5
2371,-55.0,-14.5
2372,-54.5,-14.5
2373,-54.0,-14.5
2374,-53.5,-14.5
2375,-53.0,-14.5
2376,-52.5,-14.5
2377,-52.0,-14.5
2378,-51.5,-14.5
2379,-51.0,-14.5
2380,-50.5,-14.5
2381,-50.0,-14.5
2382,-49.5,-14.5
2383,-49.0,-14.5
2384,-48.5,-14.5
2385,-48.0,-14.5
2386,-47.5,-14.5
2387,-47.0,-14.5
2388,-46.5,-14.5
2389,-46.0,-14.5
2390,-45.5,-14.5
2391,-45.0,-14.5
2392,-44.5,-14.5
2393,-44.0,-14.5
2394,-43.5,-14.5
2395,-43.0,-14.5
2396,-42.5,-14.5
2397,-42.0,-14.5
2398,-41.5,-14.5
2399,-41.0,-14.5
2400,-40.5,-14.5
2401,-40.0,-14.5
2402,-39.5,-14.5
2403,-39.0,-14.5
2404,-38.5,-14.5
2405,-61.5,-15.0
2406,-61.0,-15.0
2407,-60.5,-15.0
2408,-60.0,-15.0
2409,-59.5,-15.0
2410,-59.0,-15.0
2411,-58.5,-15.0
2412,-58.0,-15.0
2413,-57.5,-15.0
2414,-57.0,-15.0
2415,-56.5,-15.0
2416,-56.0,-15.0
2417,-55.5,-15.0
2418,-55.0,-15.0
2419,-54.5,-15.0
2420,-54.0,-15.0
2421,-53.5,-15.0
2422,-53.0,-15.0
2423,-52.5,-15.0
2424,-52.0,-15.0
2425,-51.5,-15.0
2426,-51.0,-15.0
2427,-50.5,-15.0
2428,-50.0,-15.0
2429,-49.5,-15.0
2430,-49.0,-15.0
2431,-48.5,-15.0
2432,-48.0,-15.0
2433,-47.5,-15.0
2434,-47.0,-15.0
2435,-46.5,-15.0
2436,-46.0,-15.0
2437,-45.5,-15.0
2438,-45.0,-15.0
2439,-44.5,-15.0
2440,-44.0,-15.0
2441,-43.5,-15.0
2442,-43.0,-15.0
2443,-42.5,-15.0
2444,-42.0,-15.0
2445,-41.5,-15.0
2446,-41.0,-15.0
2447,-40.5,-15.0
2448,-40.0,-15.0
2449,-39.5,-15.0
2450,-39.0,-15.0
2451,-38.5,-15.0
2452,-38.0,-15.0
2453,-61.0,-15.5
2454,-60.5,-15.5
2455,-60.0,-15.5
2456,-59.5,-15.5
2457,-59.0,-15.5
2458,-58.5,-15.5
2459,-58.0,-15.5
2460,-57.5,-15.5
2461,-57.0,-15.5
2462,-56.5,-15.5
2463,-56.0,-15.5
2464,-55.5,-15.5
2465,-55.0,-15.5
2466,-54.5,-15.5
2467,-54.0,-15.5
2468,-53.5,-15.5
2469,-53.0,-15.5
2470,-52.5,-15.5
2471,-52.0,-15.5
2472,-51.5,-15.5
2473,-51.0,-15.5
2474,-50.5,-15.5
2475,-50.0,-15.5
2476,-49.5,-15.5
2477,-49.0,-15.5
2478,-48.5,-15.5
2479,-48.0,-15.5
2480,-47.5,-15.5
2481,-47.0,-15.5
2482,-46.5,-15.5
2483,-46.0,-15.5
2484,-45.5,-15.5
2485,-45.0,-15.5
2486,-44.5,-15.5
2487,-44.0,-15.5
2488,-43.5,-15.5
2489,-43.0,-15.5
2490,-42.5,-15.5
2491,-42.0,-15.5
2492,-41.5,-15.5
2493,-41.0,-15.5
2494,-40.5,-15.5
2495,-40.0,-15.5
2496,-39.5,-15.5
2497,-39.0,-15.5
2498,-38.5,-15.5
2499,-38.0,-15.5
2500,-61.0,-16.0
2501,-60.5,-16.0
2502,-60.0,-16.0
2503,-59.5,-16.0
2504,-59.0,-16.0
2505,-58.5,-16.0
2506,-58.0,-16.0
2507,-57.5,-16.0
2508,-57.0,-16.0
2509,-56.5,-16.0
2510,-56.0,-16.0
2511,-55.5,-16.0
2512,-55.0,-16.0
2513,-54.5,-16.0
2514,-54.0,-16.0
2515,-53.5,-16.0
2516,-53.0,-16.0
2517,-52.5,-16.0
2518,-52.0,-16.0
2519,-51.5,-16.0
2520,-51.0,-16.0
2521,-50.5,-16.0
2522,-50.0,-16.0
2523,-49.5,-16.0
2524,-49.0,-16.0
2525,-48.5,-16.0
2526,-48.0,-16.0
2527,-47.5,-16.0
2528,-47.0,-16.0
2529,-46.5,-16.0
2530,-46.0,-16.0
2531,-45.5,-16.0
2532,-45.0,-16.0
2533,-44.5,-16.0
2534,-44.0,-16.0
2535,-43.5,-16.0
2536,-43.0,-16.0
2537,-42.5,-16.0
2538,-42.0,-16.0
2539,-41.5,-16.0
2540,-41.0,-16.0
2541,-40.5,-16.0
2542,-40.0,-16.0
2543,-39.5,-16.0
2544,-39.0,-16.0
2545,-38.5,-16.0
2546,-38.0,-16.0
2547,-61.0,-16.5
2548,-60.5,-16.5
2549,-60.0,-16.5
2550,-59.5,-16.5
2551,-59.0,-16.5
2552,-58.5,-16.5
2553,-58.0,-16.5
2554,-57.5,-16.5
2555,-57.0,-16.5
2556,-56.5,-16.5
2557,-56.0,-16.5
2558,-55.5,-16.5
2559,-55.0,-16.5
2560,-54.5,-16.5
2561,-54.0,-16.5
2562,-53.5,-16.5
2563,-53.0,-16.5
2564,-52.5,-16.5
2565,-52.0,-16.5
2566,-51.5,-16.5
2567,-51.0,-16.5
2568,-50.5,-16.5
2569,-50.0,-16.5
2570,-49.5,-16.5
2571,-49.0,-16.5
2572,-48.5,-16.5
2573,-48.0,-16.5
2574,-47.5,-16.5
2575,-47.0,-16.5
2576,-46.5,-16.5
2577,-46.0,-16.5
2578,-45.5,-16.5
2579,-45.0,-16.5
2580,-44.5,-16.5
2581,-44.0,-16.5
2582,-43.5,-16.5
2583,-43.0,-16.5
2584,-42.5,-16.5
2585,-42.0,-16.5
2586,-41.5,-16.5
2587,-41.0,-16.5
2588,-40.5,-16.5
2589,-40.0,-16.5
2590,-39.5,-16.5
2591,-39.0,-16.5
2592,-38.5,-16.5
2593,-60.5,-17.0
2594,-60.0,-17.0
2595,-59.5,-17.0
2596,-59.0,-17.0
2597,-58.5,-17.0
2598,-58.0,-17.0
2599,-57.5,-17.0
2600,-57.0,-17.0
2601,-56.5,-17.0
2602,-56.0,-17.0
2603,-55.5,-17.0
2604,-55.0,-17.0
2605,-54.5,-17.0
2606,-54.0,-17.0
2607,-53.5,-17.0
2608,-53.0,-17.0
2609,-52.5,-17.0
2610,-52.0,-17.0
2611,-51.5,-17.0
2612,-51.0,-17.0
2613,-50.5,-17.0
2614,-50.0,-17.0
2615,-49.5,-17.0
2616,-49.0,-17.0
2617,-48.5,-17.0
2618,-48.0,-17.0
2619,-47.5,-17.0
2620,-47.0,-17.0
2621,-46.5,-17.0
2622,-46.0,-17.0
2623,-45.5,-17.0
2624,-45.0,-17.0
2625,-44.5,-17.0
2626,-44.0,-17.0
2627,-43.5,-17.0
2628,-43.0,-17.0
2629,-42.5,-17.0
2630,-42.0,-17.0
2631,-41.5,-17.0
2632,-41.0,-17.0
2633,-40.5,-17.0
2634,-40.0,-17.0
2635,-39.5,-17.0
2636,-39.0,-17.0
2637,-38.5,-17.0
2638,-59.0,-17.5
2639,-58.5,-17.5
2640,-58.0,-17.5
2641,-57.5,-17.5
2642,-57.0,-17.5
2643,-56.5,-17.5
2644,-56.0,-17.5
2645,-55.5,-17.5
2646,-55.0,-17.5
2647,-54.5,-17.5
2648,-54.0,-17.5
2649,-53.5,-17.5
2650,-53.0,-17.5
2651,-52.5,-17.5
2652,-52.0,-17.5
2653,-51.5,-17.5
2654,-51.0,-17.5
2655,-50.5,-17.5
2656,-50.0,-17.5
2657,-49.5,-17.5
2658,-49.0,-17.5
2659,-48.5,-17.5
2660,-48.0,-17.5
2661,-47.5,-17.5
2662,-47.0,-17.5
2663,-46.5,-17.5
2664,-46.0,-17.5
2665,-45.5,-17.5
2666,-45.0,-17.5
2667,-44.5,-17.5
2668,-44.0,-17.5
2669,-43.5,-17.5
2670,-43.0,-17.5
2671,-42.5,-17.5
2672,-42.0,-17.5
2673,-41.5,-17.5
2674,-41.0,-17.5
2675,-40.5,-17.5
2676,-40.0,-17.5
2677,-39.5,-17.5
2678,-39.0,-17.5
2679,-38.5,-17.5
2680,-38.0,-17.5
2681,-59.0,-18.0
2682,-58.5,-18.0
2683,-58.0,-18.0
2684,-57.5,-18.0
2685,-57.0,-18.0
2686,-56.5,-18.0
2687,-56.0,-18.0
2688,-55.5,-18.0
2689,-55.0,-18.0
2690,-54.5,-18.0
2691,-54.0,-18.0
2692,-53.5,-18.0
2693,-53.0,-18.0
2694,-52.5,-18.0
2695,-52.0,-18.0
2696,-51.5,-18.0
2697,-51.0,-18.0
2698,-50.5,-18.0
2699,-50.0,-18.0
2700,-49.5,-18.0
2701,-49.0,-18.0
2702,-48.5,-18.0
2703,-48.0,-18.0
2704,-47.5,-18.0
2705,-47.0,-18.0
2706,-46.5,-18.0
2707,-46.0,-18.0
2708,-45.5,-18.0
2709,-45.0,-18.0
2710,-44.5,-18.0
2711,-44.0,-18.0
2712,-43.5,-18.0
2713,-43.0,-18.0
2714,-42.5,-18.0
2715,-42.0,-18.0
2716,-41.5,-18.0
2717,-41.0,-18.0
2718,-40.5,-18.0
2719,-40.0,-18.0
2720,-39.5,-18.0
2721,-39.0,-18.0
2722,-38.5,-18.0
2723,-38.0,-18.0
2724,-58.5,-18.5
2725,-58.0,-18.5
2726,-57.5,-18.5
2727,-57.0,-18.5
2728,-56.5,-18.5
2729,-56.0,-18.5
2730,-55.5,-18.5
2731,-55.0,-18.5
2732,-54.5,-18.5
2733,-54.0,-18.5
2734,-53.5,-18.5
2735,-53.0,-18.5
2736,-52.5,-18.5
2737,-52.0,-18.5
2738,-51.5,-18.5
2739,-51.0,-18.5
2740,-50.5,-18.5
2741,-50.0,-18.5
2742,-49.5,-18.5
2743,-49.0,-18.5
2744,-48.5,-18.5
2745,-48.0,-18.5
2746,-47.5,-18.5
2747,-47.0,-18.5
2748,-46.5,-18.5
2749,-46.0,-18.5
2750,-45.5,-18.5
2751,-45.0,-18.5
2752,-44.5,-18.5
2753,-44.0,-18.5
2754,-43.5,-18.5
2755,-43.0,-18.5
2756,-42.5,-18.5
2757,-42.0,-18.5
2758,-41.5,-18.5
2759,-41.0,-18.5
2760,-40.5,-18.5
2761,-40.0,-18.5
2762,-39.5,-18.5
2763,-39.0,-18.5
2764,-38.5,-18.5
2765,-38.0,-18.5
2766,-58.5,-19.0
2767,-58.0,-19.0
2768,-57.5,-19.0
2769,-57.0,-19.0
2770,-56.5,-19.0
2771,-56.0,-19.0
2772,-55.5,-19.0
2773,-55.0,-19.0
2774,-54.5,-19.0
2775,-54.0,-19.0
2776,-53.5,-19.0
2777,-53.0,-19.0
2778,-52.5,-19.0
2779,-52.0,-19.0
2780,-51.5,-19.0
2781,-51.0,-19.0
2782,-50.5,-19.0
2783,-50.0,-19.0
2784,-49.5,-19.0
2785,-49.0,-19.0
2786,-48.5,-19.0
2787,-48.0,-19.0
2788,-47.5,-19.0
2789,-47.0,-19.0
2790,-46.5,-19.0
2791,-46.0,-19.0
2792,-45.5,-19.0
2793,-45.0,-19.0
2794,-44.5,-19.0
2795,-44.0,-19.0
2796,-43.5,-19.0
2797,-43.0,-19.0
2798,-42.5,-19.0
2799,-42.0,-19.0
2800,-41.5,-19.0
2801,-41.0,-19.0
2802,-40.5,-19.0
2803,-40.0,-19.0
2804,-39.5,-19.0
2805,-39.0,-19.0
2806,-59.0,-19.5
2807,-58.5,-19.5
2808,-58.0,-19.5
2809,-57.5,-19.5
2810,-57.0,-19.5
2811,-56.5,-19.5
2812,-56.0,-19.5
2813,-55.5,-19.5
2814,-55.0,-19.5
2815,-54.5,-19.5
2816,-54.0,-19.5
2817,-53.5,-19.5
2818,-53.0,-19.5
2819,-52.5,-19.5
2820,-52.0,-19.5
2821,-51.5,-19.5
2822,-51.0,-19.5
2823,-50.5,-19.5
2824,-50.0,-19.5
2825,-49.5,-19.5
2826,-49.0,-19.5
2827,-48.5,-19.5
2828,-48.0,-19.5
2829,-47.5,-19.5
2830,-47.0,-19.5
2831,-46.5,-19.5
2832,-46.0,-19.5
2833,-45.5,-19.5
2834,-45.0,-19.5
2835,-44.5,-19.5
2836,-44.0,-19.5
2837,-43.5,-19.5
2838,-43.0,-19.5
2839,-42.5,-19.5
2840,-42.0,-19.5
2841,-41.5,-19.5
2842,-41.0,-19.5
2843,-40.5,-19.5
2844,-40.0,-19.5
2845,-39.5,-19.5
2846,-39.0,-19.5
2847,-59.0,-20.0
2848,-58.5,-20.0
2849,-58.0,-20.0
2850,-57.5,-20.0
2851,-57.0,-20.0
2852,-56.5,-20.0
2853,-56.0,-20.0
2854,-55.5,-20.0
2855,-55.0,-20.0
2856,-54.5,-20.0
2857,-54.0,-20.0
2858,-53.5,-20.0
2859,-53.0,-20.0
2860,-52.5,-20.0
2861,-52.0,-20.0
2862,-51.5,-20.0
2863,-51.0,-20.0
2864,-50.5,-20.0
2865,-50.0,-20.0
2866,-49.5,-20.0
2867,-49.0,-20.0
2868,-48.5,-20.0
2869,-48.0,-20.0
2870,-47.5,-20.0
2871,-47.0,-20.0
2872,-46.5,-20.0
2873,-46.0,-20.0
2874,-45.5,-20.0
2875,-45.0,-20.0
2876,-44.5,-20.0
2877,-44.0,-20.0
2878,-43.5,-20.0
2879,-43.0,-20.0
2880,-42.5,-20.0
2881,-42.0,-20.0
2882,-41.5,-20.0
2883,-41.0,-20.0
2884,-40.5,-20.0
2885,-40.0,-20.0
2886,-39.5,-20.0
2887,-39.0,-20.0
2888,-59.0,-20.5
2889,-58.5,-20.5
2890,-58.0,-20.5
2891,-57.5,-20.5
2892,-57.0,-20.5
2893,-56.5,-20.5
2894,-56.0,-20.5
2895,-55.5,-20.5
2896,-55.0,-20.5
2897,-54.5,-20.5
2898,-54.0,-20.5
2899,-53.5,-20.5
2900,-53.0,-20.5
2901,-52.5,-20.5
2902,-52.0,-20.5
2903,-51.5,-20.5
2904,-51.0,-20.5
2905,-50.5,-20.5
2906,-50.0,-20.5
2907,-49.5,-20.5
2908,-49.0,-20.5
2909,-48.5,-20.5
2910,-48.0,-20.5
2911,-47.5,-20.5
2912,-47.0,-20.5
2913,-46.5,-20.5
2914,-46.0,-20.5
2915,-45.5,-20.5
2916,-45.0,-20.5
2917,-44.5,-20.5
2918,-44.0,-20.5
2919,-43.5,-20.5
2920,-43.0,-20.5
2921,-42.5,-20.5
2922,-42.0,-20.5
2923,-41.5,-20.5
2924,-41.0,-20.5
2925,-40.5,-20.5
2926,-40.0,-20.5
2927,-39.5,-20.5
2928,-58.5,-21.0
2929,-58.0,-21.0
2930,-57.5,-21.0
2931,-57.0,-21.0
2932,-56.5,-21.0
2933,-56.0,-21.0
2934,-55.5,-21.0
2935,-55.0,-21.0
2936,-54.5,-21.0
2937,-54.0,-21.0
2938,-53.5,-21.0
2939,-53.0,-21.0
2940,-52.5,-21.0
2941,-52.0,-21.0
2942,-51.5,-21.0
2943,-51.0,-21.0
2944,-50.5,-21.0
2945,-50.0,-21.0
2946,-49.5,-21.0
2947,-49.0,-21.0
2948,-48.5,-21.0
2949,-48.0,-21.0
2950,-47.5,-21.0
2951,-47.0,-21.0
2952,-46.5,-21.0
2953,-46.0,-21.0
2954,-45.5,-21.0
2955,-45.0,-21.0
2956,-44.5,-21.0
2957,-44.0,-21.0
2958,-43.5,-21.0
2959,-43.0,-21.0
2960,-42.5,-21.0
2961,-42.0,-21.0
2962,-41.5,-21.0
2963,-41.0,-21.0
2964,-40.5,-21.0
2965,-40.0,-21.0
2966,-39.5,-21.0
2967,-58.5,-21.5
2968,-58.0,-21.5
2969,-57.5,-21.5
2970,-57.0,-21.5
2971,-56.5,-21.5
2972,-56.0,-21.5
2973,-55.5,-21.5
2974,-55.0,-21.5
2975,-54.5,-21.5
2976,-54.0,-21.5
2977,-53.5,-21.5
2978,-53.0,-21.5
2979,-52.5,-21.5
2980,-52.0,-21.5
2981,-51.5,-21.5
2982,-51.0,-21.5
2983,-50.5,-21.5
2984,-50.0,-21.5
2985,-49.5,-21.5
2986,-49.0,-21.5
2987,-48.5,-21.5
2988,-48.0,-21.5
2989,-47.5,-21.5
2990,-47.0,-21.5
2991,-46.5,-21.5
2992,-46.0,-21.5
2993,-45.5,-21.5
2994,-45.0,-21.5
2995,-44.5,-21.5
2996,-44.0,-21.5
2997,-43.5,-21.5
2998,-43.0,-21.5
2999,-42.5,-21.5
3000,-42.0,-21.5
3001,-41.5,-21.5
3002,-41.0,-21.5
3003,-40.5,-21.5
3004,-40.0,-21.5
3005,-59.0,-22.0
3006,-58.5,-22.0
3007,-58.0,-22.0
3008,-57.5,-22.0
3009,-57.0,-22.0
3010,-56.5,-22.0
3011,-56.0,-22.0
3012,-55.5,-22.0
3013,-55.0,-22.0
3014,-54.5,-22.0
3015,-54.0,-22.0
3016,-53.5,-22.0
3017,-53.0,-22.0
3018,-52.5,-22.0
3019,-52.0,-22.0
3020,-51.5,-22.0
3021,-51.0,-22.0
3022,-50.5,-22.0
3023,-50.0,-22.0
3024,-49.5,-22.0
3025,-49.0,-22.0
3026,-48.5,-22.0
3027,-48.0,-22.0
3028,-47.5,-22.0
3029,-47.0,-22.0
3030,-46.5,-22.0
3031,-46.0,-22.0
3032,-45.5,-22.0
3033,-45.0,-22.0
3034,-44.5,-22.0
3035,-44.0,-22.0
3036,-43.5,-22.0
3037,-43.0,-22.0
3038,-42.5,-22.0
3039,-42.0,-22.0
3040,-41.5,-22.0
3041,-41.0,-22.0
3042,-40.5,-22.0
3043,-40.0,-22.0
3044,-58.5,-22.5
3045,-58.0,-22.5
3046,-57.5,-22.5
3047,-57.0,-22.5
3048,-56.5,-22.5
3049,-56.0,-22.5
3050,-55.5,-22.5
3051,-55.0,-22.5
3052,-54.5,-22.5
3053,-54.0,-22.5
3054,-53.5,-22.5
3055,-53.0,-22.5
3056,-52.5,-22.5
3057,-52.0,-22.5
3058,-51.5,-22.5
3059,-51.0,-22.5
3060,-50.5,-22.5
3061,-50.0,-22.5
3062,-49.5,-22.5
3063,-49.0,-22.5
3064,-48.5,-22.5
3065,-48.0,-22.5
3066,-47.5,-22.5
3067,-47.0,-22.5
3068,-46.5,-22.5
3069,-46.0,-22.5
3070,-45.5,-22.5
3071,-45.0,-22.5
3072,-44.5,-22.5
3073,-44.0,-22.5
3074,-43.5,-22.5
3075,-43.0,-22.5
3076,-42.5,-22.5
3077,-42.0,-22.5
3078,-41.5,-22.5
3079,-41.0,-22.5
3080,-40.5,-22.5
3081,-58.0,-23.0
3082,-57.5,-23.0
3083,-57.0,-23.0
3084,-56.5,-23.0
3085,-56.0,-23.0
3086,-55.5,-23.0
3087,-55.0,-23.0
3088,-54.5,-23.0
3089,-54.0,-23.0
3090,-53.5,-23.0
3091,-53.0,-23.0
3092,-52.5,-23.0
3093,-52.0,-23.0
3094,-51.5,-23.0
3095,-51.0,-23.0
3096,-50.5,-23.0
3097,-50.0,-23.0
3098,-49.5,-23.0
3099,-49.0,-23.0
3100,-48.5,-23.0
3101,-48.0,-23.0
3102,-47.5,-23.0
3103,-47.0,-23.0
3104,-46.5,-23.0
3105,-46.0,-23.0
3106,-45.5,-23.0
3107,-45.0,-23.0
3108,-44.5,-23.0
3109,-44.0,-23.0
3110,-43.5,-23.0
3111,-43.0,-23.0
3112,-42.5,-23.0
3113,-42.0,-23.0
3114,-41.5,-23.0
3115,-41.0,-23.0
3116,-56.5,-23.5
3117,-56.0,-23.5
3118,-55.5,-23.5
3119,-55.0,-23.5
3120,-54.5,-23.5
3121,-54.0,-23.5
3122,-53.5,-23.5
3123,-53.0,-23.5
3124,-52.5,-23.5
3125,-52.0,-23.5
3126,-51.5,-23.5
3127,-51.0,-23.5
3128,-50.5,-23.5
3129,-50.0,-23.5
3130,-49.5,-23.5
3131,-49.0,-23.5
3132,-48.5,-23.5
3133,-48.0,-23.5
3134,-47.5,-23.5
3135,-47.0,-23.5
3136,-46.5,-23.5
3137,-46.0,-23.5
3138,-45.5,-23.5
3139,-45.0,-23.5
3140,-44.5,-23.5
3141,-44.0,-23.5
3142,-43.5,-23.5
3143,-43.0,-23.5
3144,-42.5,-23.5
3145,-42.0,-23.5
3146,-41.5,-23.5
3147,-56.0,-24.0
3148,-55.5,-24.0
3149,-55.0,-24.0
3150,-54.5,-24.0
3151,-54.0,-24.0
3152,-53.5,-24.0
3153,-53.0,-24.0
3154,-52.5,-24.0
3155,-52.0,-24.0
3156,-51.5,-24.0
3157,-51.0,-24.0
3158,-50.5,-24.0
3159,-50.0,-24.0
3160,-49.5,-24.0
3161,-49.0,-24.0
3162,-48.5,-24.0
3163,-48.0,-24.0
3164,-47.5,-24.0
3165,-47.0,-24.0
3166,-46.5,-24.0
3167,-46.0,-24.0
3168,-45.5,-24.0
3169,-45.0,-24.0
3170,-44.5,-24.0
3171,-44.0,-24.0
3172,-43.5,-24.0
3173,-43.0,-24.0
3174,-42.0,-24.0
3175,-56.0,-24.5
3176,-55.5,-24.5
3177,-55.0,-24.5
3178,-54.5,-24.5
3179,-54.0,-24.5
3180,-53.5,-24.5
3181,-53.0,-24.5
3182,-52.5,-24.5
3183,-52.0,-24.5
3184,-51.5,-24.5
3185,-51.0,-24.5
3186,-50.5,-24.5
3187,-50.0,-24.5
3188,-49.5,-24.5
3189,-49.0,-24.5
3190,-48.5,-24.5
3191,-48.0,-24.5
3192,-47.5,-24.5
3193,-47.0,-24.5
3194,-46.5,-24.5
3195,-46.0,-24.5
3196,-45.5,-24.5
3197,-45.0,-24.5
3198,-44.5,-24.5
3199,-55.5,-25.0
3200,-55.0,-25.0
3201,-54.5,-25.0
3202,-54.0,-25.0
3203,-53.5,-25.0
3204,-53.0,-25.0
3205,-52.5,-25.0
3206,-52.0,-25.0
3207,-51.5,-25.0
3208,-51.0,-25.0
3209,-50.5,-25.0
3210,-50.0,-25.0
3211,-49.5,-25.0
3212,-49.0,-25.0
3213,-48.5,-25.0
3214,-48.0,-25.0
3215,-47.5,-25.0
3216,-47.0,-25.0
3217,-46.5,-25.0
3218,-55.5,-25.5
3219,-55.0,-25.5
3220,-54.5,-25.5
3221,-54.0,-25.5
3222,-53.5,-25.5
3223,-53.0,-25.5
3224,-52.5,-25.5
3225,-52.0,-25.5
3226,-51.5,-25.5
3227,-51.0,-25.5
3228,-50.5,-25.5
3229,-50.0,-25.5
3230,-49.5,-25.5
3231,-49.0,-25.5
3232,-48.5,-25.5
3233,-48.0,-25.5
3234,-47.5,-25.5
3235,-47.0,-25.5
3236,-55.5,-26.0
3237,-55.0,-26.0
3238,-54.5,-26.0
3239,-54.0,-26.0
3240,-53.5,-26.0
3241,-53.0,-26.0
3242,-52.5,-26.0
3243,-52.0,-26.0
3244,-51.5,-26.0
3245,-51.0,-26.0
3246,-50.5,-26.0
3247,-50.0,-26.0
3248,-49.5,-26.0
3249,-49.0,-26.0
3250,-48.5,-26.0
3251,-48.0,-26.0
3252,-47.5,-26.0
3253,-55.0,-26.5
3254,-54.5,-26.5
3255,-54.0,-26.5
3256,-53.5,-26.5
3257,-53.0,-26.5
3258,-52.5,-26.5
3259,-52.0,-26.5
3260,-51.5,-26.5
3261,-51.0,-26.5
3262,-50.5,-26.5
3263,-50.0,-26.5
3264,-49.5,-26.5
3265,-49.0,-26.5
3266,-48.5,-26.5
3267,-48.0,-26.5
3268,-55.5,-27.0
3269,-55.0,-27.0
3270,-54.5,-27.0
3271,-54.0,-27.0
3272,-53.5,-27.0
3273,-53.0,-27.0
3274,-52.5,-27.0
3275,-52.0,-27.0
3276,-51.5,-27.0
3277,-51.0,-27.0
3278,-50.5,-27.0
3279,-50.0,-27.0
3280,-49.5,-27.0
3281,-49.0,-27.0
3282,-48.5,-27.0
3283,-48.0,-27.0
3284,-47.5,-27.0
3285,-56.0,-27.5
3286,-55.5,-27.5
3287,-55.0,-27.5
3288,-54.5,-27.5
3289,-54.0,-27.5
3290,-53.5,-27.5
3291,-53.0,-27.5
3292,-52.5,-27.5
3293,-52.0,-27.5
3294,-51.5,-27.5
3295,-51.0,-27.5
3296,-50.5,-27.5
3297,-50.0,-27.5
3298,-49.5,-27.5
3299,-49.0,-27.5
3300,-48.5,-27.5
3301,-48.0,-27.5
3302,-47.5,-27.5
3303,-56.5,-28.0
3304,-56.0,-28.0
3305,-55.5,-28.0
3306,-55.0,-28.0
3307,-54.5,-28.0
3308,-54.0,-28.0
3309,-53.5,-28.0
3310,-53.0,-28.0
3311,-52.5,-28.0
3312,-52.0,-28.0
3313,-51.5,-28.0
3314,-51.0,-28.0
3315,-50.5,-28.0
3316,-50.0,-28.0
3317,-49.5,-28.0
3318,-49.0,-28.0
3319,-48.5,-28.0
3320,-48.0,-28.0
3321,-47.5,-28.0
3322,-57.0,-28.5
3323,-56.5,-28.5
3324,-56.0,-28.5
3325,-55.5,-28.5
3326,-55.0,-28.5
3327,-54.5,-28.5
3328,-54.0,-28.5
3329,-53.5,-28.5
3330,-53.0,-28.5
3331,-52.5,-28.5
3332,-52.0,-28.5
3333,-51.5,-28.5
3334,-51.0,-28.5
3335,-50.5,-28.5
3336,-50.0,-28.5
3337,-49.5,-28.5
3338,-49.0,-28.5
3339,-48.5,-28.5
3340,-48.0,-28.5
3341,-57.5,-29.0
3342,-57.0,-29.0
3343,-56.5,-29.0
3344,-56.0,-29.0
3345,-55.5,-29.0
3346,-55.0,-29.0
3347,-54.5,-29.0
3348,-54.0,-29.0
3349,-53.5,-29.0
3350,-53.0,-29.0
3351,-52.5,-29.0
3352,-52.0,-29.0
3353,-51.5,-29.0
3354,-51.0,-29.0
3355,-50.5,-29.0
3356,-50.0,-29.0
3357,-49.5,-29.0
3358,-49.0,-29.0
3359,-48.5,-29.0
3360,-48.0,-29.0
3361,-58.0,-29.5
3362,-57.5,-29.5
3363,-57.0,-29.5
3364,-56.5,-29.5
3365,-56.0,-29.5
3366,-55.5,-29.5
3367,-55.0,-29.5
3368,-54.5,-29.5
3369,-54.0,-29.5
3370,-53.5,-29.5
3371,-53.0,-29.5
3372,-52.5,-29.5
3373,-52.0,-29.5
3374,-51.5,-29.5
3375,-51.0,-29.5
3376,-50.5,-29.5
3377,-50.0,-29.5
3378,-49.5,-29.5
3379,-49.0,-29.5
3380,-48.5,-29.5
3381,-58.5,-30.0
3382,-58.0,-30.0
3383,-57.5,-30.0
3384,-57.0,-30.0
3385,-56.5,-30.0
3386,-56.0,-30.0
3387,-55.5,-30.0
3388,-55.0,-30.0
3389,-54.5,-30.0
3390,-54.0,-30.0
3391,-53.5,-30.0
3392,-53.0,-30.0
3393,-52.5,-30.0
3394,-52.0,-30.0
3395,-51.5,-30.0
3396,-51.0,-30.0
3397,-50.5,-30.0
3398,-50.0,-30.0
3399,-49.5,-30.0
3400,-49.0,-30.0
3401,-58.5,-30.5
3402,-58.0,-30.5
3403,-57.5,-30.5
3404,-57.0,-30.5
3405,-56.5,-30.5
3406,-56.0,-30.5
3407,-55.5,-30.5
3408,-55.0,-30.5
3409,-54.5,-30.5
3410,-54.0,-30.5
3411,-53.5,-30.5
3412,-53.0,-30.5
3413,-52.5,-30.5
3414,-52.0,-30.5
3415,-51.5,-30.5
3416,-51.0,-30.5
3417,-50.5,-30.5
3418,-50.0,-30.5
3419,-49.5,-30.5
3420,-58.0,-31.0
3421,-57.5,-31.0
3422,-57.0,-31.0
3423,-56.5,-31.0
3424,-56.0,-31.0
3425,-55.5,-31.0
3426,-55.0,-31.0
3427,-54.5,-31.0
3428,-54.0,-31.0
3429,-53.5,-31.0
3430,-53.0,-31.0
3431,-52.5,-31.0
3432,-52.0,-31.0
3433,-51.5,-31.0
3434,-51.0,-31.0
3435,-50.5,-31.0
3436,-50.0,-31.0
3437,-49.5,-31.0
3438,-56.5,-31.5
3439,-56.0,-31.5
3440,-55.5,-31.5
3441,-55.0,-31.5
3442,-54.5,-31.5
3443,-54.0,-31.5
3444,-53.5,-31.5
3445,-53.0,-31.5
3446,-52.5,-31.5
3447,-52.0,-31.5
3448,-51.5,-31.5
3449,-51.0,-31.5
3450,-50.5,-31.5
3451,-50.0,-31.5
3452,-56.0,-32.0
3453,-55.5,-32.0
3454,-55.0,-32.0
3455,-54.5,-32.0
3456,-54.0,-32.0
3457,-53.5,-32.0
3458,-53.0,-32.0
3459,-52.5,-32.0
3460,-52.0,-32.0
3461,-51.5,-32.0
3462,-51.0,-32.0
3463,-50.5,-32.0
3464,-54.5,-32.5
3465,-54.0,-32.5
3466,-53.5,-32.5
3467,-53.0,-32.5
3468,-52.5,-32.5
3469,-52.0,-32.5
3470,-51.5,-32.5
3471,-51.0,-32.5
3472,-54.0,-33.0
3473,-53.5,-33.0
3474,-53.0,-33.0
3475,-52.5,-33.0
3476,-52.0,-33.0
3477,-51.5,-33.0
3478,-54.5,-33.5
3479,-54.0,-33.5
3480,-53.5,-33.5
3481,-53.0,-33.5
3482,-52.5,-33.5
3483,-52.0,-33.5
3484,-54.0,-34.0
3485,-53.5,-34.0
3486,-53.0,-34.0
3487,-52.5,-34.0
3488,-54.0,-34.5
3489,-53.5,-34.5
3490,-53.0,-34.5
