idGrade,x,y,t_med_medio,v_vento_medio
1,-60.5,5.0,27.567,1.681
2,-60.0,5.0,27.556,1.671
3,-61.0,4.5,27.621,1.731
4,-60.5,4.5,27.558,1.689
5,-64.5,4.0,26.868,1.254
6,-62.5,4.0,27.353,1.545
7,-62.0,4.0,27.415,1.596
8,-61.5,4.0,27.528,1.682
9,-61.0,4.0,27.645,1.75
10,-60.5,4.0,27.649,1.732
11,-60.0,4.0,27.615,1.694
12,-51.5,4.0,26.955,1.648
13,-64.0,3.5,26.915,1.237
14,-63.5,3.5,27.056,1.33
15,-63.0,3.5,27.136,1.389
16,-62.5,3.5,27.328,1.497
17,-62.0,3.5,27.478,1.619
18,-61.5,3.5,27.612,1.714
19,-61.0,3.5,27.694,1.786
20,-60.5,3.5,27.719,1.794
21,-60.0,3.5,27.637,1.677
22,-52.0,3.5,26.795,1.534
23,-51.5,3.5,26.777,1.556
24,-64.0,3.0,26.851,1.167
25,-63.5,3.0,27.022,1.258
26,-63.0,3.0,27.151,1.353
27,-62.5,3.0,27.305,1.474
28,-62.0,3.0,27.466,1.551
29,-61.5,3.0,27.645,1.729
30,-61.0,3.0,27.766,1.853
31,-60.5,3.0,27.779,1.867
32,-60.0,3.0,27.676,1.734
33,-52.0,3.0,26.762,1.536
34,-51.5,3.0,26.771,1.521
35,-51.0,3.0,26.787,1.514
36,-64.0,2.5,26.861,1.144
37,-63.5,2.5,26.967,1.212
38,-63.0,2.5,27.092,1.302
39,-62.5,2.5,27.248,1.346
40,-62.0,2.5,27.416,1.502
41,-61.5,2.5,27.584,1.656
42,-61.0,2.5,27.729,1.811
43,-60.5,2.5,27.749,1.833
44,-60.0,2.5,27.642,1.691
45,-55.0,2.5,26.816,1.179
46,-52.5,2.5,26.757,1.468
47,-52.0,2.5,26.748,1.491
48,-51.5,2.5,26.741,1.515
49,-51.0,2.5,26.765,1.534
50,-67.5,2.0,26.106,0.86
51,-63.5,2.0,26.915,1.105
52,-63.0,2.0,27.034,1.159
53,-62.5,2.0,27.153,1.256
54,-62.0,2.0,27.281,1.342
55,-61.5,2.0,27.42,1.472
56,-61.0,2.0,27.542,1.599
57,-60.5,2.0,27.561,1.612
58,-60.0,2.0,27.479,1.522
59,-55.5,2.0,26.877,1.118
60,-55.0,2.0,26.897,1.206
61,-54.5,2.0,26.853,1.242
62,-54.0,2.0,26.873,1.331
63,-53.5,2.0,26.816,1.339
64,-53.0,2.0,26.777,1.411
65,-52.5,2.0,26.759,1.464
66,-52.0,2.0,26.712,1.515
67,-51.5,2.0,26.713,1.544
68,-51.0,2.0,26.725,1.566
69,-50.5,2.0,26.772,1.563
70,-69.5,1.5,25.966,0.77
71,-69.0,1.5,25.956,0.771
72,-68.5,1.5,25.947,0.772
73,-68.0,1.5,25.941,0.773
74,-67.5,1.5,26.079,0.848
75,-64.0,1.5,26.75,1.01
76,-63.5,1.5,26.864,1.029
77,-63.0,1.5,26.94,1.077
78,-62.5,1.5,27.028,1.108
79,-62.0,1.5,27.132,1.193
80,-61.5,1.5,27.223,1.261
81,-61.0,1.5,27.302,1.329
82,-60.5,1.5,27.306,1.331
83,-60.0,1.5,27.301,1.301
84,-59.5,1.5,27.236,1.213
85,-58.0,1.5,27.051,1.05
86,-57.5,1.5,26.981,1.031
87,-57.0,1.5,26.956,1.03
88,-56.5,1.5,26.92,1.041
89,-56.0,1.5,26.908,1.072
90,-55.5,1.5,26.903,1.123
91,-55.0,1.5,26.894,1.173
92,-54.5,1.5,26.87,1.208
93,-54.0,1.5,26.831,1.284
94,-53.5,1.5,26.814,1.355
95,-53.0,1.5,26.772,1.421
96,-52.5,1.5,26.725,1.48
97,-52.0,1.5,26.667,1.539
98,-51.5,1.5,26.614,1.58
99,-51.0,1.5,26.671,1.586
100,-50.5,1.5,26.756,1.593
101,-50.0,1.5,26.818,1.58
102,-69.0,1.0,25.946,0.773
103,-68.5,1.0,25.934,0.774
104,-68.0,1.0,25.968,0.793
105,-67.5,1.0,26.0,0.818
106,-67.0,1.0,26.0,0.818
107,-65.0,1.0,26.501,0.944
108,-64.5,1.0,26.621,0.944
109,-64.0,1.0,26.734,0.949
110,-63.5,1.0,26.785,0.965
111,-63.0,1.0,26.826,0.977
112,-62.5,1.0,26.91,1.005
113,-62.0,1.0,26.979,1.036
114,-61.5,1.0,27.054,1.086
115,-61.0,1.0,27.098,1.12
116,-60.5,1.0,27.138,1.151
117,-60.0,1.0,27.13,1.122
118,-59.5,1.0,27.118,1.076
119,-59.0,1.0,27.094,1.032
120,-58.5,1.0,27.038,0.999
121,-58.0,1.0,26.989,0.994
122,-57.5,1.0,26.969,0.988
123,-57.0,1.0,26.938,0.993
124,-56.5,1.0,26.917,1.01
125,-56.0,1.0,26.905,1.046
126,-55.5,1.0,26.915,1.117
127,-55.0,1.0,26.895,1.153
128,-54.5,1.0,26.859,1.205
129,-54.0,1.0,26.836,1.272
130,-53.5,1.0,26.791,1.362
131,-53.0,1.0,26.771,1.43
132,-52.5,1.0,26.708,1.507
133,-52.0,1.0,26.583,1.572
134,-51.5,1.0,26.427,1.592
135,-51.0,1.0,26.594,1.63
136,-50.5,1.0,26.782,1.639
137,-50.0,1.0,26.855,1.596
138,-70.0,0.5,25.837,0.777
139,-69.5,0.5,25.912,0.77
140,-69.0,0.5,25.939,0.774
141,-68.5,0.5,25.974,0.795
142,-68.0,0.5,25.942,0.789
143,-67.5,0.5,25.939,0.797
144,-67.0,0.5,25.929,0.793
145,-66.5,0.5,25.992,0.809
146,-66.0,0.5,26.149,0.849
147,-65.5,0.5,26.317,0.889
148,-65.0,0.5,26.486,0.9
149,-64.5,0.5,26.603,0.91
150,-64.0,0.5,26.678,0.904
151,-63.5,0.5,26.694,0.891
152,-63.0,0.5,26.739,0.891
153,-62.5,0.5,26.793,0.916
154,-62.0,0.5,26.862,0.937
155,-61.5,0.5,26.933,0.968
156,-61.0,0.5,26.987,0.989
157,-60.5,0.5,27.023,1.022
158,-60.0,0.5,27.031,1.007
159,-59.5,0.5,27.042,0.983
160,-59.0,0.5,27.04,0.959
161,-58.5,0.5,26.979,0.941
162,-58.0,0.5,26.977,0.951
163,-57.5,0.5,26.964,0.945
164,-57.0,0.5,26.937,0.953
165,-56.5,0.5,26.916,0.973
166,-56.0,0.5,26.908,1.015
167,-55.5,0.5,26.909,1.09
168,-55.0,0.5,26.887,1.145
169,-54.5,0.5,26.862,1.207
170,-54.0,0.5,26.855,1.282
171,-53.5,0.5,26.802,1.342
172,-53.0,0.5,26.78,1.433
173,-52.5,0.5,26.722,1.512
174,-52.0,0.5,26.628,1.602
175,-51.5,0.5,26.441,1.618
176,-51.0,0.5,26.825,1.773
177,-50.5,0.5,26.908,1.714
178,-70.0,0.0,25.903,0.768
179,-69.5,0.0,25.907,0.77
180,-69.0,0.0,25.975,0.798
181,-68.5,0.0,25.951,0.793
182,-68.0,0.0,25.924,0.787
183,-67.5,0.0,25.9,0.783
184,-67.0,0.0,25.893,0.782
185,-66.5,0.0,25.955,0.799
186,-66.0,0.0,26.108,0.836
187,-65.5,0.0,26.297,0.878
188,-65.0,0.0,26.474,0.885
189,-64.5,0.0,26.582,0.885
190,-64.0,0.0,26.623,0.855
191,-63.5,0.0,26.609,0.831
192,-63.0,0.0,26.616,0.817
193,-62.5,0.0,26.67,0.838
194,-62.0,0.0,26.765,0.868
195,-61.5,0.0,26.866,0.899
196,-61.0,0.0,26.913,0.916
197,-60.5,0.0,26.95,0.944
198,-60.0,0.0,26.958,0.929
199,-59.5,0.0,26.985,0.918
200,-59.0,0.0,26.985,0.899
201,-58.5,0.0,26.964,0.895
202,-58.0,0.0,26.973,0.906
203,-57.5,0.0,26.969,0.906
204,-57.0,0.0,26.943,0.91
205,-56.5,0.0,26.918,0.924
206,-56.0,0.0,26.902,0.97
207,-55.5,0.0,26.892,1.051
208,-55.0,0.0,26.879,1.131
209,-54.5,0.0,26.874,1.235
210,-54.0,0.0,26.841,1.31
211,-53.5,0.0,26.797,1.359
212,-53.0,0.0,26.766,1.414
213,-52.5,0.0,26.763,1.497
214,-52.0,0.0,26.794,1.617
215,-51.5,0.0,27.021,1.853
216,-51.0,0.0,27.32,2.098
217,-50.5,0.0,27.014,1.756
218,-50.0,0.0,26.919,1.588
219,-49.5,0.0,26.967,1.575
220,-69.5,-0.5,25.901,0.77
221,-69.0,-0.5,25.978,0.8
222,-68.5,-0.5,25.956,0.794
223,-68.0,-0.5,25.93,0.789
224,-67.5,-0.5,25.907,0.784
225,-67.0,-0.5,25.912,0.786
226,-66.5,-0.5,25.982,0.805
227,-66.0,-0.5,26.145,0.84
228,-65.5,-0.5,26.349,0.863
229,-65.0,-0.5,26.51,0.877
230,-64.5,-0.5,26.598,0.864
231,-64.0,-0.5,26.584,0.825
232,-63.5,-0.5,26.533,0.776
233,-63.0,-0.5,26.479,0.745
234,-62.5,-0.5,26.539,0.767
235,-62.0,-0.5,26.692,0.825
236,-61.5,-0.5,26.807,0.866
237,-61.0,-0.5,26.871,0.9
238,-60.5,-0.5,26.884,0.889
239,-60.0,-0.5,26.894,0.876
240,-59.5,-0.5,26.915,0.864
241,-59.0,-0.5,26.927,0.856
242,-58.5,-0.5,26.949,0.855
243,-58.0,-0.5,26.973,0.862
244,-57.5,-0.5,26.97,0.861
245,-57.0,-0.5,26.96,0.863
246,-56.5,-0.5,26.922,0.867
247,-56.0,-0.5,26.883,0.903
248,-55.5,-0.5,26.865,0.99
249,-55.0,-0.5,26.867,1.12
250,-54.5,-0.5,26.881,1.277
251,-54.0,-0.5,26.865,1.376
252,-53.5,-0.5,26.822,1.408
253,-53.0,-0.5,26.781,1.41
254,-52.5,-0.5,26.774,1.457
255,-52.0,-0.5,26.816,1.536
256,-51.5,-0.5,26.935,1.673
257,-51.0,-0.5,27.009,1.734
258,-50.5,-0.5,26.916,1.579
259,-50.0,-0.5,26.902,1.496
260,-49.5,-0.5,26.983,1.545
261,-49.0,-0.5,27.178,1.746
262,-48.5,-0.5,27.444,2.078
263,-69.0,-1.0,25.987,0.804
264,-68.5,-1.0,25.972,0.799
265,-68.0,-1.0,25.971,0.794
266,-67.5,-1.0,25.95,0.79
267,-67.0,-1.0,25.976,0.795
268,-66.5,-1.0,26.088,0.83
269,-66.0,-1.0,26.225,0.859
270,-65.5,-1.0,26.391,0.871
271,-65.0,-1.0,26.543,0.881
272,-64.5,-1.0,26.609,0.863
273,-64.0,-1.0,26.579,0.818
274,-63.5,-1.0,26.493,0.754
275,-63.0,-1.0,26.402,0.707
276,-62.5,-1.0,26.478,0.739
277,-62.0,-1.0,26.673,0.814
278,-61.5,-1.0,26.796,0.857
279,-61.0,-1.0,26.847,0.878
280,-60.5,-1.0,26.835,0.854
281,-60.0,-1.0,26.831,0.834
282,-59.5,-1.0,26.86,0.828
283,-59.0,-1.0,26.903,0.826
284,-58.5,-1.0,26.962,0.818
285,-58.0,-1.0,27.001,0.825
286,-57.5,-1.0,27.009,0.818
287,-57.0,-1.0,26.986,0.81
288,-56.5,-1.0,26.929,0.802
289,-56.0,-1.0,26.844,0.79
290,-55.5,-1.0,26.807,0.845
291,-55.0,-1.0,26.84,1.079
292,-54.5,-1.0,26.921,1.394
293,-54.0,-1.0,26.95,1.569
294,-53.5,-1.0,26.877,1.531
295,-53.0,-1.0,26.786,1.428
296,-52.5,-1.0,26.75,1.405
297,-52.0,-1.0,26.749,1.414
298,-51.5,-1.0,26.778,1.432
299,-51.0,-1.0,26.778,1.391
300,-50.5,-1.0,26.758,1.325
301,-50.0,-1.0,26.843,1.371
302,-49.5,-1.0,26.959,1.461
303,-49.0,-1.0,27.093,1.565
304,-48.5,-1.0,27.237,1.722
305,-48.0,-1.0,26.905,1.368
306,-47.5,-1.0,27.023,1.632
307,-47.0,-1.0,26.98,1.625
308,-46.5,-1.0,26.951,1.623
309,-69.0,-1.5,25.994,0.856
310,-68.5,-1.5,25.994,0.837
311,-68.0,-1.5,25.991,0.826
312,-67.5,-1.5,26.05,0.815
313,-67.0,-1.5,26.123,0.829
314,-66.5,-1.5,26.189,0.837
315,-66.0,-1.5,26.352,0.87
316,-65.5,-1.5,26.463,0.886
317,-65.0,-1.5,26.567,0.892
318,-64.5,-1.5,26.643,0.871
319,-64.0,-1.5,26.616,0.838
320,-63.5,-1.5,26.56,0.789
321,-63.0,-1.5,26.504,0.756
322,-62.5,-1.5,26.583,0.784
323,-62.0,-1.5,26.736,0.841
324,-61.5,-1.5,26.83,0.871
325,-61.0,-1.5,26.842,0.871
326,-60.5,-1.5,26.775,0.817
327,-60.0,-1.5,26.718,0.774
328,-59.5,-1.5,26.775,0.792
329,-59.0,-1.5,26.873,0.804
330,-58.5,-1.5,26.981,0.795
331,-58.0,-1.5,27.06,0.79
332,-57.5,-1.5,27.084,0.776
333,-57.0,-1.5,27.051,0.763
334,-56.5,-1.5,26.957,0.737
335,-56.0,-1.5,26.767,0.601
336,-55.5,-1.5,26.645,0.468
337,-55.0,-1.5,26.784,0.966
338,-54.5,-1.5,27.042,1.696
339,-54.0,-1.5,27.207,2.108
340,-53.5,-1.5,26.993,1.778
341,-53.0,-1.5,26.779,1.463
342,-52.5,-1.5,26.675,1.341
343,-52.0,-1.5,26.662,1.312
344,-51.5,-1.5,26.684,1.288
345,-51.0,-1.5,26.645,1.194
346,-50.5,-1.5,26.494,1.016
347,-50.0,-1.5,26.773,1.254
348,-49.5,-1.5,26.995,1.414
349,-49.0,-1.5,26.964,1.319
350,-48.5,-1.5,26.847,0.847
351,-48.0,-1.5,26.762,1.173
352,-47.5,-1.5,26.684,1.509
353,-47.0,-1.5,26.373,1.784
354,-46.5,-1.5,26.76,1.684
355,-46.0,-1.5,26.9,1.817
356,-45.5,-1.5,26.957,2.186
357,-69.5,-2.0,25.965,0.926
358,-69.0,-2.0,25.993,0.885
359,-68.5,-2.0,26.006,0.874
360,-68.0,-2.0,26.02,0.861
361,-67.5,-2.0,26.104,0.872
362,-67.0,-2.0,26.208,0.885
363,-66.5,-2.0,26.289,0.871
364,-66.0,-2.0,26.433,0.899
365,-65.5,-2.0,26.535,0.911
366,-65.0,-2.0,26.604,0.917
367,-64.5,-2.0,26.663,0.892
368,-64.0,-2.0,26.691,0.882
369,-63.5,-2.0,26.686,0.858
370,-63.0,-2.0,26.684,0.849
371,-62.5,-2.0,26.747,0.86
372,-62.0,-2.0,26.836,0.889
373,-61.5,-2.0,26.894,0.909
374,-61.0,-2.0,26.886,0.9
375,-60.5,-2.0,26.742,0.8
376,-60.0,-2.0,26.557,0.668
377,-59.5,-2.0,26.662,0.769
378,-59.0,-2.0,26.83,0.792
379,-58.5,-2.0,27.018,0.779
380,-58.0,-2.0,27.184,0.754
381,-57.5,-2.0,27.216,0.737
382,-57.0,-2.0,27.186,0.703
383,-56.5,-2.0,27.085,0.686
384,-56.0,-2.0,26.773,0.535
385,-55.5,-2.0,26.535,0.196
386,-55.0,-2.0,26.718,0.985
387,-54.5,-2.0,27.09,1.924
388,-54.0,-2.0,27.642,2.929
389,-53.5,-2.0,27.053,1.927
390,-53.0,-2.0,26.683,1.408
391,-52.5,-2.0,26.536,1.247
392,-52.0,-2.0,26.547,1.222
393,-51.5,-2.0,26.621,1.215
394,-51.0,-2.0,26.639,1.173
395,-50.5,-2.0,26.59,1.095
396,-50.0,-2.0,26.952,1.356
397,-49.5,-2.0,27.432,1.665
398,-49.0,-2.0,27.038,1.393
399,-48.5,-2.0,26.836,1.22
400,-48.0,-2.0,26.772,1.293
401,-47.5,-2.0,26.614,1.521
402,-47.0,-2.0,26.328,1.767
403,-46.5,-2.0,26.693,1.675
404,-46.0,-2.0,26.893,1.78
405,-45.5,-2.0,26.967,2.042
406,-45.0,-2.0,27.007,1.975
407,-69.5,-2.5,25.894,0.922
408,-69.0,-2.5,25.92,0.912
409,-68.5,-2.5,25.948,0.903
410,-68.0,-2.5,26.01,0.875
411,-67.5,-2.5,26.151,0.9
412,-67.0,-2.5,26.277,0.915
413,-66.5,-2.5,26.33,0.915
414,-66.0,-2.5,26.427,0.906
415,-65.5,-2.5,26.59,0.931
416,-65.0,-2.5,26.641,0.935
417,-64.5,-2.5,26.703,0.93
418,-64.0,-2.5,26.739,0.936
419,-63.5,-2.5,26.801,0.932
420,-63.0,-2.5,26.821,0.932
421,-62.5,-2.5,26.866,0.928
422,-62.0,-2.5,26.925,0.942
423,-61.5,-2.5,26.983,0.968
424,-61.0,-2.5,27.017,0.993
425,-60.5,-2.5,26.961,0.954
426,-60.0,-2.5,26.708,0.847
427,-59.5,-2.5,26.252,0.73
428,-59.0,-2.5,26.807,0.785
429,-58.5,-2.5,27.06,0.778
430,-58.0,-2.5,27.359,0.737
431,-57.5,-2.5,27.363,0.723
432,-57.0,-2.5,27.387,0.61
433,-56.5,-2.5,27.366,0.612
434,-56.0,-2.5,26.962,0.706
435,-55.5,-2.5,26.75,0.795
436,-55.0,-2.5,26.622,1.209
437,-54.5,-2.5,26.64,1.361
438,-54.0,-2.5,27.016,1.851
439,-53.5,-2.5,26.763,1.513
440,-53.0,-2.5,26.433,1.191
441,-52.5,-2.5,26.252,1.088
442,-52.0,-2.5,26.324,1.107
443,-51.5,-2.5,26.532,1.15
444,-51.0,-2.5,26.665,1.177
445,-50.5,-2.5,26.771,1.221
446,-50.0,-2.5,27.024,1.385
447,-49.5,-2.5,27.393,1.632
448,-49.0,-2.5,26.98,1.355
449,-48.5,-2.5,26.645,1.018
450,-48.0,-2.5,26.704,1.177
451,-47.5,-2.5,26.741,1.337
452,-47.0,-2.5,26.734,1.458
453,-46.5,-2.5,26.808,1.572
454,-46.0,-2.5,26.926,1.666
455,-45.5,-2.5,26.997,1.776
456,-45.0,-2.5,27.067,1.826
457,-44.5,-2.5,27.043,1.871
458,-44.0,-2.5,27.037,1.892
459,-43.5,-2.5,27.231,2.04
460,-43.0,-2.5,27.363,2.411
461,-69.5,-3.0,25.843,0.957
462,-69.0,-3.0,25.873,0.948
463,-68.5,-3.0,25.956,0.916
464,-68.0,-3.0,25.997,0.912
465,-67.5,-3.0,26.113,0.908
466,-67.0,-3.0,26.263,0.924
467,-66.5,-3.0,26.372,0.936
468,-66.0,-3.0,26.469,0.926
469,-65.5,-3.0,26.552,0.93
470,-65.0,-3.0,26.656,0.937
471,-64.5,-3.0,26.744,0.975
472,-64.0,-3.0,26.802,1.0
473,-63.5,-3.0,26.872,1.018
474,-63.0,-3.0,26.913,1.018
475,-62.5,-3.0,26.931,0.993
476,-62.0,-3.0,26.978,0.991
477,-61.5,-3.0,27.06,1.031
478,-61.0,-3.0,27.184,1.127
479,-60.5,-3.0,27.284,1.187
480,-60.0,-3.0,27.743,1.393
481,-59.5,-3.0,26.809,0.859
482,-59.0,-3.0,26.972,0.752
483,-58.5,-3.0,27.156,0.863
484,-58.0,-3.0,27.016,0.713
485,-57.5,-3.0,26.937,0.645
486,-57.0,-3.0,27.198,0.65
487,-56.5,-3.0,27.243,0.676
488,-56.0,-3.0,27.018,0.802
489,-55.5,-3.0,26.836,0.941
490,-55.0,-3.0,26.706,1.118
491,-54.5,-3.0,26.675,1.203
492,-54.0,-3.0,26.656,1.216
493,-53.5,-3.0,26.445,1.073
494,-53.0,-3.0,26.118,0.879
495,-52.5,-3.0,25.637,0.889
496,-52.0,-3.0,25.935,0.972
497,-51.5,-3.0,26.437,1.079
498,-51.0,-3.0,26.669,1.103
499,-50.5,-3.0,26.774,1.128
500,-50.0,-3.0,26.846,1.191
501,-49.5,-3.0,26.895,1.254
502,-49.0,-3.0,26.832,1.251
503,-48.5,-3.0,26.726,1.177
504,-48.0,-3.0,26.733,1.239
505,-47.5,-3.0,26.794,1.121
506,-47.0,-3.0,26.804,1.28
507,-46.5,-3.0,26.869,1.522
508,-46.0,-3.0,26.944,1.628
509,-45.5,-3.0,27.048,1.682
510,-45.0,-3.0,27.138,1.734
511,-44.5,-3.0,27.164,1.806
512,-44.0,-3.0,27.208,1.874
513,-43.5,-3.0,27.33,1.99
514,-43.0,-3.0,27.366,2.227
515,-42.5,-3.0,27.323,2.408
516,-42.0,-3.0,27.25,2.916
517,-41.5,-3.0,27.055,2.879
518,-41.0,-3.0,26.545,2.67
519,-40.5,-3.0,26.711,2.759
520,-40.0,-3.0,26.773,3.094
521,-69.5,-3.5,25.811,0.963
522,-69.0,-3.5,25.868,0.952
523,-68.5,-3.5,25.91,0.947
524,-68.0,-3.5,25.981,0.924
525,-67.5,-3.5,26.094,0.938
526,-67.0,-3.5,26.258,0.937
527,-66.5,-3.5,26.337,0.938
528,-66.0,-3.5,26.426,0.937
529,-65.5,-3.5,26.564,0.959
530,-65.0,-3.5,26.646,0.981
531,-64.5,-3.5,26.766,0.993
532,-64.0,-3.5,26.866,1.056
533,-63.5,-3.5,26.947,1.105
534,-63.0,-3.5,26.981,1.116
535,-62.5,-3.5,26.966,1.057
536,-62.0,-3.5,27.002,1.019
537,-61.5,-3.5,27.074,1.05
538,-61.0,-3.5,27.209,1.155
539,-60.5,-3.5,27.285,1.209
540,-60.0,-3.5,27.376,1.144
541,-59.5,-3.5,27.11,0.702
542,-59.0,-3.5,27.091,0.43
543,-58.5,-3.5,27.055,0.756
544,-58.0,-3.5,26.716,0.618
545,-57.5,-3.5,26.511,0.523
546,-57.0,-3.5,26.93,0.697
547,-56.5,-3.5,27.085,0.794
548,-56.0,-3.5,27.088,0.884
549,-55.5,-3.5,26.94,0.946
550,-55.0,-3.5,26.756,0.987
551,-54.5,-3.5,26.605,0.907
552,-54.0,-3.5,26.529,0.875
553,-53.5,-3.5,26.307,0.848
554,-53.0,-3.5,26.0,0.506
555,-52.5,-3.5,25.615,0.833
556,-52.0,-3.5,25.913,0.944
557,-51.5,-3.5,26.456,1.032
558,-51.0,-3.5,26.761,0.956
559,-50.5,-3.5,26.851,0.908
560,-50.0,-3.5,26.765,0.979
561,-49.5,-3.5,26.76,0.946
562,-49.0,-3.5,26.758,1.18
563,-48.5,-3.5,26.733,1.288
564,-48.0,-3.5,26.692,1.358
565,-47.5,-3.5,26.713,1.378
566,-47.0,-3.5,26.776,1.463
567,-46.5,-3.5,26.867,1.609
568,-46.0,-3.5,26.964,1.645
569,-45.5,-3.5,27.113,1.636
570,-45.0,-3.5,27.264,1.615
571,-44.5,-3.5,27.322,1.685
572,-44.0,-3.5,27.369,1.807
573,-43.5,-3.5,27.571,1.905
574,-43.0,-3.5,27.487,1.995
575,-42.5,-3.5,27.347,2.199
576,-42.0,-3.5,27.173,2.51
577,-41.5,-3.5,26.481,2.684
578,-41.0,-3.5,24.605,3.063
579,-40.5,-3.5,26.901,2.377
580,-40.0,-3.5,26.928,2.59
581,-39.5,-3.5,26.531,2.643
582,-39.0,-3.5,26.366,2.665
583,-69.5,-4.0,25.709,0.974
584,-69.0,-4.0,25.792,0.956
585,-68.5,-4.0,25.835,0.953
586,-68.0,-4.0,25.889,0.951
587,-67.5,-4.0,26.025,0.946
588,-67.0,-4.0,26.214,0.984
589,-66.5,-4.0,26.316,0.961
590,-66.0,-4.0,26.423,0.945
591,-65.5,-4.0,26.527,0.959
592,-65.0,-4.0,26.653,0.992
593,-64.5,-4.0,26.761,1.018
594,-64.0,-4.0,26.892,1.082
595,-63.5,-4.0,27.007,1.169
596,-63.0,-4.0,27.037,1.195
597,-62.5,-4.0,26.981,1.108
598,-62.0,-4.0,26.971,1.029
599,-61.5,-4.0,27.033,1.022
600,-61.0,-4.0,27.11,1.05
601,-60.5,-4.0,27.162,1.054
602,-60.0,-4.0,27.134,0.948
603,-59.5,-4.0,27.066,0.718
604,-59.0,-4.0,27.043,0.598
605,-58.5,-4.0,26.967,0.698
606,-58.0,-4.0,26.837,0.686
607,-57.5,-4.0,26.793,0.677
608,-57.0,-4.0,26.952,0.769
609,-56.5,-4.0,27.213,0.886
610,-56.0,-4.0,27.48,0.97
611,-55.5,-4.0,27.162,0.955
612,-55.0,-4.0,26.785,0.932
613,-54.5,-4.0,26.562,0.786
614,-54.0,-4.0,26.518,0.757
615,-53.5,-4.0,26.377,0.866
616,-53.0,-4.0,26.18,0.798
617,-52.5,-4.0,26.125,0.897
618,-52.0,-4.0,26.271,1.006
619,-51.5,-4.0,26.54,1.04
620,-51.0,-4.0,26.811,0.901
621,-50.5,-4.0,26.914,0.806
622,-50.0,-4.0,26.664,1.137
623,-49.5,-4.0,26.729,0.872
624,-49.0,-4.0,26.706,1.184
625,-48.5,-4.0,26.657,1.33
626,-48.0,-4.0,26.511,1.473
627,-47.5,-4.0,26.323,1.647
628,-47.0,-4.0,26.692,1.656
629,-46.5,-4.0,26.839,1.943
630,-46.0,-4.0,26.963,1.765
631,-45.5,-4.0,27.199,1.579
632,-45.0,-4.0,27.59,1.33
633,-44.5,-4.0,27.555,1.423
634,-44.0,-4.0,27.423,1.707
635,-43.5,-4.0,27.564,1.845
636,-43.0,-4.0,27.512,1.884
637,-42.5,-4.0,27.48,1.991
638,-42.0,-4.0,27.636,2.044
639,-41.5,-4.0,26.944,2.307
640,-41.0,-4.0,25.025,2.905
641,-40.5,-4.0,26.957,2.283
642,-40.0,-4.0,26.946,2.363
643,-39.5,-4.0,26.035,2.623
644,-39.0,-4.0,24.093,2.909
645,-38.5,-4.0,26.811,2.639
646,-71.5,-4.5,25.593,1.02
647,-71.0,-4.5,25.617,0.993
648,-70.5,-4.5,25.611,0.976
649,-70.0,-4.5,25.66,0.97
650,-69.5,-4.5,25.699,0.961
651,-69.0,-4.5,25.751,0.952
652,-68.5,-4.5,25.798,0.953
653,-68.0,-4.5,25.857,0.954
654,-67.5,-4.5,25.981,0.98
655,-67.0,-4.5,26.14,0.985
656,-66.5,-4.5,26.246,0.954
657,-66.0,-4.5,26.363,0.946
658,-65.5,-4.5,26.51,0.958
659,-65.0,-4.5,26.6,0.98
660,-64.5,-4.5,26.738,1.011
661,-64.0,-4.5,26.864,1.066
662,-63.5,-4.5,26.969,1.136
663,-63.0,-4.5,26.992,1.155
664,-62.5,-4.5,26.946,1.083
665,-62.0,-4.5,26.924,1.007
666,-61.5,-4.5,26.959,0.981
667,-61.0,-4.5,27.007,0.971
668,-60.5,-4.5,27.003,0.962
669,-60.0,-4.5,26.997,0.894
670,-59.5,-4.5,26.972,0.799
671,-59.0,-4.5,26.942,0.745
672,-58.5,-4.5,26.9,0.751
673,-58.0,-4.5,26.86,0.754
674,-57.5,-4.5,26.868,0.77
675,-57.0,-4.5,26.969,0.826
676,-56.5,-4.5,27.249,0.92
677,-56.0,-4.5,27.54,0.983
678,-55.5,-4.5,27.203,0.965
679,-55.0,-4.5,26.823,0.947
680,-54.5,-4.5,26.626,0.906
681,-54.0,-4.5,26.539,0.901
682,-53.5,-4.5,26.45,0.949
683,-53.0,-4.5,26.374,0.979
684,-52.5,-4.5,26.357,1.027
685,-52.0,-4.5,26.432,1.078
686,-51.5,-4.5,26.555,1.101
687,-51.0,-4.5,26.673,1.077
688,-50.5,-4.5,26.695,1.12
689,-50.0,-4.5,26.62,1.284
690,-49.5,-4.5,26.658,1.21
691,-49.0,-4.5,26.661,1.257
692,-48.5,-4.5,26.573,1.315
693,-48.0,-4.5,26.402,1.357
694,-47.5,-4.5,26.254,1.661
695,-47.0,-4.5,26.703,1.669
696,-46.5,-4.5,26.829,2.116
697,-46.0,-4.5,26.974,1.782
698,-45.5,-4.5,27.223,1.564
699,-45.0,-4.5,27.569,1.335
700,-44.5,-4.5,27.542,1.413
701,-44.0,-4.5,27.391,1.625
702,-43.5,-4.5,27.378,1.578
703,-43.0,-4.5,27.525,1.654
704,-42.5,-4.5,27.655,1.8
705,-42.0,-4.5,27.844,1.882
706,-41.5,-4.5,27.518,2.067
707,-41.0,-4.5,26.957,2.328
708,-40.5,-4.5,26.99,2.364
709,-40.0,-4.5,26.871,2.425
710,-39.5,-4.5,26.24,2.551
711,-39.0,-4.5,23.939,2.904
712,-38.5,-4.5,26.126,2.73
713,-38.0,-4.5,27.283,2.737
714,-72.5,-5.0,25.626,1.066
715,-72.0,-5.0,25.616,1.041
716,-71.5,-5.0,25.624,1.013
717,-71.0,-5.0,25.606,0.988
718,-70.5,-5.0,25.594,0.962
719,-70.0,-5.0,25.626,0.95
720,-69.5,-5.0,25.658,0.943
721,-69.0,-5.0,25.69,0.948
722,-68.5,-5.0,25.758,0.949
723,-68.0,-5.0,25.833,0.968
724,-67.5,-5.0,25.95,0.98
725,-67.0,-5.0,26.039,0.982
726,-66.5,-5.0,26.212,0.97
727,-66.0,-5.0,26.331,0.942
728,-65.5,-5.0,26.424,0.95
729,-65.0,-5.0,26.525,0.964
730,-64.5,-5.0,26.653,0.984
731,-64.0,-5.0,26.761,1.024
732,-63.5,-5.0,26.838,1.052
733,-63.0,-5.0,26.871,1.055
734,-62.5,-5.0,26.869,1.024
735,-62.0,-5.0,26.843,0.975
736,-61.5,-5.0,26.867,0.948
737,-61.0,-5.0,26.852,0.932
738,-60.5,-5.0,26.874,0.922
739,-60.0,-5.0,26.865,0.879
740,-59.5,-5.0,26.864,0.836
741,-59.0,-5.0,26.846,0.807
742,-58.5,-5.0,26.83,0.804
743,-58.0,-5.0,26.817,0.807
744,-57.5,-5.0,26.842,0.818
745,-57.0,-5.0,26.902,0.862
746,-56.5,-5.0,27.019,0.912
747,-56.0,-5.0,27.1,0.958
748,-55.5,-5.0,26.963,0.971
749,-55.0,-5.0,26.766,0.978
750,-54.5,-5.0,26.627,0.979
751,-54.0,-5.0,26.552,0.999
752,-53.5,-5.0,26.492,1.028
753,-53.0,-5.0,26.453,1.082
754,-52.5,-5.0,26.444,1.123
755,-52.0,-5.0,26.468,1.157
756,-51.5,-5.0,26.519,1.178
757,-51.0,-5.0,26.58,1.176
758,-50.5,-5.0,26.612,1.211
759,-50.0,-5.0,26.633,1.244
760,-49.5,-5.0,26.62,1.272
761,-49.0,-5.0,26.597,1.291
762,-48.5,-5.0,26.62,1.316
763,-48.0,-5.0,26.473,1.267
764,-47.5,-5.0,26.782,1.342
765,-47.0,-5.0,26.876,1.465
766,-46.5,-5.0,26.957,1.609
767,-46.0,-5.0,27.067,1.598
768,-45.5,-5.0,27.238,1.528
769,-45.0,-5.0,27.337,1.495
770,-44.5,-5.0,27.337,1.549
771,-44.0,-5.0,27.348,1.593
772,-43.5,-5.0,27.333,1.454
773,-43.0,-5.0,27.914,1.417
774,-42.5,-5.0,27.875,1.603
775,-42.0,-5.0,27.88,1.757
776,-41.5,-5.0,27.436,2.075
777,-41.0,-5.0,27.499,2.217
778,-40.5,-5.0,27.667,2.242
779,-40.0,-5.0,27.176,2.364
780,-39.5,-5.0,27.359,2.226
781,-39.0,-5.0,27.175,2.378
782,-38.5,-5.0,27.714,2.569
783,-38.0,-5.0,27.719,2.692
784,-37.5,-5.0,27.577,3.239
785,-37.0,-5.0,27.501,3.178
786,-72.5,-5.5,25.653,1.071
787,-72.0,-5.5,25.626,1.054
788,-71.5,-5.5,25.623,1.016
789,-71.0,-5.5,25.595,0.979
790,-70.5,-5.5,25.576,0.937
791,-70.0,-5.5,25.602,0.911
792,-69.5,-5.5,25.614,0.909
793,-69.0,-5.5,25.647,0.926
794,-68.5,-5.5,25.726,0.952
795,-68.0,-5.5,25.799,0.966
796,-67.5,-5.5,25.883,0.972
797,-67.0,-5.5,26.015,0.981
798,-66.5,-5.5,26.161,0.981
799,-66.0,-5.5,26.308,0.934
800,-65.5,-5.5,26.402,0.941
801,-65.0,-5.5,26.485,0.945
802,-64.5,-5.5,26.546,0.952
803,-64.0,-5.5,26.625,0.971
804,-63.5,-5.5,26.706,0.988
805,-63.0,-5.5,26.752,0.984
806,-62.5,-5.5,26.755,0.973
807,-62.0,-5.5,26.769,0.954
808,-61.5,-5.5,26.729,0.928
809,-61.0,-5.5,26.728,0.906
810,-60.5,-5.5,26.727,0.876
811,-60.0,-5.5,26.736,0.871
812,-59.5,-5.5,26.724,0.854
813,-59.0,-5.5,26.718,0.848
814,-58.5,-5.5,26.719,0.854
815,-58.0,-5.5,26.718,0.862
816,-57.5,-5.5,26.739,0.875
817,-57.0,-5.5,26.774,0.894
818,-56.5,-5.5,26.818,0.919
819,-56.0,-5.5,26.824,0.949
820,-55.5,-5.5,26.771,0.983
821,-55.0,-5.5,26.666,1.007
822,-54.5,-5.5,26.594,1.031
823,-54.0,-5.5,26.539,1.051
824,-53.5,-5.5,26.497,1.103
825,-53.0,-5.5,26.447,1.156
826,-52.5,-5.5,26.436,1.212
827,-52.0,-5.5,26.431,1.24
828,-51.5,-5.5,26.441,1.243
829,-51.0,-5.5,26.476,1.255
830,-50.5,-5.5,26.526,1.273
831,-50.0,-5.5,26.582,1.287
832,-49.5,-5.5,26.582,1.29
833,-49.0,-5.5,26.525,1.277
834,-48.5,-5.5,26.834,1.387
835,-48.0,-5.5,27.123,1.476
836,-47.5,-5.5,27.384,0.851
837,-47.0,-5.5,27.032,1.281
838,-46.5,-5.5,27.08,1.499
839,-46.0,-5.5,27.184,1.541
840,-45.5,-5.5,27.385,1.429
841,-45.0,-5.5,27.429,1.413
842,-44.5,-5.5,27.289,1.481
843,-44.0,-5.5,27.318,1.526
844,-43.5,-5.5,27.382,1.615
845,-43.0,-5.5,27.502,1.604
846,-42.5,-5.5,27.494,1.708
847,-42.0,-5.5,27.468,1.916
848,-41.5,-5.5,27.384,2.098
849,-41.0,-5.5,27.466,2.22
850,-40.5,-5.5,27.532,2.285
851,-40.0,-5.5,27.3,2.371
852,-39.5,-5.5,27.409,2.323
853,-39.0,-5.5,27.575,2.446
854,-38.5,-5.5,27.826,2.61
855,-38.0,-5.5,27.873,2.665
856,-37.5,-5.5,27.642,2.714
857,-37.0,-5.5,27.588,1.863
858,-36.5,-5.5,27.465,3.033
859,-36.0,-5.5,26.888,3.158
860,-35.5,-5.5,26.564,3.445
861,-73.0,-6.0,25.71,1.085
862,-72.5,-6.0,25.694,1.075
863,-72.0,-6.0,25.655,1.061
864,-71.5,-6.0,25.623,1.028
865,-71.0,-6.0,25.584,0.973
866,-70.5,-6.0,25.557,0.901
867,-70.0,-6.0,25.562,0.847
868,-69.5,-6.0,25.571,0.855
869,-69.0,-6.0,25.615,0.907
870,-68.5,-6.0,25.677,0.948
871,-68.0,-6.0,25.768,0.967
872,-67.5,-6.0,25.859,0.975
873,-67.0,-6.0,25.997,0.973
874,-66.5,-6.0,26.144,0.974
875,-66.0,-6.0,26.281,0.953
876,-65.5,-6.0,26.393,0.918
877,-65.0,-6.0,26.465,0.911
878,-64.5,-6.0,26.49,0.921
879,-64.0,-6.0,26.528,0.93
880,-63.5,-6.0,26.579,0.945
881,-63.0,-6.0,26.629,0.941
882,-62.5,-6.0,26.64,0.951
883,-62.0,-6.0,26.622,0.946
884,-61.5,-6.0,26.602,0.928
885,-61.0,-6.0,26.569,0.9
886,-60.5,-6.0,26.542,0.866
887,-60.0,-6.0,26.535,0.86
888,-59.5,-6.0,26.54,0.86
889,-59.0,-6.0,26.559,0.874
890,-58.5,-6.0,26.573,0.887
891,-58.0,-6.0,26.582,0.901
892,-57.5,-6.0,26.62,0.907
893,-57.0,-6.0,26.63,0.927
894,-56.5,-6.0,26.647,0.951
895,-56.0,-6.0,26.631,0.973
896,-55.5,-6.0,26.616,1.0
897,-55.0,-6.0,26.574,1.037
898,-54.5,-6.0,26.533,1.062
899,-54.0,-6.0,26.493,1.098
900,-53.5,-6.0,26.459,1.15
901,-53.0,-6.0,26.427,1.224
902,-52.5,-6.0,26.397,1.313
903,-52.0,-6.0,26.355,1.369
904,-51.5,-6.0,26.312,1.327
905,-51.0,-6.0,26.316,1.305
906,-50.5,-6.0,26.425,1.314
907,-50.0,-6.0,26.512,1.324
908,-49.5,-6.0,26.568,1.328
909,-49.0,-6.0,26.641,1.33
910,-48.5,-6.0,26.804,1.366
911,-48.0,-6.0,26.945,1.374
912,-47.5,-6.0,26.937,1.223
913,-47.0,-6.0,26.924,1.322
914,-46.5,-6.0,27.086,1.491
915,-46.0,-6.0,27.225,1.544
916,-45.5,-6.0,27.194,1.51
917,-45.0,-6.0,27.238,1.486
918,-44.5,-6.0,27.278,1.252
919,-44.0,-6.0,27.305,1.237
920,-43.5,-6.0,27.355,1.615
921,-43.0,-6.0,27.11,1.465
922,-42.5,-6.0,27.032,1.475
923,-42.0,-6.0,27.447,1.94
924,-41.5,-6.0,27.45,2.086
925,-41.0,-6.0,27.34,2.245
926,-40.5,-6.0,27.434,2.399
927,-40.0,-6.0,27.373,2.418
928,-39.5,-6.0,27.391,2.453
929,-39.0,-6.0,27.804,2.559
930,-38.5,-6.0,28.673,2.727
931,-38.0,-6.0,27.613,2.632
932,-37.5,-6.0,27.5,2.689
933,-37.0,-6.0,27.444,2.66
934,-36.5,-6.0,26.961,2.794
935,-36.0,-6.0,26.385,3.046
936,-35.5,-6.0,26.352,3.552
937,-73.0,-6.5,25.771,1.08
938,-72.5,-6.5,25.758,1.072
939,-72.0,-6.5,25.699,1.07
940,-71.5,-6.5,25.634,1.047
941,-71.0,-6.5,25.571,0.99
942,-70.5,-6.5,25.54,0.878
943,-70.0,-6.5,25.537,0.77
944,-69.5,-6.5,25.545,0.802
945,-69.0,-6.5,25.587,0.893
946,-68.5,-6.5,25.652,0.95
947,-68.0,-6.5,25.734,0.978
948,-67.5,-6.5,25.839,0.982
949,-67.0,-6.5,25.976,0.977
950,-66.5,-6.5,26.108,0.968
951,-66.0,-6.5,26.266,0.948
952,-65.5,-6.5,26.412,0.887
953,-65.0,-6.5,26.48,0.862
954,-64.5,-6.5,26.493,0.871
955,-64.0,-6.5,26.471,0.898
956,-63.5,-6.5,26.467,0.922
957,-63.0,-6.5,26.506,0.927
958,-62.5,-6.5,26.539,0.93
959,-62.0,-6.5,26.505,0.942
960,-61.5,-6.5,26.49,0.924
961,-61.0,-6.5,26.443,0.876
962,-60.5,-6.5,26.377,0.823
963,-60.0,-6.5,26.316,0.784
964,-59.5,-6.5,26.348,0.812
965,-59.0,-6.5,26.417,0.865
966,-58.5,-6.5,26.446,0.899
967,-58.0,-6.5,26.461,0.925
968,-57.5,-6.5,26.47,0.942
969,-57.0,-6.5,26.484,0.965
970,-56.5,-6.5,26.494,0.994
971,-56.0,-6.5,26.47,1.01
972,-55.5,-6.5,26.459,1.036
973,-55.0,-6.5,26.444,1.068
974,-54.5,-6.5,26.453,1.093
975,-54.0,-6.5,26.441,1.144
976,-53.5,-6.5,26.433,1.204
977,-53.0,-6.5,26.412,1.285
978,-52.5,-6.5,26.341,1.413
979,-52.0,-6.5,26.26,1.589
980,-51.5,-6.5,26.114,1.368
981,-51.0,-6.5,25.942,1.257
982,-50.5,-6.5,26.289,1.336
983,-50.0,-6.5,26.4,1.383
984,-49.5,-6.5,26.486,1.361
985,-49.0,-6.5,26.56,1.319
986,-48.5,-6.5,26.572,1.269
987,-48.0,-6.5,26.597,1.236
988,-47.5,-6.5,26.421,1.157
989,-47.0,-6.5,26.699,1.304
990,-46.5,-6.5,26.892,1.442
991,-46.0,-6.5,26.984,1.505
992,-45.5,-6.5,27.029,1.535
993,-45.0,-6.5,27.087,1.533
994,-44.5,-6.5,27.157,1.467
995,-44.0,-6.5,27.257,1.52
996,-43.5,-6.5,27.531,1.654
997,-43.0,-6.5,28.012,1.581
998,-42.5,-6.5,27.5,1.77
999,-42.0,-6.5,27.65,1.976
1000,-41.5,-6.5,27.661,2.054
1001,-41.0,-6.5,27.344,2.259
1002,-40.5,-6.5,27.101,2.339
1003,-40.0,-6.5,27.105,2.391
1004,-39.5,-6.5,27.459,2.467
1005,-39.0,-6.5,27.482,2.476
1006,-38.5,-6.5,27.406,2.384
1007,-38.0,-6.5,27.292,2.483
1008,-37.5,-6.5,27.499,2.762
1009,-37.0,-6.5,28.753,2.985
1010,-36.5,-6.5,26.536,2.907
1011,-36.0,-6.5,25.435,3.095
1012,-35.5,-6.5,25.231,3.186
1013,-35.0,-6.5,25.768,3.013
1014,-73.5,-7.0,25.794,1.098
1015,-73.0,-7.0,25.857,1.055
1016,-72.5,-7.0,25.859,1.044
1017,-72.0,-7.0,25.764,1.071
1018,-71.5,-7.0,25.645,1.079
1019,-71.0,-7.0,25.556,1.049
1020,-70.5,-7.0,25.521,0.957
1021,-70.0,-7.0,25.53,0.829
1022,-69.5,-7.0,25.54,0.852
1023,-69.0,-7.0,25.573,0.928
1024,-68.5,-7.0,25.637,0.971
1025,-68.0,-7.0,25.722,0.993
1026,-67.5,-7.0,25.815,1.001
1027,-67.0,-7.0,25.935,0.995
1028,-66.5,-7.0,26.089,0.973
1029,-66.0,-7.0,26.265,0.938
1030,-65.5,-7.0,26.437,0.867
1031,-65.0,-7.0,26.54,0.81
1032,-64.5,-7.0,26.53,0.821
1033,-64.0,-7.0,26.461,0.883
1034,-63.5,-7.0,26.429,0.902
1035,-63.0,-7.0,26.436,0.899
1036,-62.5,-7.0,26.454,0.922
1037,-62.0,-7.0,26.404,0.94
1038,-61.5,-7.0,26.368,0.924
1039,-61.0,-7.0,26.31,0.873
1040,-60.5,-7.0,26.229,0.779
1041,-60.0,-7.0,26.144,0.682
1042,-59.5,-7.0,26.179,0.731
1043,-59.0,-7.0,26.261,0.857
1044,-58.5,-7.0,26.292,0.923
1045,-58.0,-7.0,26.293,0.971
1046,-57.5,-7.0,26.294,0.992
1047,-57.0,-7.0,26.343,1.011
1048,-56.5,-7.0,26.325,1.037
1049,-56.0,-7.0,26.335,1.057
1050,-55.5,-7.0,26.339,1.066
1051,-55.0,-7.0,26.352,1.078
1052,-54.5,-7.0,26.413,1.133
1053,-54.0,-7.0,26.405,1.172
1054,-53.5,-7.0,26.394,1.229
1055,-53.0,-7.0,26.387,1.302
1056,-52.5,-7.0,26.341,1.401
1057,-52.0,-7.0,26.27,1.496
1058,-51.5,-7.0,26.1,1.351
1059,-51.0,-7.0,25.958,1.269
1060,-50.5,-7.0,26.27,1.378
1061,-50.0,-7.0,26.173,1.497
1062,-49.5,-7.0,26.377,1.411
1063,-49.0,-7.0,26.481,1.307
1064,-48.5,-7.0,26.187,1.06
1065,-48.0,-7.0,26.128,0.989
1066,-47.5,-7.0,26.746,1.176
1067,-47.0,-7.0,26.747,1.312
1068,-46.5,-7.0,26.793,1.433
1069,-46.0,-7.0,26.828,1.443
1070,-45.5,-7.0,26.892,1.524
1071,-45.0,-7.0,26.959,1.53
1072,-44.5,-7.0,26.963,1.419
1073,-44.0,-7.0,27.113,1.552
1074,-43.5,-7.0,27.515,1.729
1075,-43.0,-7.0,28.209,1.652
1076,-42.5,-7.0,27.745,1.955
1077,-42.0,-7.0,27.973,2.036
1078,-41.5,-7.0,28.615,2.306
1079,-41.0,-7.0,27.528,2.317
1080,-40.5,-7.0,26.296,2.191
1081,-40.0,-7.0,26.731,2.335
1082,-39.5,-7.0,26.944,2.276
1083,-39.0,-7.0,27.003,2.297
1084,-38.5,-7.0,27.249,2.199
1085,-38.0,-7.0,27.178,2.348
1086,-37.5,-7.0,27.505,2.923
1087,-37.0,-7.0,27.23,2.975
1088,-36.5,-7.0,25.819,2.945
1089,-36.0,-7.0,24.149,3.305
1090,-35.5,-7.0,23.787,3.442
1091,-35.0,-7.0,25.969,2.486
1092,-73.5,-7.5,25.807,1.118
1093,-73.0,-7.5,25.937,1.017
1094,-72.5,-7.5,25.977,0.977
1095,-72.0,-7.5,25.799,1.085
1096,-71.5,-7.5,25.637,1.12
1097,-71.0,-7.5,25.517,1.147
1098,-70.5,-7.5,25.46,1.17
1099,-70.0,-7.5,25.468,1.096
1100,-69.5,-7.5,25.506,1.015
1101,-69.0,-7.5,25.549,0.997
1102,-68.5,-7.5,25.624,1.004
1103,-68.0,-7.5,25.72,1.017
1104,-67.5,-7.5,25.822,1.03
1105,-67.0,-7.5,25.913,1.019
1106,-66.5,-7.5,26.028,0.993
1107,-66.0,-7.5,26.21,0.948
1108,-65.5,-7.5,26.422,0.873
1109,-65.0,-7.5,26.536,0.812
1110,-64.5,-7.5,26.523,0.822
1111,-64.0,-7.5,26.441,0.887
1112,-63.5,-7.5,26.417,0.891
1113,-63.0,-7.5,26.426,0.873
1114,-62.5,-7.5,26.384,0.916
1115,-62.0,-7.5,26.358,0.949
1116,-61.5,-7.5,26.303,0.939
1117,-61.0,-7.5,26.239,0.906
1118,-60.5,-7.5,26.18,0.809
1119,-60.0,-7.5,26.142,0.703
1120,-59.5,-7.5,26.155,0.754
1121,-59.0,-7.5,26.184,0.869
1122,-58.5,-7.5,26.202,0.96
1123,-58.0,-7.5,26.184,1.002
1124,-57.5,-7.5,26.18,1.023
1125,-57.0,-7.5,26.18,1.053
1126,-56.5,-7.5,26.191,1.061
1127,-56.0,-7.5,26.213,1.082
1128,-55.5,-7.5,26.215,1.096
1129,-55.0,-7.5,26.286,1.14
1130,-54.5,-7.5,26.306,1.166
1131,-54.0,-7.5,26.346,1.199
1132,-53.5,-7.5,26.36,1.24
1133,-53.0,-7.5,26.364,1.289
1134,-52.5,-7.5,26.343,1.364
1135,-52.0,-7.5,26.33,1.388
1136,-51.5,-7.5,26.295,1.366
1137,-51.0,-7.5,26.314,1.369
1138,-50.5,-7.5,26.394,1.401
1139,-50.0,-7.5,26.376,1.437
1140,-49.5,-7.5,26.437,1.405
1141,-49.0,-7.5,26.48,1.34
1142,-48.5,-7.5,26.383,1.202
1143,-48.0,-7.5,26.495,1.164
1144,-47.5,-7.5,27.176,1.124
1145,-47.0,-7.5,26.789,1.391
1146,-46.5,-7.5,26.683,1.485
1147,-46.0,-7.5,26.747,1.227
1148,-45.5,-7.5,26.805,1.516
1149,-45.0,-7.5,26.863,1.524
1150,-44.5,-7.5,26.7,1.014
1151,-44.0,-7.5,26.926,1.415
1152,-43.5,-7.5,27.254,1.858
1153,-43.0,-7.5,27.427,2.037
1154,-42.5,-7.5,27.497,2.113
1155,-42.0,-7.5,27.559,2.202
1156,-41.5,-7.5,27.669,2.355
1157,-41.0,-7.5,27.354,2.462
1158,-40.5,-7.5,26.882,2.474
1159,-40.0,-7.5,26.896,2.557
1160,-39.5,-7.5,26.865,2.253
1161,-39.0,-7.5,26.898,2.278
1162,-38.5,-7.5,26.878,2.413
1163,-38.0,-7.5,26.986,2.374
1164,-37.5,-7.5,26.531,2.77
1165,-37.0,-7.5,26.065,2.895
1166,-36.5,-7.5,25.521,2.909
1167,-36.0,-7.5,24.825,3.034
1168,-35.5,-7.5,24.832,2.932
1169,-35.0,-7.5,25.645,2.481
1170,-73.5,-8.0,25.752,1.193
1171,-73.0,-8.0,25.805,1.211
1172,-72.5,-8.0,25.822,1.183
1173,-72.0,-8.0,25.74,1.159
1174,-71.5,-8.0,25.601,1.16
1175,-71.0,-8.0,25.466,1.223
1176,-70.5,-8.0,25.396,1.369
1177,-70.0,-8.0,25.402,1.298
1178,-69.5,-8.0,25.436,1.106
1179,-69.0,-8.0,25.51,1.031
1180,-68.5,-8.0,25.614,1.021
1181,-68.0,-8.0,25.742,1.038
1182,-67.5,-8.0,25.845,1.058
1183,-67.0,-8.0,25.897,1.05
1184,-66.5,-8.0,25.975,1.022
1185,-66.0,-8.0,26.13,0.98
1186,-65.5,-8.0,26.275,0.933
1187,-65.0,-8.0,26.396,0.895
1188,-64.5,-8.0,26.413,0.898
1189,-64.0,-8.0,26.353,0.929
1190,-63.5,-8.0,26.363,0.928
1191,-63.0,-8.0,26.38,0.912
1192,-62.5,-8.0,26.331,0.953
1193,-62.0,-8.0,26.279,0.992
1194,-61.5,-8.0,26.231,0.992
1195,-61.0,-8.0,26.175,0.96
1196,-60.5,-8.0,26.143,0.904
1197,-60.0,-8.0,26.118,0.865
1198,-59.5,-8.0,26.098,0.897
1199,-59.0,-8.0,26.082,0.959
1200,-58.5,-8.0,26.081,0.992
1201,-58.0,-8.0,26.107,1.027
1202,-57.5,-8.0,26.106,1.04
1203,-57.0,-8.0,26.103,1.069
1204,-56.5,-8.0,26.082,1.086
1205,-56.0,-8.0,26.067,1.116
1206,-55.5,-8.0,26.091,1.154
1207,-55.0,-8.0,26.142,1.168
1208,-54.5,-8.0,26.212,1.183
1209,-54.0,-8.0,26.264,1.208
1210,-53.5,-8.0,26.308,1.255
1211,-53.0,-8.0,26.333,1.303
1212,-52.5,-8.0,26.355,1.347
1213,-52.0,-8.0,26.382,1.378
1214,-51.5,-8.0,26.404,1.394
1215,-51.0,-8.0,26.427,1.401
1216,-50.5,-8.0,26.506,1.416
1217,-50.0,-8.0,26.638,1.396
1218,-49.5,-8.0,26.502,1.404
1219,-49.0,-8.0,26.507,1.374
1220,-48.5,-8.0,26.556,1.329
1221,-48.0,-8.0,26.613,1.326
1222,-47.5,-8.0,26.675,1.403
1223,-47.0,-8.0,26.467,1.683
1224,-46.5,-8.0,26.248,1.9
1225,-46.0,-8.0,26.632,1.588
1226,-45.5,-8.0,26.758,1.608
1227,-45.0,-8.0,26.854,1.627
1228,-44.5,-8.0,26.939,1.581
1229,-44.0,-8.0,27.147,1.675
1230,-43.5,-8.0,27.265,1.975
1231,-43.0,-8.0,27.606,2.567
1232,-42.5,-8.0,27.607,2.233
1233,-42.0,-8.0,27.62,2.274
1234,-41.5,-8.0,27.561,2.634
1235,-41.0,-8.0,27.866,2.995
1236,-40.5,-8.0,27.058,2.708
1237,-40.0,-8.0,27.072,2.939
1238,-39.5,-8.0,27.123,2.531
1239,-39.0,-8.0,27.875,2.368
1240,-38.5,-8.0,26.472,2.552
1241,-38.0,-8.0,26.308,2.62
1242,-37.5,-8.0,25.813,2.828
1243,-37.0,-8.0,25.244,3.014
1244,-36.5,-8.0,25.042,2.838
1245,-36.0,-8.0,24.24,2.959
1246,-35.5,-8.0,24.885,2.726
1247,-35.0,-8.0,25.824,1.639
1248,-73.0,-8.5,25.68,1.31
1249,-72.5,-8.5,25.689,1.303
1250,-72.0,-8.5,25.64,1.229
1251,-71.5,-8.5,25.552,1.174
1252,-71.0,-8.5,25.438,1.189
1253,-70.5,-8.5,25.382,1.276
1254,-70.0,-8.5,25.358,1.183
1255,-69.5,-8.5,25.355,1.028
1256,-69.0,-8.5,25.435,0.997
1257,-68.5,-8.5,25.595,1.017
1258,-68.0,-8.5,25.784,1.057
1259,-67.5,-8.5,25.9,1.087
1260,-67.0,-8.5,25.906,1.081
1261,-66.5,-8.5,25.931,1.049
1262,-66.0,-8.5,26.014,1.021
1263,-65.5,-8.5,26.152,0.992
1264,-65.0,-8.5,26.235,0.974
1265,-64.5,-8.5,26.253,0.991
1266,-64.0,-8.5,26.252,1.014
1267,-63.5,-8.5,26.258,1.024
1268,-63.0,-8.5,26.265,1.029
1269,-62.5,-8.5,26.219,1.051
1270,-62.0,-8.5,26.16,1.056
1271,-61.5,-8.5,26.134,1.05
1272,-61.0,-8.5,26.076,1.036
1273,-60.5,-8.5,26.043,1.007
1274,-60.0,-8.5,26.008,1.002
1275,-59.5,-8.5,25.984,1.006
1276,-59.0,-8.5,25.965,1.023
1277,-58.5,-8.5,25.991,1.036
1278,-58.0,-8.5,26.048,1.024
1279,-57.5,-8.5,26.101,1.02
1280,-57.0,-8.5,26.071,1.07
1281,-56.5,-8.5,25.982,1.129
1282,-56.0,-8.5,25.96,1.159
1283,-55.5,-8.5,25.94,1.181
1284,-55.0,-8.5,25.987,1.183
1285,-54.5,-8.5,26.074,1.203
1286,-54.0,-8.5,26.16,1.229
1287,-53.5,-8.5,26.227,1.269
1288,-53.0,-8.5,26.309,1.308
1289,-52.5,-8.5,26.33,1.368
1290,-52.0,-8.5,26.358,1.4
1291,-51.5,-8.5,26.417,1.4
1292,-51.0,-8.5,26.495,1.41
1293,-50.5,-8.5,26.541,1.446
1294,-50.0,-8.5,26.512,1.601
1295,-49.5,-8.5,26.497,1.463
1296,-49.0,-8.5,26.517,1.386
1297,-48.5,-8.5,26.618,1.286
1298,-48.0,-8.5,26.649,1.268
1299,-47.5,-8.5,26.564,1.462
1300,-47.0,-8.5,26.414,1.685
1301,-46.5,-8.5,26.362,1.772
1302,-46.0,-8.5,26.563,1.608
1303,-45.5,-8.5,26.68,1.647
1304,-45.0,-8.5,26.826,1.695
1305,-44.5,-8.5,27.068,1.662
1306,-44.0,-8.5,27.537,1.524
1307,-43.5,-8.5,27.244,1.88
1308,-43.0,-8.5,27.315,2.241
1309,-42.5,-8.5,27.84,2.191
1310,-42.0,-8.5,27.862,2.242
1311,-41.5,-8.5,27.294,2.57
1312,-41.0,-8.5,27.287,2.761
1313,-40.5,-8.5,26.932,2.711
1314,-40.0,-8.5,26.917,2.737
1315,-39.5,-8.5,27.2,2.642
1316,-39.0,-8.5,27.059,2.65
1317,-38.5,-8.5,27.121,2.973
1318,-38.0,-8.5,26.193,2.801
1319,-37.5,-8.5,25.785,2.914
1320,-37.0,-8.5,24.147,3.299
1321,-36.5,-8.5,24.387,2.627
1322,-36.0,-8.5,24.118,2.721
1323,-35.5,-8.5,24.82,2.295
1324,-72.5,-9.0,25.485,1.347
1325,-72.0,-9.0,25.551,1.248
1326,-71.5,-9.0,25.501,1.156
1327,-71.0,-9.0,25.391,1.078
1328,-70.5,-9.0,25.265,0.954
1329,-70.0,-9.0,25.143,0.766
1330,-69.5,-9.0,25.201,0.818
1331,-69.0,-9.0,25.347,0.925
1332,-68.5,-9.0,25.524,0.994
1333,-68.0,-9.0,25.759,1.054
1334,-67.5,-9.0,25.901,1.089
1335,-67.0,-9.0,25.899,1.085
1336,-66.5,-9.0,25.9,1.058
1337,-66.0,-9.0,25.952,1.045
1338,-65.5,-9.0,26.035,1.029
1339,-65.0,-9.0,26.075,1.042
1340,-64.5,-9.0,26.117,1.072
1341,-64.0,-9.0,26.153,1.117
1342,-63.5,-9.0,26.165,1.157
1343,-63.0,-9.0,26.139,1.194
1344,-62.5,-9.0,26.13,1.183
1345,-62.0,-9.0,26.081,1.145
1346,-61.5,-9.0,26.018,1.125
1347,-61.0,-9.0,25.98,1.101
1348,-60.5,-9.0,25.94,1.089
1349,-60.0,-9.0,25.907,1.074
1350,-59.5,-9.0,25.86,1.072
1351,-59.0,-9.0,25.841,1.076
1352,-58.5,-9.0,25.883,1.068
1353,-58.0,-9.0,26.065,1.032
1354,-57.5,-9.0,26.301,0.966
1355,-57.0,-9.0,26.165,1.034
1356,-56.5,-9.0,25.924,1.134
1357,-56.0,-9.0,25.793,1.165
1358,-55.5,-9.0,25.8,1.158
1359,-55.0,-9.0,25.884,1.14
1360,-54.5,-9.0,25.962,1.164
1361,-54.0,-9.0,26.059,1.235
1362,-53.5,-9.0,26.144,1.299
1363,-53.0,-9.0,26.203,1.358
1364,-52.5,-9.0,26.25,1.4
1365,-52.0,-9.0,26.32,1.4
1366,-51.5,-9.0,26.43,1.406
1367,-51.0,-9.0,26.559,1.379
1368,-50.5,-9.0,26.737,1.326
1369,-50.0,-9.0,26.564,1.557
1370,-49.5,-9.0,26.507,1.529
1371,-49.0,-9.0,26.528,1.413
1372,-48.5,-9.0,26.734,1.119
1373,-48.0,-9.0,26.861,0.938
1374,-47.5,-9.0,26.516,1.458
1375,-47.0,-9.0,26.406,1.629
1376,-46.5,-9.0,26.428,1.601
1377,-46.0,-9.0,26.621,1.066
1378,-45.5,-9.0,26.597,1.596
1379,-45.0,-9.0,26.803,1.743
1380,-44.5,-9.0,27.542,1.323
1381,-44.0,-9.0,27.228,1.619
1382,-43.5,-9.0,26.762,2.06
1383,-43.0,-9.0,27.109,2.157
1384,-42.5,-9.0,27.41,2.192
1385,-42.0,-9.0,27.089,2.447
1386,-41.5,-9.0,26.868,2.551
1387,-41.0,-9.0,26.781,2.712
1388,-40.5,-9.0,26.851,2.918
1389,-40.0,-9.0,27.395,3.108
1390,-39.5,-9.0,26.748,2.793
1391,-39.0,-9.0,26.567,2.706
1392,-38.5,-9.0,26.5,2.72
1393,-38.0,-9.0,26.203,2.64
1394,-37.5,-9.0,25.852,2.611
1395,-37.0,-9.0,25.039,2.533
1396,-36.5,-9.0,22.124,2.097
1397,-36.0,-9.0,24.754,2.395
1398,-35.5,-9.0,25.144,2.258
1399,-72.0,-9.5,25.507,1.221
1400,-71.5,-9.5,25.457,1.121
1401,-71.0,-9.5,25.344,1.002
1402,-70.5,-9.5,25.189,0.82
1403,-70.0,-9.5,25.062,0.649
1404,-69.5,-9.5,25.133,0.74
1405,-69.0,-9.5,25.27,0.889
1406,-68.5,-9.5,25.413,0.972
1407,-68.0,-9.5,25.608,1.028
1408,-67.5,-9.5,25.768,1.059
1409,-67.0,-9.5,25.819,1.065
1410,-66.5,-9.5,25.839,1.062
1411,-66.0,-9.5,25.899,1.06
1412,-65.5,-9.5,25.908,1.063
1413,-65.0,-9.5,25.973,1.088
1414,-64.5,-9.5,26.021,1.129
1415,-64.0,-9.5,26.077,1.201
1416,-63.5,-9.5,26.101,1.3
1417,-63.0,-9.5,26.134,1.362
1418,-62.5,-9.5,26.093,1.318
1419,-62.0,-9.5,26.018,1.242
1420,-61.5,-9.5,25.974,1.183
1421,-61.0,-9.5,25.905,1.156
1422,-60.5,-9.5,25.855,1.148
1423,-60.0,-9.5,25.797,1.136
1424,-59.5,-9.5,25.739,1.121
1425,-59.0,-9.5,25.639,1.123
1426,-58.5,-9.5,25.627,1.113
1427,-58.0,-9.5,26.054,1.018
1428,-57.5,-9.5,26.833,0.78
1429,-57.0,-9.5,26.387,0.95
1430,-56.5,-9.5,25.783,1.183
1431,-56.0,-9.5,25.583,1.188
1432,-55.5,-9.5,25.644,1.119
1433,-55.0,-9.5,25.81,0.996
1434,-54.5,-9.5,25.869,1.054
1435,-54.0,-9.5,25.957,1.193
1436,-53.5,-9.5,26.087,1.291
1437,-53.0,-9.5,26.113,1.356
1438,-52.5,-9.5,26.192,1.412
1439,-52.0,-9.5,26.258,1.429
1440,-51.5,-9.5,26.346,1.425
1441,-51.0,-9.5,26.533,1.377
1442,-50.5,-9.5,26.909,1.204
1443,-50.0,-9.5,26.702,1.341
1444,-49.5,-9.5,26.499,1.469
1445,-49.0,-9.5,26.512,1.457
1446,-48.5,-9.5,26.618,1.392
1447,-48.0,-9.5,26.595,1.399
1448,-47.5,-9.5,26.412,1.568
1449,-47.0,-9.5,26.272,1.706
1450,-46.5,-9.5,26.258,1.756
1451,-46.0,-9.5,26.376,1.679
1452,-45.5,-9.5,26.695,1.971
1453,-45.0,-9.5,26.712,1.951
1454,-44.5,-9.5,26.882,1.74
1455,-44.0,-9.5,26.831,1.843
1456,-43.5,-9.5,26.529,2.135
1457,-43.0,-9.5,26.747,2.225
1458,-42.5,-9.5,27.015,2.501
1459,-42.0,-9.5,27.193,3.205
1460,-41.5,-9.5,26.576,2.634
1461,-41.0,-9.5,26.501,2.77
1462,-40.5,-9.5,27.189,3.402
1463,-40.0,-9.5,26.386,2.917
1464,-39.5,-9.5,25.996,3.038
1465,-39.0,-9.5,26.052,2.773
1466,-38.5,-9.5,26.101,2.62
1467,-38.0,-9.5,26.634,2.448
1468,-37.5,-9.5,26.653,2.266
1469,-37.0,-9.5,25.554,2.345
1470,-36.5,-9.5,25.098,2.309
1471,-36.0,-9.5,25.314,2.46
1472,-70.5,-10.0,25.223,0.873
1473,-70.0,-10.0,25.157,0.8
1474,-69.5,-10.0,25.163,0.84
1475,-69.0,-10.0,25.175,0.92
1476,-68.5,-10.0,25.245,0.971
1477,-68.0,-10.0,25.397,1.004
1478,-67.5,-10.0,25.564,1.029
1479,-67.0,-10.0,25.697,1.046
1480,-65.0,-10.0,25.895,1.126
1481,-64.5,-10.0,25.969,1.169
1482,-64.0,-10.0,26.015,1.252
1483,-63.5,-10.0,26.098,1.357
1484,-63.0,-10.0,26.161,1.436
1485,-62.5,-10.0,26.099,1.378
1486,-62.0,-10.0,26.016,1.282
1487,-61.5,-10.0,25.949,1.24
1488,-61.0,-10.0,25.869,1.227
1489,-60.5,-10.0,25.796,1.197
1490,-60.0,-10.0,25.722,1.171
1491,-59.5,-10.0,25.634,1.158
1492,-59.0,-10.0,25.527,1.143
1493,-58.5,-10.0,25.434,1.134
1494,-58.0,-10.0,25.811,1.082
1495,-57.5,-10.0,26.254,0.975
1496,-57.0,-10.0,26.035,1.087
1497,-56.5,-10.0,25.582,1.317
1498,-56.0,-10.0,25.4,1.232
1499,-55.5,-10.0,25.51,1.102
1500,-55.0,-10.0,25.861,0.787
1501,-54.5,-10.0,25.85,0.962
1502,-54.0,-10.0,25.903,1.196
1503,-53.5,-10.0,25.949,1.322
1504,-53.0,-10.0,26.066,1.38
1505,-52.5,-10.0,26.132,1.431
1506,-52.0,-10.0,26.138,1.461
1507,-51.5,-10.0,26.248,1.462
1508,-51.0,-10.0,26.354,1.442
1509,-50.5,-10.0,26.471,1.42
1510,-50.0,-10.0,26.482,1.451
1511,-49.5,-10.0,26.475,1.482
1512,-49.0,-10.0,26.508,1.515
1513,-48.5,-10.0,26.965,1.537
1514,-48.0,-10.0,26.783,1.564
1515,-47.5,-10.0,26.278,1.676
1516,-47.0,-10.0,26.064,1.824
1517,-46.5,-10.0,25.856,2.035
1518,-46.0,-10.0,25.675,2.316
1519,-45.5,-10.0,26.228,2.403
1520,-45.0,-10.0,26.494,2.102
1521,-44.5,-10.0,26.415,1.941
1522,-44.0,-10.0,26.494,1.941
1523,-43.5,-10.0,26.559,2.04
1524,-43.0,-10.0,26.711,2.235
1525,-42.5,-10.0,27.565,2.497
1526,-42.0,-10.0,26.714,2.679
1527,-41.5,-10.0,26.013,2.582
1528,-41.0,-10.0,25.779,2.622
1529,-40.5,-10.0,25.807,2.724
1530,-40.0,-10.0,25.617,2.832
1531,-39.5,-10.0,25.503,3.398
1532,-39.0,-10.0,25.653,2.816
1533,-38.5,-10.0,25.869,2.662
1534,-38.0,-10.0,25.936,2.516
1535,-37.5,-10.0,25.986,2.329
1536,-37.0,-10.0,25.706,2.326
1537,-36.5,-10.0,25.55,2.249
1538,-70.5,-10.5,25.246,0.938
1539,-70.0,-10.5,25.179,0.914
1540,-69.5,-10.5,25.092,0.931
1541,-69.0,-10.5,24.963,0.961
1542,-68.5,-10.5,24.973,0.974
1543,-68.0,-10.5,25.162,0.991
1544,-65.0,-10.5,25.837,1.146
1545,-64.5,-10.5,25.907,1.182
1546,-64.0,-10.5,25.961,1.253
1547,-63.5,-10.5,26.029,1.325
1548,-63.0,-10.5,26.065,1.365
1549,-62.5,-10.5,26.038,1.341
1550,-62.0,-10.5,26.017,1.302
1551,-61.5,-10.5,26.005,1.287
1552,-61.0,-10.5,25.908,1.273
1553,-60.5,-10.5,25.738,1.241
1554,-60.0,-10.5,25.593,1.218
1555,-59.5,-10.5,25.51,1.189
1556,-59.0,-10.5,25.487,1.153
1557,-58.5,-10.5,25.53,1.138
1558,-58.0,-10.5,25.669,1.12
1559,-57.5,-10.5,25.79,1.11
1560,-57.0,-10.5,25.765,1.174
1561,-56.5,-10.5,25.628,1.281
1562,-56.0,-10.5,25.552,1.279
1563,-55.5,-10.5,25.626,1.205
1564,-55.0,-10.5,25.755,1.116
1565,-54.5,-10.5,25.803,1.163
1566,-54.0,-10.5,25.849,1.294
1567,-53.5,-10.5,25.877,1.371
1568,-53.0,-10.5,25.945,1.426
1569,-52.5,-10.5,25.965,1.48
1570,-52.0,-10.5,26.036,1.495
1571,-51.5,-10.5,26.158,1.507
1572,-51.0,-10.5,26.273,1.513
1573,-50.5,-10.5,26.341,1.5
1574,-50.0,-10.5,26.469,1.481
1575,-49.5,-10.5,26.6,1.444
1576,-49.0,-10.5,26.423,1.54
1577,-48.5,-10.5,26.699,1.572
1578,-48.0,-10.5,26.527,1.618
1579,-47.5,-10.5,26.051,1.745
1580,-47.0,-10.5,25.823,1.895
1581,-46.5,-10.5,25.513,2.193
1582,-46.0,-10.5,24.259,3.244
1583,-45.5,-10.5,25.622,2.208
1584,-45.0,-10.5,26.235,1.768
1585,-44.5,-10.5,26.181,1.913
1586,-44.0,-10.5,26.437,1.826
1587,-43.5,-10.5,26.621,1.754
1588,-43.0,-10.5,26.59,2.095
1589,-42.5,-10.5,26.477,2.311
1590,-42.0,-10.5,26.029,2.427
1591,-41.5,-10.5,25.193,2.538
1592,-41.0,-10.5,24.868,2.589
1593,-40.5,-10.5,25.122,2.604
1594,-40.0,-10.5,24.66,2.715
1595,-39.5,-10.5,25.449,2.821
1596,-39.0,-10.5,24.707,3.107
1597,-38.5,-10.5,25.388,2.607
1598,-38.0,-10.5,25.149,2.496
1599,-37.5,-10.5,25.983,2.702
1600,-37.0,-10.5,25.905,2.421
1601,-36.5,-10.5,26.132,1.709
1602,-69.0,-11.0,24.813,0.972
1603,-68.5,-11.0,24.808,0.973
1604,-65.0,-11.0,25.769,1.154
1605,-64.5,-11.0,25.83,1.193
1606,-64.0,-11.0,25.871,1.24
1607,-63.5,-11.0,25.912,1.281
1608,-63.0,-11.0,25.942,1.3
1609,-62.5,-11.0,26.003,1.314
1610,-62.0,-11.0,26.152,1.324
1611,-61.5,-11.0,26.327,1.349
1612,-61.0,-11.0,26.104,1.33
1613,-60.5,-11.0,25.714,1.3
1614,-60.0,-11.0,25.488,1.268
1615,-59.5,-11.0,25.394,1.198
1616,-59.0,-11.0,25.321,1.105
1617,-58.5,-11.0,25.384,1.106
1618,-58.0,-11.0,25.612,1.1
1619,-57.5,-11.0,25.755,1.018
1620,-57.0,-11.0,25.71,1.159
1621,-56.5,-11.0,25.68,1.282
1622,-56.0,-11.0,25.681,1.334
1623,-55.5,-11.0,25.692,1.352
1624,-55.0,-11.0,25.732,1.339
1625,-54.5,-11.0,25.747,1.35
1626,-54.0,-11.0,25.747,1.398
1627,-53.5,-11.0,25.737,1.45
1628,-53.0,-11.0,25.682,1.518
1629,-52.5,-11.0,25.808,1.541
1630,-52.0,-11.0,25.932,1.55
1631,-51.5,-11.0,26.088,1.547
1632,-51.0,-11.0,26.337,1.536
1633,-50.5,-11.0,26.395,1.535
1634,-50.0,-11.0,26.345,1.542
1635,-49.5,-11.0,26.336,1.532
1636,-49.0,-11.0,26.235,1.547
1637,-48.5,-11.0,26.164,1.597
1638,-48.0,-11.0,26.004,1.676
1639,-47.5,-11.0,25.786,1.753
1640,-47.0,-11.0,25.632,1.872
1641,-46.5,-11.0,25.478,2.103
1642,-46.0,-11.0,25.396,2.181
1643,-45.5,-11.0,25.611,1.808
1644,-45.0,-11.0,25.694,1.603
1645,-44.5,-11.0,25.969,1.878
1646,-44.0,-11.0,26.314,1.832
1647,-43.5,-11.0,26.757,1.797
1648,-43.0,-11.0,27.419,1.91
1649,-42.5,-11.0,26.035,2.218
1650,-42.0,-11.0,25.17,2.457
1651,-41.5,-11.0,25.157,2.451
1652,-41.0,-11.0,25.122,2.413
1653,-40.5,-11.0,24.746,2.243
1654,-40.0,-11.0,25.328,2.664
1655,-39.5,-11.0,25.99,3.163
1656,-39.0,-11.0,25.271,2.701
1657,-38.5,-11.0,25.205,2.544
1658,-38.0,-11.0,25.054,2.484
1659,-37.5,-11.0,25.791,2.606
1660,-65.0,-11.5,25.681,1.157
1661,-64.5,-11.5,25.696,1.203
1662,-64.0,-11.5,25.748,1.24
1663,-63.5,-11.5,25.793,1.26
1664,-63.0,-11.5,25.849,1.282
1665,-62.5,-11.5,25.957,1.311
1666,-62.0,-11.5,26.237,1.343
1667,-61.5,-11.5,26.619,1.378
1668,-61.0,-11.5,26.231,1.364
1669,-60.5,-11.5,25.626,1.346
1670,-60.0,-11.5,25.368,1.32
1671,-59.5,-11.5,25.303,1.23
1672,-59.0,-11.5,25.23,1.063
1673,-58.5,-11.5,25.275,1.086
1674,-58.0,-11.5,25.552,1.136
1675,-57.5,-11.5,25.755,1.005
1676,-57.0,-11.5,25.674,1.18
1677,-56.5,-11.5,25.665,1.329
1678,-56.0,-11.5,25.744,1.456
1679,-55.5,-11.5,25.818,1.554
1680,-55.0,-11.5,25.747,1.492
1681,-54.5,-11.5,25.688,1.474
1682,-54.0,-11.5,25.621,1.501
1683,-53.5,-11.5,25.561,1.525
1684,-53.0,-11.5,25.61,1.553
1685,-52.5,-11.5,25.675,1.552
1686,-52.0,-11.5,25.849,1.562
1687,-51.5,-11.5,26.141,1.57
1688,-51.0,-11.5,26.734,1.502
1689,-50.5,-11.5,26.808,1.501
1690,-50.0,-11.5,26.451,1.608
1691,-49.5,-11.5,26.382,1.573
1692,-49.0,-11.5,26.082,1.383
1693,-48.5,-11.5,26.105,1.509
1694,-48.0,-11.5,25.864,1.655
1695,-47.5,-11.5,25.649,1.789
1696,-47.0,-11.5,25.212,2.422
1697,-46.5,-11.5,25.236,2.287
1698,-46.0,-11.5,25.256,2.073
1699,-45.5,-11.5,25.422,1.908
1700,-45.0,-11.5,25.607,1.802
1701,-44.5,-11.5,25.756,1.878
1702,-44.0,-11.5,26.008,1.93
1703,-43.5,-11.5,26.368,1.966
1704,-43.0,-11.5,26.449,2.029
1705,-42.5,-11.5,25.684,2.202
1706,-42.0,-11.5,24.586,2.548
1707,-41.5,-11.5,24.9,2.409
1708,-41.0,-11.5,25.032,2.321
1709,-40.5,-11.5,24.841,2.271
1710,-40.0,-11.5,25.11,2.464
1711,-39.5,-11.5,25.162,2.6
1712,-39.0,-11.5,24.734,2.689
1713,-38.5,-11.5,25.14,2.514
1714,-38.0,-11.5,25.136,2.529
1715,-37.5,-11.5,25.37,2.53
1716,-64.5,-12.0,25.626,1.212
1717,-64.0,-12.0,25.667,1.233
1718,-63.5,-12.0,25.712,1.248
1719,-63.0,-12.0,25.755,1.28
1720,-62.5,-12.0,25.833,1.309
1721,-62.0,-12.0,25.98,1.336
1722,-61.5,-12.0,26.077,1.366
1723,-61.0,-12.0,25.755,1.387
1724,-60.5,-12.0,25.281,1.442
1725,-60.0,-12.0,25.123,1.433
1726,-59.5,-12.0,25.178,1.338
1727,-59.0,-12.0,25.248,1.279
1728,-58.5,-12.0,25.307,1.322
1729,-58.0,-12.0,25.399,1.331
1730,-57.5,-12.0,25.529,1.252
1731,-57.0,-12.0,25.578,1.265
1732,-56.5,-12.0,25.669,1.347
1733,-56.0,-12.0,25.837,1.517
1734,-55.5,-12.0,26.022,1.831
1735,-55.0,-12.0,25.761,1.58
1736,-54.5,-12.0,25.601,1.558
1737,-54.0,-12.0,25.497,1.578
1738,-53.5,-12.0,25.484,1.572
1739,-53.0,-12.0,25.498,1.554
1740,-52.5,-12.0,25.567,1.503
1741,-52.0,-12.0,25.708,1.515
1742,-51.5,-12.0,26.016,1.595
1743,-51.0,-12.0,26.511,1.602
1744,-50.5,-12.0,26.687,1.642
1745,-50.0,-12.0,26.619,1.695
1746,-49.5,-12.0,26.754,1.689
1747,-49.0,-12.0,26.136,1.405
1748,-48.5,-12.0,26.697,1.256
1749,-48.0,-12.0,25.867,1.568
1750,-47.5,-12.0,25.525,1.781
1751,-47.0,-12.0,25.251,2.113
1752,-46.5,-12.0,25.1,2.138
1753,-46.0,-12.0,24.456,2.372
1754,-45.5,-12.0,24.97,2.074
1755,-45.0,-12.0,25.808,1.553
1756,-44.5,-12.0,25.582,1.84
1757,-44.0,-12.0,25.783,1.949
1758,-43.5,-12.0,26.612,1.999
1759,-43.0,-12.0,26.763,2.03
1760,-42.5,-12.0,25.508,2.141
1761,-42.0,-12.0,24.98,2.18
1762,-41.5,-12.0,24.881,2.096
1763,-41.0,-12.0,24.911,2.198
1764,-40.5,-12.0,24.934,2.499
1765,-40.0,-12.0,24.949,2.405
1766,-39.5,-12.0,24.877,2.412
1767,-39.0,-12.0,24.767,2.477
1768,-38.5,-12.0,25.04,2.394
1769,-38.0,-12.0,25.417,2.489
1770,-64.0,-12.5,25.613,1.228
1771,-63.5,-12.5,25.618,1.242
1772,-63.0,-12.5,25.632,1.273
1773,-62.5,-12.5,25.651,1.302
1774,-62.0,-12.5,25.638,1.336
1775,-61.5,-12.5,25.531,1.375
1776,-61.0,-12.5,25.231,1.447
1777,-60.5,-12.5,24.86,1.603
1778,-60.0,-12.5,24.753,1.658
1779,-59.5,-12.5,24.953,1.455
1780,-59.0,-12.5,25.148,1.402
1781,-58.5,-12.5,25.244,1.531
1782,-58.0,-12.5,25.272,1.535
1783,-57.5,-12.5,25.459,1.283
1784,-57.0,-12.5,25.565,1.197
1785,-56.5,-12.5,25.635,1.283
1786,-56.0,-12.5,25.876,1.245
1787,-55.5,-12.5,25.926,1.26
1788,-55.0,-12.5,25.662,1.574
1789,-54.5,-12.5,25.481,1.664
1790,-54.0,-12.5,25.398,1.661
1791,-53.5,-12.5,25.38,1.626
1792,-53.0,-12.5,25.415,1.555
1793,-52.5,-12.5,25.483,1.329
1794,-52.0,-12.5,25.526,1.305
1795,-51.5,-12.5,25.866,1.612
1796,-51.0,-12.5,26.51,1.777
1797,-50.5,-12.5,27.761,2.045
1798,-50.0,-12.5,27.108,1.89
1799,-49.5,-12.5,26.816,1.776
1800,-49.0,-12.5,26.106,1.623
1801,-48.5,-12.5,25.908,1.527
1802,-48.0,-12.5,25.986,1.327
1803,-47.5,-12.5,25.55,1.584
1804,-47.0,-12.5,25.181,1.838
1805,-46.5,-12.5,25.012,1.951
1806,-46.0,-12.5,24.722,2.129
1807,-45.5,-12.5,24.97,1.975
1808,-45.0,-12.5,25.368,1.756
1809,-44.5,-12.5,25.315,1.842
1810,-44.0,-12.5,25.472,1.939
1811,-43.5,-12.5,26.143,2.011
1812,-43.0,-12.5,26.198,2.053
1813,-42.5,-12.5,25.049,2.116
1814,-42.0,-12.5,24.411,2.047
1815,-41.5,-12.5,24.752,1.195
1816,-41.0,-12.5,24.694,1.903
1817,-40.5,-12.5,25.193,2.198
1818,-40.0,-12.5,24.909,2.218
1819,-39.5,-12.5,24.526,2.256
1820,-39.0,-12.5,24.571,2.399
1821,-38.5,-12.5,25.108,1.996
1822,-38.0,-12.5,25.233,2.204
1823,-62.5,-13.0,25.5,1.297
1824,-62.0,-13.0,25.398,1.341
1825,-61.5,-13.0,25.259,1.373
1826,-61.0,-13.0,24.993,1.446
1827,-60.5,-13.0,24.72,1.579
1828,-60.0,-13.0,24.603,1.618
1829,-59.5,-13.0,24.615,1.435
1830,-59.0,-13.0,24.962,1.412
1831,-58.5,-13.0,25.182,1.458
1832,-58.0,-13.0,25.268,1.434
1833,-57.5,-13.0,25.494,1.182
1834,-57.0,-13.0,25.718,0.884
1835,-56.5,-13.0,25.581,1.158
1836,-56.0,-13.0,25.656,1.318
1837,-55.5,-13.0,25.649,1.467
1838,-55.0,-13.0,25.457,1.86
1839,-54.5,-13.0,25.351,1.949
1840,-54.0,-13.0,25.316,1.769
1841,-53.5,-13.0,25.302,1.691
1842,-53.0,-13.0,25.341,1.637
1843,-52.5,-13.0,25.416,1.51
1844,-52.0,-13.0,25.501,1.501
1845,-51.5,-13.0,25.724,1.682
1846,-51.0,-13.0,26.417,1.845
1847,-50.5,-13.0,28.543,2.255
1848,-50.0,-13.0,27.44,2.03
1849,-49.5,-13.0,26.262,1.774
1850,-49.0,-13.0,25.677,1.705
1851,-48.5,-13.0,25.337,1.652
1852,-48.0,-13.0,25.357,1.564
1853,-47.5,-13.0,25.124,1.671
1854,-47.0,-13.0,25.264,1.71
1855,-46.5,-13.0,25.011,1.809
1856,-46.0,-13.0,24.912,1.832
1857,-45.5,-13.0,25.082,1.683
1858,-45.0,-13.0,25.004,1.719
1859,-44.5,-13.0,24.907,1.746
1860,-44.0,-13.0,25.034,1.926
1861,-43.5,-13.0,25.146,2.042
1862,-43.0,-13.0,25.011,2.118
1863,-42.5,-13.0,24.346,2.169
1864,-42.0,-13.0,22.184,2.303
1865,-41.5,-13.0,22.794,2.118
1866,-41.0,-13.0,24.202,2.037
1867,-40.5,-13.0,24.286,2.142
1868,-40.0,-13.0,23.953,2.081
1869,-39.5,-13.0,23.413,1.859
1870,-39.0,-13.0,24.501,2.011
1871,-38.5,-13.0,25.762,1.531
1872,-61.5,-13.5,25.129,1.351
1873,-60.5,-13.5,24.468,1.394
1874,-60.0,-13.5,23.506,1.302
1875,-59.5,-13.5,23.607,1.298
1876,-59.0,-13.5,24.713,1.387
1877,-58.5,-13.5,25.067,1.463
1878,-58.0,-13.5,25.104,1.569
1879,-57.5,-13.5,25.274,1.408
1880,-57.0,-13.5,25.529,1.08
1881,-56.5,-13.5,25.585,0.961
1882,-56.0,-13.5,25.474,1.382
1883,-55.5,-13.5,25.415,1.66
1884,-55.0,-13.5,25.333,2.199
1885,-54.5,-13.5,25.299,2.212
1886,-54.0,-13.5,25.212,1.828
1887,-53.5,-13.5,25.196,1.755
1888,-53.0,-13.5,25.258,1.765
1889,-52.5,-13.5,25.432,1.844
1890,-52.0,-13.5,25.502,1.86
1891,-51.5,-13.5,25.482,1.782
1892,-51.0,-13.5,25.704,1.793
1893,-50.5,-13.5,26.059,1.853
1894,-50.0,-13.5,25.885,1.82
1895,-49.5,-13.5,25.403,1.749
1896,-49.0,-13.5,25.003,1.729
1897,-48.5,-13.5,24.663,1.739
1898,-48.0,-13.5,24.314,1.773
1899,-47.5,-13.5,24.17,1.81
1900,-47.0,-13.5,24.965,1.741
1901,-46.5,-13.5,24.741,1.844
1902,-46.0,-13.5,24.762,1.784
1903,-45.5,-13.5,25.673,1.16
1904,-45.0,-13.5,24.93,1.618
1905,-44.5,-13.5,24.74,1.652
1906,-44.0,-13.5,24.717,1.917
1907,-43.5,-13.5,24.746,2.1
1908,-43.0,-13.5,24.687,2.27
1909,-42.5,-13.5,24.298,2.288
1910,-42.0,-13.5,23.125,2.245
1911,-41.5,-13.5,23.215,2.173
1912,-41.0,-13.5,23.867,2.108
1913,-40.5,-13.5,23.262,2.145
1914,-40.0,-13.5,21.709,2.233
1915,-39.5,-13.5,23.939,1.922
1916,-39.0,-13.5,24.177,1.722
1917,-60.0,-14.0,23.726,1.263
1918,-59.5,-14.0,23.855,1.28
1919,-59.0,-14.0,24.763,1.368
1920,-58.5,-14.0,25.053,1.469
1921,-58.0,-14.0,25.046,1.63
1922,-57.5,-14.0,25.134,1.568
1923,-57.0,-14.0,25.317,1.396
1924,-56.5,-14.0,25.398,1.35
1925,-56.0,-14.0,25.351,1.508
1926,-55.5,-14.0,25.277,1.689
1927,-55.0,-14.0,25.192,1.862
1928,-54.5,-14.0,25.159,1.853
1929,-54.0,-14.0,25.17,1.74
1930,-53.5,-14.0,25.093,1.776
1931,-53.0,-14.0,25.192,1.831
1932,-52.5,-14.0,25.684,2.141
1933,-52.0,-14.0,25.812,2.226
1934,-51.5,-14.0,25.233,1.849
1935,-51.0,-14.0,25.135,1.754
1936,-50.5,-14.0,25.097,1.732
1937,-50.0,-14.0,24.939,1.7
1938,-49.5,-14.0,24.692,1.687
1939,-49.0,-14.0,24.403,1.715
1940,-48.5,-14.0,24.026,1.779
1941,-48.0,-14.0,23.199,1.886
1942,-47.5,-14.0,21.214,2.051
1943,-47.0,-14.0,23.617,1.942
1944,-46.5,-14.0,24.475,2.159
1945,-46.0,-14.0,24.427,1.985
1946,-45.5,-14.0,24.557,1.786
1947,-45.0,-14.0,24.531,1.794
1948,-44.5,-14.0,24.44,1.816
1949,-44.0,-14.0,24.472,1.92
1950,-43.5,-14.0,24.573,2.17
1951,-43.0,-14.0,25.112,2.902
1952,-42.5,-14.0,24.983,2.872
1953,-42.0,-14.0,24.39,2.038
1954,-41.5,-14.0,24.488,1.815
1955,-41.0,-14.0,23.829,2.074
1956,-40.5,-14.0,23.573,2.089
1957,-40.0,-14.0,23.615,1.922
1958,-39.5,-14.0,24.024,1.792
1959,-39.0,-14.0,25.152,2.055
1960,-60.0,-14.5,25.044,1.169
1961,-59.5,-14.5,25.022,1.216
1962,-59.0,-14.5,25.068,1.323
1963,-58.5,-14.5,25.091,1.433
1964,-58.0,-14.5,25.072,1.545
1965,-57.5,-14.5,24.852,1.843
1966,-57.0,-14.5,25.17,1.605
1967,-56.5,-14.5,25.338,1.539
1968,-56.0,-14.5,25.303,1.633
1969,-55.5,-14.5,25.152,1.762
1970,-55.0,-14.5,25.005,1.846
1971,-54.5,-14.5,25.015,1.811
1972,-54.0,-14.5,25.355,1.575
1973,-53.5,-14.5,24.957,1.838
1974,-53.0,-14.5,25.007,1.834
1975,-52.5,-14.5,25.192,1.904
1976,-52.0,-14.5,25.201,1.919
1977,-51.5,-14.5,24.932,1.79
1978,-51.0,-14.5,24.761,1.719
1979,-50.5,-14.5,24.621,1.665
1980,-50.0,-14.5,24.435,1.577
1981,-49.5,-14.5,24.257,1.497
1982,-49.0,-14.5,24.025,1.622
1983,-48.5,-14.5,23.609,1.779
1984,-48.0,-14.5,23.079,1.9
1985,-47.5,-14.5,22.527,1.975
1986,-47.0,-14.5,23.346,1.98
1987,-46.5,-14.5,23.902,2.041
1988,-46.0,-14.5,23.992,2.018
1989,-45.5,-14.5,24.063,1.961
1990,-45.0,-14.5,24.21,1.886
1991,-44.5,-14.5,24.297,1.719
1992,-44.0,-14.5,24.396,1.823
1993,-43.5,-14.5,24.435,2.079
1994,-43.0,-14.5,24.806,2.679
1995,-42.5,-14.5,24.715,2.676
1996,-42.0,-14.5,24.251,2.073
1997,-41.5,-14.5,24.099,1.935
1998,-41.0,-14.5,23.139,2.146
1999,-40.5,-14.5,23.263,2.126
2000,-40.0,-14.5,23.789,1.953
2001,-39.5,-14.5,23.861,1.942
2002,-60.0,-15.0,25.755,0.931
2003,-59.5,-15.0,25.432,1.085
2004,-59.0,-15.0,25.267,1.227
2005,-58.5,-15.0,25.06,1.385
2006,-58.0,-15.0,24.92,1.399
2007,-57.5,-15.0,25.263,1.506
2008,-57.0,-15.0,25.515,1.394
2009,-56.5,-15.0,25.52,1.561
2010,-56.0,-15.0,25.514,1.708
2011,-55.5,-15.0,25.002,1.929
2012,-55.0,-15.0,24.661,2.066
2013,-54.5,-15.0,24.63,2.018
2014,-54.0,-15.0,24.557,2.216
2015,-53.5,-15.0,24.717,1.983
2016,-53.0,-15.0,24.836,1.805
2017,-52.5,-15.0,24.87,1.751
2018,-52.0,-15.0,24.83,1.73
2019,-51.5,-15.0,24.688,1.71
2020,-51.0,-15.0,24.513,1.673
2021,-50.5,-15.0,24.406,1.614
2022,-50.0,-15.0,24.257,1.453
2023,-49.5,-15.0,24.262,0.992
2024,-49.0,-15.0,24.194,1.361
2025,-48.5,-15.0,23.312,1.758
2026,-48.0,-15.0,22.751,1.947
2027,-47.5,-15.0,22.768,1.985
2028,-47.0,-15.0,23.094,2.022
2029,-46.5,-15.0,23.335,2.111
2030,-46.0,-15.0,23.477,2.162
2031,-45.5,-15.0,23.534,2.249
2032,-45.0,-15.0,24.029,1.973
2033,-44.5,-15.0,24.515,1.806
2034,-44.0,-15.0,24.986,1.209
2035,-43.5,-15.0,24.375,1.891
2036,-43.0,-15.0,24.129,2.122
2037,-42.5,-15.0,23.842,2.147
2038,-42.0,-15.0,23.67,2.077
2039,-41.5,-15.0,23.384,2.076
2040,-41.0,-15.0,21.986,2.287
2041,-40.5,-15.0,22.93,2.203
2042,-40.0,-15.0,23.901,2.074
2043,-39.5,-15.0,23.862,1.94
2044,-39.0,-15.0,23.873,1.804
2045,-60.0,-15.5,25.502,1.105
2046,-59.5,-15.5,25.386,1.128
2047,-59.0,-15.5,25.311,1.236
2048,-58.5,-15.5,25.223,1.38
2049,-58.0,-15.5,25.296,1.397
2050,-57.5,-15.5,25.736,1.247
2051,-57.0,-15.5,25.804,1.219
2052,-56.5,-15.5,25.853,1.586
2053,-56.0,-15.5,26.692,1.647
2054,-55.5,-15.5,24.773,2.177
2055,-55.0,-15.5,23.985,2.654
2056,-54.5,-15.5,23.83,2.389
2057,-54.0,-15.5,24.401,2.059
2058,-53.5,-15.5,24.705,1.827
2059,-53.0,-15.5,24.768,1.726
2060,-52.5,-15.5,25.046,1.589
2061,-52.0,-15.5,24.993,1.572
2062,-51.5,-15.5,24.557,1.651
2063,-51.0,-15.5,24.392,1.633
2064,-50.5,-15.5,24.425,1.543
2065,-50.0,-15.5,24.371,1.476
2066,-49.5,-15.5,23.962,1.503
2067,-49.0,-15.5,23.839,1.499
2068,-48.5,-15.5,22.584,1.922
2069,-48.0,-15.5,21.585,2.135
2070,-47.5,-15.5,21.737,2.068
2071,-47.0,-15.5,22.799,2.073
2072,-46.5,-15.5,22.739,2.621
2073,-46.0,-15.5,23.195,2.247
2074,-45.5,-15.5,23.316,2.36
2075,-45.0,-15.5,23.888,1.981
2076,-44.5,-15.5,25.36,1.979
2077,-44.0,-15.5,24.639,1.829
2078,-43.5,-15.5,24.547,2.036
2079,-43.0,-15.5,24.061,2.077
2080,-42.5,-15.5,22.572,2.06
2081,-42.0,-15.5,23.088,2.005
2082,-41.5,-15.5,22.461,2.035
2083,-41.0,-15.5,23.201,2.045
2084,-40.5,-15.5,23.758,2.064
2085,-40.0,-15.5,23.951,2.043
2086,-39.5,-15.5,23.832,1.846
2087,-39.0,-15.5,23.874,1.628
2088,-60.0,-16.0,25.34,1.282
2089,-59.5,-16.0,25.326,1.292
2090,-59.0,-16.0,25.33,1.356
2091,-58.5,-16.0,25.435,1.417
2092,-58.0,-16.0,26.035,1.408
2093,-57.5,-16.0,26.269,1.397
2094,-57.0,-16.0,25.631,1.488
2095,-56.5,-16.0,25.582,1.636
2096,-56.0,-16.0,25.621,1.745
2097,-55.5,-16.0,24.941,1.961
2098,-55.0,-16.0,24.643,2.026
2099,-54.5,-16.0,24.659,1.893
2100,-54.0,-16.0,24.934,1.613
2101,-53.5,-16.0,24.982,1.515
2102,-53.0,-16.0,24.707,1.655
2103,-52.5,-16.0,25.407,1.431
2104,-52.0,-16.0,25.369,1.421
2105,-51.5,-16.0,24.435,1.636
2106,-51.0,-16.0,24.325,1.622
2107,-50.5,-16.0,24.599,1.461
2108,-50.0,-16.0,25.202,1.25
2109,-49.5,-16.0,23.767,1.59
2110,-49.0,-16.0,23.213,1.708
2111,-48.5,-16.0,22.528,1.991
2112,-48.0,-16.0,22.105,2.255
2113,-47.5,-16.0,22.302,2.079
2114,-47.0,-16.0,22.806,1.986
2115,-46.5,-16.0,22.996,2.057
2116,-46.0,-16.0,23.154,2.015
2117,-45.5,-16.0,23.475,1.894
2118,-45.0,-16.0,23.789,1.773
2119,-44.5,-16.0,23.915,1.878
2120,-44.0,-16.0,23.963,1.925
2121,-43.5,-16.0,24.608,2.117
2122,-43.0,-16.0,24.145,2.05
2123,-42.5,-16.0,23.302,1.777
2124,-42.0,-16.0,23.429,1.807
2125,-41.5,-16.0,22.714,1.975
2126,-41.0,-16.0,23.939,1.878
2127,-40.5,-16.0,24.556,1.802
2128,-40.0,-16.0,23.856,1.946
2129,-39.5,-16.0,23.595,1.78
2130,-39.0,-16.0,23.532,1.722
2131,-58.0,-16.5,25.729,1.475
2132,-57.5,-16.5,25.783,1.49
2133,-57.0,-16.5,25.43,1.589
2134,-56.5,-16.5,25.24,1.695
2135,-56.0,-16.5,25.083,1.784
2136,-55.5,-16.5,24.905,1.847
2137,-55.0,-16.5,25.013,1.718
2138,-54.5,-16.5,25.612,1.354
2139,-54.0,-16.5,25.317,1.307
2140,-53.5,-16.5,25.116,1.355
2141,-53.0,-16.5,24.357,1.714
2142,-52.5,-16.5,24.308,1.687
2143,-52.0,-16.5,24.24,1.65
2144,-51.5,-16.5,24.218,1.659
2145,-51.0,-16.5,24.369,1.638
2146,-50.5,-16.5,24.121,1.559
2147,-50.0,-16.5,23.976,1.57
2148,-49.5,-16.5,23.568,1.513
2149,-49.0,-16.5,23.203,1.486
2150,-48.5,-16.5,22.471,1.566
2151,-48.0,-16.5,22.416,2.149
2152,-47.5,-16.5,22.248,1.991
2153,-47.0,-16.5,23.484,1.736
2154,-46.5,-16.5,23.118,1.873
2155,-46.0,-16.5,23.082,1.904
2156,-45.5,-16.5,23.473,1.753
2157,-45.0,-16.5,24.012,1.527
2158,-44.5,-16.5,23.474,1.828
2159,-44.0,-16.5,23.537,1.883
2160,-43.5,-16.5,23.553,1.921
2161,-43.0,-16.5,23.615,1.884
2162,-42.5,-16.5,23.959,1.702
2163,-42.0,-16.5,23.88,1.768
2164,-41.5,-16.5,25.481,1.676
2165,-41.0,-16.5,24.155,1.866
2166,-40.5,-16.5,24.187,1.893
2167,-40.0,-16.5,23.814,1.987
2168,-39.5,-16.5,23.638,1.81
2169,-58.0,-17.0,25.323,1.584
2170,-57.5,-17.0,25.286,1.622
2171,-57.0,-17.0,25.152,1.687
2172,-56.5,-17.0,24.966,1.758
2173,-56.0,-17.0,24.847,1.835
2174,-55.5,-17.0,24.75,1.917
2175,-55.0,-17.0,24.715,1.976
2176,-54.5,-17.0,24.696,1.899
2177,-54.0,-17.0,24.424,1.836
2178,-53.5,-17.0,23.997,1.947
2179,-53.0,-17.0,23.734,1.952
2180,-52.5,-17.0,23.699,1.745
2181,-52.0,-17.0,23.86,1.62
2182,-51.5,-17.0,23.871,1.659
2183,-51.0,-17.0,23.911,1.65
2184,-50.5,-17.0,24.33,1.222
2185,-50.0,-17.0,23.937,1.652
2186,-49.5,-17.0,23.502,1.638
2187,-49.0,-17.0,23.092,1.575
2188,-48.5,-17.0,22.773,1.51
2189,-48.0,-17.0,22.553,1.722
2190,-47.5,-17.0,22.059,1.93
2191,-47.0,-17.0,23.115,1.951
2192,-46.5,-17.0,23.019,1.921
2193,-46.0,-17.0,22.907,1.904
2194,-45.5,-17.0,23.051,1.838
2195,-45.0,-17.0,23.386,1.662
2196,-44.5,-17.0,23.252,1.763
2197,-44.0,-17.0,23.197,1.888
2198,-43.5,-17.0,23.13,1.916
2199,-43.0,-17.0,23.27,1.868
2200,-42.5,-17.0,24.587,1.576
2201,-42.0,-17.0,23.648,1.805
2202,-41.5,-17.0,23.843,1.862
2203,-41.0,-17.0,23.709,1.95
2204,-40.5,-17.0,23.683,2.057
2205,-40.0,-17.0,23.75,2.162
2206,-39.5,-17.0,23.864,2.222
2207,-58.0,-17.5,25.115,1.675
2208,-57.5,-17.5,25.082,1.707
2209,-57.0,-17.5,24.945,1.759
2210,-56.5,-17.5,24.789,1.808
2211,-56.0,-17.5,24.666,1.881
2212,-55.5,-17.5,24.566,2.053
2213,-55.0,-17.5,24.603,2.671
2214,-54.5,-17.5,24.492,2.585
2215,-54.0,-17.5,23.974,2.085
2216,-53.5,-17.5,23.436,2.191
2217,-53.0,-17.5,23.283,2.053
2218,-52.5,-17.5,22.621,1.32
2219,-52.0,-17.5,23.447,1.707
2220,-51.5,-17.5,23.507,1.727
2221,-51.0,-17.5,23.48,1.771
2222,-50.5,-17.5,23.658,1.717
2223,-50.0,-17.5,24.089,1.826
2224,-49.5,-17.5,23.412,1.739
2225,-49.0,-17.5,23.012,1.683
2226,-48.5,-17.5,22.998,1.482
2227,-48.0,-17.5,22.822,1.607
2228,-47.5,-17.5,22.304,1.917
2229,-47.0,-17.5,22.382,2.008
2230,-46.5,-17.5,22.786,1.94
2231,-46.0,-17.5,22.683,1.935
2232,-45.5,-17.5,22.732,1.911
2233,-45.0,-17.5,23.155,1.701
2234,-44.5,-17.5,22.919,1.799
2235,-44.0,-17.5,22.526,1.964
2236,-43.5,-17.5,22.404,2.002
2237,-43.0,-17.5,22.453,1.953
2238,-42.5,-17.5,21.572,1.97
2239,-42.0,-17.5,22.565,1.909
2240,-41.5,-17.5,23.177,1.878
2241,-41.0,-17.5,23.407,1.994
2242,-40.5,-17.5,23.582,2.234
2243,-40.0,-17.5,23.759,2.355
2244,-39.5,-17.5,24.178,2.443
2245,-57.5,-18.0,25.035,1.76
2246,-57.0,-18.0,24.861,1.794
2247,-56.5,-18.0,24.699,1.831
2248,-56.0,-18.0,24.526,1.888
2249,-55.5,-18.0,24.438,1.977
2250,-55.0,-18.0,24.457,2.167
2251,-54.5,-18.0,24.307,2.151
2252,-54.0,-18.0,23.798,2.094
2253,-53.5,-18.0,23.061,2.276
2254,-53.0,-18.0,23.095,2.191
2255,-52.5,-18.0,23.215,1.848
2256,-52.0,-18.0,23.252,1.723
2257,-51.5,-18.0,23.213,1.684
2258,-51.0,-18.0,23.323,1.818
2259,-50.5,-18.0,23.374,1.799
2260,-50.0,-18.0,23.382,1.78
2261,-49.5,-18.0,23.302,1.72
2262,-49.0,-18.0,23.111,1.7
2263,-48.5,-18.0,22.927,1.758
2264,-48.0,-18.0,22.937,1.881
2265,-47.5,-18.0,22.552,1.88
2266,-47.0,-18.0,22.387,1.895
2267,-46.5,-18.0,22.478,1.879
2268,-46.0,-18.0,22.531,1.955
2269,-45.5,-18.0,22.299,2.267
2270,-45.0,-18.0,22.418,2.012
2271,-44.5,-18.0,22.302,1.975
2272,-44.0,-18.0,21.49,2.204
2273,-43.5,-18.0,20.719,2.421
2274,-43.0,-18.0,21.921,2.023
2275,-42.5,-18.0,21.733,1.966
2276,-42.0,-18.0,22.518,1.893
2277,-41.5,-18.0,23.138,1.719
2278,-41.0,-18.0,23.602,1.958
2279,-40.5,-18.0,23.761,2.22
2280,-40.0,-18.0,23.691,2.381
2281,-39.5,-18.0,24.066,2.537
2282,-57.5,-18.5,25.369,1.769
2283,-57.0,-18.5,24.977,1.804
2284,-56.5,-18.5,24.796,1.816
2285,-56.0,-18.5,24.492,1.863
2286,-55.5,-18.5,24.32,1.831
2287,-55.0,-18.5,24.622,1.367
2288,-54.5,-18.5,24.566,1.354
2289,-54.0,-18.5,23.747,2.016
2290,-53.5,-18.5,23.384,2.504
2291,-53.0,-18.5,23.266,2.851
2292,-52.5,-18.5,23.18,2.075
2293,-52.0,-18.5,23.36,1.861
2294,-51.5,-18.5,23.392,1.794
2295,-51.0,-18.5,23.286,1.834
2296,-50.5,-18.5,23.234,1.833
2297,-50.0,-18.5,23.245,1.787
2298,-49.5,-18.5,23.528,1.666
2299,-49.0,-18.5,23.683,1.61
2300,-48.5,-18.5,22.913,1.811
2301,-48.0,-18.5,22.751,1.866
2302,-47.5,-18.5,22.434,1.853
2303,-47.0,-18.5,22.15,1.79
2304,-46.5,-18.5,22.326,1.503
2305,-46.0,-18.5,22.255,1.882
2306,-45.5,-18.5,22.197,2.131
2307,-45.0,-18.5,22.209,2.008
2308,-44.5,-18.5,22.426,1.898
2309,-44.0,-18.5,21.552,2.146
2310,-43.5,-18.5,20.865,2.314
2311,-43.0,-18.5,21.526,1.913
2312,-42.5,-18.5,22.252,1.878
2313,-42.0,-18.5,23.053,1.812
2314,-41.5,-18.5,23.195,1.806
2315,-41.0,-18.5,23.793,1.692
2316,-40.5,-18.5,23.983,2.053
2317,-40.0,-18.5,23.787,2.332
2318,-57.5,-19.0,26.22,1.717
2319,-57.0,-19.0,25.133,1.773
2320,-56.5,-19.0,25.272,1.725
2321,-56.0,-19.0,24.449,1.848
2322,-55.5,-19.0,24.113,1.851
2323,-55.0,-19.0,23.994,1.749
2324,-54.5,-19.0,23.763,1.765
2325,-54.0,-19.0,23.572,1.98
2326,-53.5,-19.0,23.397,2.172
2327,-53.0,-19.0,23.247,2.189
2328,-52.5,-19.0,23.075,2.068
2329,-52.0,-19.0,23.673,1.67
2330,-51.5,-19.0,23.824,1.564
2331,-51.0,-19.0,23.337,1.86
2332,-50.5,-19.0,23.194,1.878
2333,-50.0,-19.0,23.231,1.803
2334,-49.5,-19.0,23.776,1.529
2335,-49.0,-19.0,23.056,1.787
2336,-48.5,-19.0,22.888,1.863
2337,-48.0,-19.0,22.718,1.888
2338,-47.5,-19.0,22.153,1.85
2339,-47.0,-19.0,20.685,1.333
2340,-46.5,-19.0,21.915,1.795
2341,-46.0,-19.0,22.035,1.875
2342,-45.5,-19.0,22.046,1.921
2343,-45.0,-19.0,22.007,1.957
2344,-44.5,-19.0,22.248,1.921
2345,-44.0,-19.0,21.825,2.058
2346,-43.5,-19.0,21.667,2.039
2347,-43.0,-19.0,21.421,1.825
2348,-42.5,-19.0,22.278,1.797
2349,-42.0,-19.0,23.541,1.717
2350,-41.5,-19.0,23.143,1.797
2351,-41.0,-19.0,23.608,1.528
2352,-40.5,-19.0,23.682,1.964
2353,-40.0,-19.0,23.692,2.305
2354,-58.0,-19.5,25.048,1.826
2355,-57.5,-19.5,25.08,1.812
2356,-57.0,-19.5,24.737,1.811
2357,-56.5,-19.5,24.579,1.801
2358,-56.0,-19.5,24.233,1.848
2359,-55.5,-19.5,23.924,1.906
2360,-55.0,-19.5,23.618,1.887
2361,-54.5,-19.5,23.255,1.663
2362,-54.0,-19.5,23.42,1.976
2363,-53.5,-19.5,23.305,2.047
2364,-53.0,-19.5,23.271,2.031
2365,-52.5,-19.5,23.278,1.98
2366,-52.0,-19.5,23.472,1.844
2367,-51.5,-19.5,23.668,1.837
2368,-51.0,-19.5,23.693,1.917
2369,-50.5,-19.5,23.253,1.949
2370,-50.0,-19.5,23.194,1.88
2371,-49.5,-19.5,23.949,1.773
2372,-49.0,-19.5,22.9,1.857
2373,-48.5,-19.5,22.63,1.934
2374,-48.0,-19.5,22.509,2.083
2375,-47.5,-19.5,22.133,1.984
2376,-47.0,-19.5,21.643,2.333
2377,-46.5,-19.5,21.804,1.928
2378,-46.0,-19.5,21.9,1.838
2379,-45.5,-19.5,22.378,1.807
2380,-45.0,-19.5,21.689,1.954
2381,-44.5,-19.5,21.524,2.008
2382,-44.0,-19.5,21.618,2.201
2383,-43.5,-19.5,21.537,2.21
2384,-43.0,-19.5,21.936,1.797
2385,-42.5,-19.5,22.433,1.313
2386,-42.0,-19.5,22.712,1.699
2387,-41.5,-19.5,22.896,1.909
2388,-41.0,-19.5,23.949,2.184
2389,-40.5,-19.5,24.032,1.524
2390,-40.0,-19.5,23.832,2.59
2391,-57.5,-20.0,24.432,1.871
2392,-57.0,-20.0,24.405,1.778
2393,-56.5,-20.0,24.466,1.593
2394,-56.0,-20.0,24.313,1.705
2395,-55.5,-20.0,24.002,1.885
2396,-55.0,-20.0,23.667,2.136
2397,-54.5,-20.0,23.494,2.17
2398,-54.0,-20.0,23.321,2.088
2399,-53.5,-20.0,23.287,2.028
2400,-53.0,-20.0,23.403,1.915
2401,-52.5,-20.0,23.355,1.947
2402,-52.0,-20.0,23.452,1.987
2403,-51.5,-20.0,23.831,2.05
2404,-51.0,-20.0,23.704,2.045
2405,-50.5,-20.0,23.904,2.197
2406,-50.0,-20.0,23.256,1.933
2407,-49.5,-20.0,22.986,1.888
2408,-49.0,-20.0,22.687,1.882
2409,-48.5,-20.0,22.647,1.944
2410,-48.0,-20.0,22.825,2.091
2411,-47.5,-20.0,22.064,2.001
2412,-47.0,-20.0,21.845,1.983
2413,-46.5,-20.0,21.682,1.851
2414,-46.0,-20.0,21.335,1.331
2415,-45.5,-20.0,21.581,1.855
2416,-45.0,-20.0,21.582,2.005
2417,-44.5,-20.0,20.934,1.554
2418,-44.0,-20.0,20.039,4.22
2419,-43.5,-20.0,21.149,2.493
2420,-43.0,-20.0,21.626,1.925
2421,-42.5,-20.0,21.885,1.756
2422,-42.0,-20.0,22.067,1.777
2423,-41.5,-20.0,22.282,1.85
2424,-41.0,-20.0,22.195,1.94
2425,-40.5,-20.0,19.203,1.903
2426,-58.0,-20.5,24.164,1.948
2427,-57.5,-20.5,24.197,1.928
2428,-57.0,-20.5,24.293,1.805
2429,-56.5,-20.5,24.823,1.157
2430,-56.0,-20.5,24.751,1.458
2431,-55.5,-20.5,24.356,1.696
2432,-55.0,-20.5,23.705,2.444
2433,-54.5,-20.5,23.629,2.613
2434,-54.0,-20.5,23.264,2.166
2435,-53.5,-20.5,23.281,2.042
2436,-53.0,-20.5,24.084,1.491
2437,-52.5,-20.5,23.534,1.888
2438,-52.0,-20.5,23.684,1.932
2439,-51.5,-20.5,24.54,2.165
2440,-51.0,-20.5,23.559,2.097
2441,-50.5,-20.5,23.393,2.081
2442,-50.0,-20.5,23.996,1.783
2443,-49.5,-20.5,22.861,1.916
2444,-49.0,-20.5,22.628,1.84
2445,-48.5,-20.5,22.887,1.344
2446,-48.0,-20.5,22.418,1.829
2447,-47.5,-20.5,21.843,1.915
2448,-47.0,-20.5,21.651,1.864
2449,-46.5,-20.5,21.496,1.805
2450,-46.0,-20.5,21.407,1.801
2451,-45.5,-20.5,21.425,1.734
2452,-45.0,-20.5,21.096,2.142
2453,-44.5,-20.5,20.997,2.192
2454,-44.0,-20.5,20.576,2.313
2455,-43.5,-20.5,20.681,2.13
2456,-43.0,-20.5,21.059,1.664
2457,-42.5,-20.5,21.453,1.735
2458,-42.0,-20.5,21.717,1.835
2459,-41.5,-20.5,22.416,1.69
2460,-41.0,-20.5,22.131,1.763
2461,-40.5,-20.5,23.559,2.678
2462,-57.5,-21.0,24.083,2.004
2463,-57.0,-21.0,24.191,2.116
2464,-56.5,-21.0,24.693,2.443
2465,-56.0,-21.0,24.216,2.015
2466,-55.5,-21.0,23.728,2.013
2467,-55.0,-21.0,23.66,2.136
2468,-54.5,-21.0,23.292,2.177
2469,-54.0,-21.0,23.133,2.16
2470,-53.5,-21.0,23.202,2.173
2471,-53.0,-21.0,23.655,2.271
2472,-52.5,-21.0,23.503,2.224
2473,-52.0,-21.0,23.619,1.99
2474,-51.5,-21.0,23.741,1.958
2475,-51.0,-21.0,23.275,2.1
2476,-50.5,-21.0,22.953,2.073
2477,-50.0,-21.0,23.229,2.133
2478,-49.5,-21.0,22.684,1.974
2479,-49.0,-21.0,22.852,1.878
2480,-48.5,-21.0,23.76,2.037
2481,-48.0,-21.0,22.305,1.901
2482,-47.5,-21.0,21.886,1.862
2483,-47.0,-21.0,21.283,1.794
2484,-46.5,-21.0,21.318,1.783
2485,-46.0,-21.0,21.121,1.808
2486,-45.5,-21.0,20.985,1.88
2487,-45.0,-21.0,20.819,2.083
2488,-44.5,-21.0,20.574,2.154
2489,-44.0,-21.0,20.317,2.095
2490,-43.5,-21.0,20.647,1.915
2491,-43.0,-21.0,21.059,1.569
2492,-42.5,-21.0,22.394,1.426
2493,-42.0,-21.0,22.367,1.7
2494,-41.5,-21.0,22.966,1.906
2495,-41.0,-21.0,23.623,3.215
2496,-57.5,-21.5,24.222,1.941
2497,-57.0,-21.5,23.964,2.161
2498,-56.5,-21.5,24.533,2.364
2499,-56.0,-21.5,24.608,1.776
2500,-55.5,-21.5,23.4,2.067
2501,-55.0,-21.5,23.162,2.056
2502,-54.5,-21.5,23.143,1.899
2503,-54.0,-21.5,23.104,2.145
2504,-53.5,-21.5,23.162,2.261
2505,-53.0,-21.5,23.789,2.489
2506,-52.5,-21.5,23.648,2.602
2507,-52.0,-21.5,23.234,2.349
2508,-51.5,-21.5,24.409,2.833
2509,-51.0,-21.5,23.318,2.15
2510,-50.5,-21.5,22.838,2.144
2511,-50.0,-21.5,22.772,1.987
2512,-49.5,-21.5,22.652,1.902
2513,-49.0,-21.5,22.364,1.904
2514,-48.5,-21.5,22.248,1.912
2515,-48.0,-21.5,22.213,1.938
2516,-47.5,-21.5,23.366,1.877
2517,-47.0,-21.5,21.556,1.725
2518,-46.5,-21.5,20.805,1.671
2519,-46.0,-21.5,20.621,1.671
2520,-45.5,-21.5,20.323,1.779
2521,-45.0,-21.5,20.455,1.875
2522,-44.5,-21.5,20.532,1.967
2523,-44.0,-21.5,20.482,1.949
2524,-43.5,-21.5,21.052,1.836
2525,-43.0,-21.5,21.567,1.693
2526,-42.5,-21.5,21.923,1.592
2527,-42.0,-21.5,23.4,1.162
2528,-41.5,-21.5,22.943,2.257
2529,-57.5,-22.0,23.906,1.976
2530,-57.0,-22.0,23.49,2.046
2531,-56.5,-22.0,23.588,1.902
2532,-56.0,-22.0,23.228,2.068
2533,-55.5,-22.0,22.884,2.116
2534,-55.0,-22.0,22.972,2.147
2535,-54.5,-22.0,23.085,1.89
2536,-54.0,-22.0,23.67,2.289
2537,-53.5,-22.0,23.547,2.339
2538,-53.0,-22.0,22.966,2.362
2539,-52.5,-22.0,23.215,2.576
2540,-52.0,-22.0,22.788,2.32
2541,-51.5,-22.0,23.209,1.867
2542,-51.0,-22.0,22.541,2.085
2543,-50.5,-22.0,23.747,2.579
2544,-50.0,-22.0,22.509,2.026
2545,-49.5,-22.0,22.204,1.945
2546,-49.0,-22.0,22.056,1.847
2547,-48.5,-22.0,21.93,1.9
2548,-48.0,-22.0,21.257,1.822
2549,-47.5,-22.0,21.54,1.81
2550,-47.0,-22.0,21.402,1.638
2551,-46.5,-22.0,19.241,1.237
2552,-46.0,-22.0,20.065,1.594
2553,-45.5,-22.0,19.621,1.619
2554,-45.0,-22.0,19.408,1.83
2555,-44.5,-22.0,19.738,1.93
2556,-44.0,-22.0,20.832,1.872
2557,-43.5,-22.0,20.895,1.866
2558,-43.0,-22.0,21.194,1.589
2559,-42.5,-22.0,21.956,1.241
2560,-42.0,-22.0,20.728,0.658
2561,-41.5,-22.0,22.738,2.276
2562,-41.0,-22.0,23.975,3.468
2563,-55.5,-22.5,22.168,2.171
2564,-55.0,-22.5,22.689,2.11
2565,-54.5,-22.5,22.806,2.069
2566,-54.0,-22.5,23.249,2.345
2567,-53.5,-22.5,23.091,2.367
2568,-53.0,-22.5,22.947,2.256
2569,-52.5,-22.5,22.641,2.369
2570,-52.0,-22.5,22.723,2.514
2571,-51.5,-22.5,22.261,2.175
2572,-51.0,-22.5,21.886,1.847
2573,-50.5,-22.5,21.915,2.183
2574,-50.0,-22.5,22.009,2.075
2575,-49.5,-22.5,21.727,2.002
2576,-49.0,-22.5,21.704,1.699
2577,-48.5,-22.5,22.543,2.181
2578,-48.0,-22.5,21.478,1.928
2579,-47.5,-22.5,21.483,1.861
2580,-47.0,-22.5,21.483,1.588
2581,-46.5,-22.5,20.561,1.588
2582,-46.0,-22.5,19.235,1.618
2583,-45.5,-22.5,18.416,1.447
2584,-45.0,-22.5,19.161,1.913
2585,-44.5,-22.5,20.732,1.888
2586,-44.0,-22.5,21.254,1.753
2587,-43.5,-22.5,20.702,2.096
2588,-43.0,-22.5,18.638,1.002
2589,-42.5,-22.5,21.524,1.716
2590,-42.0,-22.5,22.493,2.195
2591,-55.5,-23.0,22.115,1.95
2592,-55.0,-23.0,22.341,2.002
2593,-54.5,-23.0,22.768,1.805
2594,-54.0,-23.0,22.533,2.235
2595,-53.5,-23.0,22.69,2.395
2596,-53.0,-23.0,23.047,2.507
2597,-52.5,-23.0,22.718,2.217
2598,-52.0,-23.0,22.199,2.38
2599,-51.5,-23.0,21.72,2.386
2600,-51.0,-23.0,21.505,2.405
2601,-50.5,-23.0,21.476,2.565
2602,-50.0,-23.0,21.937,2.409
2603,-49.5,-23.0,21.366,2.096
2604,-49.0,-23.0,20.955,2.204
2605,-48.5,-23.0,21.177,2.043
2606,-48.0,-23.0,21.151,1.97
2607,-47.5,-23.0,21.182,1.915
2608,-47.0,-23.0,21.044,1.818
2609,-46.5,-23.0,20.264,1.676
2610,-46.0,-23.0,17.683,1.546
2611,-45.5,-23.0,20.753,1.889
2612,-45.0,-23.0,20.568,1.699
2613,-44.5,-23.0,21.815,1.426
2614,-43.5,-23.0,23.096,2.007
2615,-42.0,-23.0,23.292,4.451
2616,-55.5,-23.5,22.01,2.18
2617,-55.0,-23.5,22.086,2.19
2618,-54.5,-23.5,22.3,2.161
2619,-54.0,-23.5,22.574,2.166
2620,-53.5,-23.5,22.623,2.415
2621,-53.0,-23.5,22.51,2.051
2622,-52.5,-23.5,21.907,2.242
2623,-52.0,-23.5,22.494,2.505
2624,-51.5,-23.5,20.781,3.645
2625,-51.0,-23.5,21.211,2.458
2626,-50.5,-23.5,21.115,2.811
2627,-50.0,-23.5,21.369,2.258
2628,-49.5,-23.5,20.871,2.193
2629,-49.0,-23.5,20.728,2.109
2630,-48.5,-23.5,20.683,2.061
2631,-48.0,-23.5,20.674,2.04
2632,-47.5,-23.5,20.748,2.131
2633,-47.0,-23.5,20.157,1.682
2634,-46.5,-23.5,20.4,1.869
2635,-46.0,-23.5,20.811,1.817
2636,-45.5,-23.5,20.822,1.962
2637,-54.0,-24.0,22.266,2.399
2638,-53.5,-24.0,22.026,2.484
2639,-53.0,-24.0,21.738,2.342
2640,-52.5,-24.0,20.849,2.509
2641,-52.0,-24.0,21.08,2.349
2642,-51.5,-24.0,20.852,2.342
2643,-51.0,-24.0,20.507,2.266
2644,-50.5,-24.0,20.138,2.272
2645,-50.0,-24.0,20.034,2.224
2646,-49.5,-24.0,19.947,1.962
2647,-49.0,-24.0,19.971,2.221
2648,-48.5,-24.0,20.331,2.065
2649,-48.0,-24.0,20.351,2.078
2650,-47.5,-24.0,20.785,1.931
2651,-47.0,-24.0,20.583,1.871
2652,-46.5,-24.0,20.888,1.843
2653,-54.0,-24.5,21.85,3.139
2654,-53.5,-24.5,21.825,2.785
2655,-53.0,-24.5,21.823,3.104
2656,-52.5,-24.5,21.164,2.538
2657,-52.0,-24.5,20.824,1.57
2658,-51.5,-24.5,20.258,2.043
2659,-51.0,-24.5,19.911,1.984
2660,-50.5,-24.5,19.388,2.053
2661,-50.0,-24.5,19.135,2.168
2662,-49.5,-24.5,19.593,1.839
2663,-49.0,-24.5,20.029,1.825
2664,-48.5,-24.5,20.463,1.857
2665,-48.0,-24.5,22.521,2.031
2666,-47.5,-24.5,21.42,1.674
2667,-54.0,-25.0,21.4,2.57
2668,-53.5,-25.0,20.775,3.191
2669,-53.0,-25.0,20.85,2.535
2670,-52.5,-25.0,20.366,2.439
2671,-52.0,-25.0,20.014,2.389
2672,-51.5,-25.0,19.431,2.29
2673,-51.0,-25.0,19.096,1.879
2674,-50.5,-25.0,19.027,2.115
2675,-50.0,-25.0,18.575,2.415
2676,-49.5,-25.0,19.307,1.76
2677,-49.0,-25.0,19.673,1.57
2678,-48.5,-25.0,20.539,1.409
2679,-48.0,-25.0,20.843,1.575
2680,-54.5,-25.5,21.753,2.16
2681,-54.0,-25.5,21.308,2.435
2682,-53.5,-25.5,21.155,2.365
2683,-53.0,-25.5,20.718,1.1
2684,-52.5,-25.5,19.592,2.585
2685,-52.0,-25.5,19.114,2.503
2686,-51.5,-25.5,17.236,3.37
2687,-51.0,-25.5,17.172,2.073
2688,-50.5,-25.5,18.175,1.48
2689,-50.0,-25.5,18.72,1.967
2690,-49.5,-25.5,18.63,1.896
2691,-49.0,-25.5,19.13,1.6
2692,-48.5,-25.5,21.452,1.926
2693,-53.5,-26.0,20.26,2.54
2694,-53.0,-26.0,19.589,2.238
2695,-52.5,-26.0,19.306,2.469
2696,-52.0,-26.0,18.779,2.508
2697,-51.5,-26.0,18.382,2.47
2698,-51.0,-26.0,18.217,2.029
2699,-50.5,-26.0,18.13,1.615
2700,-50.0,-26.0,18.375,1.874
2701,-49.5,-26.0,18.511,1.809
2702,-49.0,-26.0,19.705,1.722
2703,-53.5,-26.5,19.661,2.7
2704,-53.0,-26.5,19.005,2.873
2705,-52.5,-26.5,18.475,2.672
2706,-52.0,-26.5,16.885,2.693
2707,-51.5,-26.5,16.349,3.538
2708,-51.0,-26.5,17.828,2.028
2709,-50.5,-26.5,17.781,2.007
2710,-50.0,-26.5,18.3,1.89
2711,-49.5,-26.5,18.581,1.72
2712,-49.0,-26.5,19.487,1.78
2713,-53.5,-27.0,19.582,2.534
2714,-53.0,-27.0,19.316,2.647
2715,-52.5,-27.0,18.964,2.865
2716,-52.0,-27.0,18.444,2.586
2717,-51.5,-27.0,17.973,2.473
2718,-51.0,-27.0,17.529,2.058
2719,-50.5,-27.0,17.822,2.109
2720,-50.0,-27.0,17.987,1.47
2721,-49.5,-27.0,19.259,1.647
2722,-49.0,-27.0,19.808,1.681
2723,-54.5,-27.5,19.758,2.29
2724,-54.0,-27.5,19.515,2.347
2725,-53.5,-27.5,19.434,1.854
2726,-53.0,-27.5,19.118,2.43
2727,-52.5,-27.5,18.596,2.397
2728,-52.0,-27.5,18.392,2.445
2729,-51.5,-27.5,18.033,2.664
2730,-51.0,-27.5,17.734,2.762
2731,-50.5,-27.5,17.411,2.573
2732,-50.0,-27.5,17.836,2.221
2733,-49.5,-27.5,18.121,1.65
2734,-49.0,-27.5,17.888,2.126
2735,-48.5,-27.5,20.245,1.961
2736,-55.0,-28.0,19.865,2.383
2737,-54.5,-28.0,20.043,1.874
2738,-54.0,-28.0,19.393,2.374
2739,-53.5,-28.0,19.015,2.428
2740,-53.0,-28.0,18.846,2.506
2741,-52.5,-28.0,18.379,2.696
2742,-52.0,-28.0,18.26,2.6
2743,-51.5,-28.0,17.791,2.807
2744,-51.0,-28.0,17.73,2.717
2745,-50.5,-28.0,17.167,2.823
2746,-50.0,-28.0,16.58,2.887
2747,-49.5,-28.0,13.794,5.271
2748,-49.0,-28.0,17.592,2.819
2749,-55.5,-28.5,19.881,2.42
2750,-55.0,-28.5,20.496,2.632
2751,-54.5,-28.5,19.53,2.465
2752,-54.0,-28.5,19.008,2.505
2753,-53.5,-28.5,18.749,2.573
2754,-53.0,-28.5,18.79,2.576
2755,-52.5,-28.5,18.329,2.861
2756,-52.0,-28.5,18.148,2.302
2757,-51.5,-28.5,17.81,2.65
2758,-51.0,-28.5,16.274,3.139
2759,-50.5,-28.5,16.927,3.044
2760,-50.0,-28.5,15.967,3.346
2761,-49.5,-28.5,18.347,2.372
2762,-49.0,-28.5,19.012,3.477
2763,-56.0,-29.0,19.896,2.329
2764,-55.5,-29.0,19.524,2.451
2765,-55.0,-29.0,19.167,2.49
2766,-54.5,-29.0,19.147,2.511
2767,-54.0,-29.0,18.816,2.361
2768,-53.5,-29.0,18.802,2.485
2769,-53.0,-29.0,18.664,2.709
2770,-52.5,-29.0,18.073,3.431
2771,-52.0,-29.0,18.336,2.407
2772,-51.5,-29.0,17.937,2.615
2773,-51.0,-29.0,17.634,2.715
2774,-50.5,-29.0,16.994,3.0
2775,-50.0,-29.0,16.217,3.239
2776,-49.5,-29.0,19.532,2.268
2777,-56.5,-29.5,19.385,2.596
2778,-56.0,-29.5,19.333,2.485
2779,-55.5,-29.5,19.31,2.369
2780,-55.0,-29.5,19.185,2.636
2781,-54.5,-29.5,19.197,2.74
2782,-54.0,-29.5,19.005,2.448
2783,-53.5,-29.5,18.935,2.43
2784,-53.0,-29.5,18.759,2.602
2785,-52.5,-29.5,18.773,2.581
2786,-52.0,-29.5,19.326,2.185
2787,-51.5,-29.5,18.753,2.324
2788,-51.0,-29.5,18.316,2.22
2789,-50.5,-29.5,17.755,2.737
2790,-50.0,-29.5,18.358,2.905
2791,-57.0,-30.0,19.662,2.856
2792,-56.5,-30.0,19.155,2.65
2793,-56.0,-30.0,19.091,2.574
2794,-55.5,-30.0,19.15,2.483
2795,-55.0,-30.0,19.122,2.689
2796,-54.5,-30.0,19.161,2.656
2797,-54.0,-30.0,18.99,2.523
2798,-53.5,-30.0,18.791,2.594
2799,-53.0,-30.0,18.676,2.67
2800,-52.5,-30.0,19.017,2.546
2801,-52.0,-30.0,18.846,2.465
2802,-51.5,-30.0,19.076,2.155
2803,-51.0,-30.0,19.421,1.884
2804,-50.5,-30.0,18.846,2.859
2805,-56.0,-30.5,18.702,2.712
2806,-55.5,-30.5,18.474,2.796
2807,-55.0,-30.5,18.762,2.791
2808,-54.5,-30.5,19.109,2.486
2809,-54.0,-30.5,18.782,2.706
2810,-53.5,-30.5,17.419,3.86
2811,-53.0,-30.5,18.29,2.94
2812,-52.5,-30.5,18.14,2.691
2813,-52.0,-30.5,18.527,2.291
2814,-51.5,-30.5,18.714,2.32
2815,-51.0,-30.5,18.848,2.565
2816,-50.5,-30.5,18.759,2.855
2817,-56.0,-31.0,18.309,2.844
2818,-55.0,-31.0,18.52,3.251
2819,-54.5,-31.0,18.526,3.104
2820,-54.0,-31.0,18.293,3.058
2821,-53.5,-31.0,18.175,3.143
2822,-53.0,-31.0,18.059,3.204
2823,-52.5,-31.0,18.086,3.045
2824,-52.0,-31.0,18.378,2.108
2825,-51.5,-31.0,18.552,2.546
2826,-51.0,-31.0,18.944,4.032
2827,-54.5,-31.5,18.309,3.08
2828,-54.0,-31.5,17.947,3.261
2829,-53.5,-31.5,18.1,3.189
2830,-53.0,-31.5,17.56,3.788
2831,-52.5,-31.5,17.444,3.944
2832,-52.0,-31.5,18.252,3.134
2833,-51.5,-31.5,18.533,3.23
2834,-53.5,-32.0,18.087,3.078
2835,-53.0,-32.0,18.071,3.226
2836,-52.5,-32.0,18.262,3.293
2837,-52.0,-32.0,18.483,3.35
2838,-53.0,-32.5,17.977,2.974
2839,-52.5,-32.5,18.23,3.192
2840,-53.0,-33.0,17.975,3.213
2841,-53.5,-33.5,17.551,4.314
