data,v_vento,t_med,v_rajada,t_max,t_min
2017-03-17,1.73,29.49,5.20,32.60,25.70
2017-03-18,1.52,27.08,7.80,33.80,21.80
2017-03-19,1.77,26.05,8.00,31.90,22.90
2017-03-20,2.10,25.93,10.10,32.30,21.80
2017-03-21,1.42,24.48,8.90,30.40,20.60
2017-03-22,1.90,24.69,9.30,31.10,19.10
2017-03-23,1.92,24.85,7.80,30.10,20.70
2017-03-24,1.85,24.21,7.90,30.30,18.50
2017-03-25,1.55,26.03,6.90,32.90,20.60
2017-03-26,1.57,27.10,8.40,34.10,21.60
2017-03-27,2.02,26.66,8.60,32.60,23.70
2017-03-28,2.03,22.92,9.90,25.40,20.30
2017-03-29,0.98,23.40,7.90,29.10,19.80
2017-03-30,1.40,23.89,7.80,30.30,19.30
2017-03-31,1.53,24.15,9.90,30.50,19.10
2017-04-01,1.62,23.59,9.40,29.60,19.80
2017-04-02,1.02,23.94,7.00,29.90,19.00
2017-04-03,1.20,24.49,5.20,30.30,19.70
2017-04-04,1.59,25.29,10.60,31.90,20.20
2017-04-05,1.15,24.90,6.80,31.10,20.70
2017-04-06,1.51,26.47,6.40,32.70,21.60
2017-04-07,1.08,25.90,6.30,32.00,21.00
2017-04-08,1.51,26.30,8.00,32.80,22.20
2017-04-09,1.58,25.72,8.90,33.00,20.80
2017-04-10,1.30,25.94,8.70,32.90,20.40
2017-04-11,1.39,24.79,7.50,28.90,21.70
2017-04-12,1.30,25.75,8.20,32.30,21.40
2017-04-13,1.64,24.91,10.00,29.50,21.10
2017-04-14,2.18,24.10,8.90,29.30,21.50
2017-04-15,1.67,23.84,8.70,29.20,21.30
2017-04-16,1.27,24.30,5.40,30.00,20.10
2017-04-17,1.27,25.83,7.20,33.70,19.40
2017-04-18,2.78,24.87,9.50,29.70,22.80
2017-04-19,2.58,23.35,10.40,27.10,19.50
2017-04-20,2.04,23.22,8.80,28.70,19.10
2017-04-21,1.12,23.46,5.50,30.30,16.00
2017-04-22,1.06,24.95,7.00,33.00,18.10
2017-04-23,2.29,25.16,8.50,29.40,22.80
2017-04-24,2.27,24.57,10.30,29.50,20.30
2017-04-25,2.22,23.70,7.70,27.20,20.70
2017-04-26,1.11,24.86,5.70,31.80,19.30
2017-04-27,1.28,26.42,6.00,33.10,21.70
2017-04-28,2.61,25.83,11.40,31.20,22.90
2017-04-29,3.09,23.33,8.80,26.30,21.70
2017-04-30,2.88,22.09,9.40,24.40,19.80
2017-05-01,3.20,22.95,10.00,27.60,19.50
2017-05-02,3.44,23.52,10.40,27.40,20.80
2017-05-03,2.33,23.17,9.60,27.80,19.90
2017-05-04,1.92,23.52,9.30,30.30,20.00
2017-05-05,1.12,24.19,6.40,30.80,19.70
2017-05-06,1.26,25.03,5.90,31.90,20.30
2017-05-07,1.56,23.00,9.40,28.30,19.20
2017-05-08,1.43,23.60,5.90,28.60,20.00
2017-05-09,1.04,24.35,6.30,30.90,20.10
2017-05-10,1.13,25.40,5.90,32.10,21.40
2017-05-11,2.12,24.37,9.00,29.50,19.60
2017-05-12,2.01,22.43,8.90,28.20,17.40
2017-05-13,0.96,21.29,6.90,28.70,15.60
2017-05-14,1.38,22.86,9.40,32.30,15.70
2017-05-15,1.68,26.08,8.40,34.00,20.50
2017-05-16,1.93,23.62,6.60,27.40,22.20
2017-05-17,1.81,21.77,7.40,24.00,20.00
2017-05-18,2.08,20.71,10.00,23.20,19.10
2017-05-19,1.38,20.64,6.70,24.10,17.80
2017-05-20,1.64,21.34,9.60,26.70,19.30
2017-05-21,1.62,22.76,8.00,27.00,20.90
2017-05-22,1.17,22.28,6.90,26.20,20.60
2017-05-23,2.13,22.04,8.40,24.60,19.80
2017-05-24,1.80,20.35,9.10,23.00,19.00
2017-05-25,1.40,21.11,7.90,23.50,20.00
2017-05-26,1.15,21.25,7.40,27.20,17.10
2017-05-27,1.00,20.97,7.20,26.30,17.80
2017-05-28,1.34,21.88,7.80,26.10,19.20
2017-05-29,0.85,21.58,7.00,26.30,16.70
2017-05-30,1.02,21.83,5.80,28.10,17.40
2017-05-31,0.79,22.60,6.20,29.50,18.40
2017-06-01,0.97,22.41,6.40,30.40,17.70
2017-06-02,1.48,25.44,10.50,33.20,20.10
2017-06-03,3.07,21.88,9.90,24.20,20.70
2017-06-04,1.12,23.22,4.20,27.00,20.70
2017-06-05,1.02,24.20,4.60,29.60,21.70
2017-06-06,1.09,23.12,5.30,29.90,17.10
2017-06-07,0.92,23.09,5.30,30.40,16.30
2017-06-08,1.39,23.95,9.60,29.30,21.00
2017-06-09,1.22,24.34,7.50,31.60,19.00
2017-06-10,2.40,23.10,11.20,30.60,17.70
2017-06-11,2.34,22.03,7.50,26.40,19.20
2017-06-12,1.53,23.70,6.50,30.20,20.60
2017-06-13,1.35,23.80,8.20,29.40,20.50
2017-06-14,0.88,22.98,5.30,27.90,19.40
2017-06-15,2.17,22.16,8.10,25.60,19.50
2017-06-16,1.40,22.02,7.00,27.50,16.60
2017-06-17,1.50,22.41,7.80,27.30,19.40
2017-06-18,1.07,22.87,5.30,29.20,18.20
2017-06-19,0.92,21.40,6.10,29.40,14.80
2017-06-20,1.21,21.69,6.00,28.50,16.10
2017-06-21,2.23,21.96,9.90,27.60,18.90
2017-06-22,2.35,20.67,12.70,26.10,18.40
2017-06-23,2.24,20.39,12.30,24.60,18.30
2017-06-24,2.24,20.29,12.60,25.30,18.10
2017-06-25,2.30,20.15,11.20,25.30,17.00
2017-06-26,2.88,20.64,10.60,25.50,17.70
2017-06-27,1.85,20.26,6.50,24.60,18.20
2017-06-28,2.05,21.33,8.20,25.60,17.90
2017-06-29,1.53,20.67,8.70,25.60,18.00
2017-06-30,0.96,20.42,5.30,26.00,16.00
2017-07-01,1.19,21.30,6.20,27.70,16.50
2017-07-02,2.14,19.62,9.10,24.10,14.10
2017-07-03,2.98,18.97,11.90,23.10,15.70
2017-07-04,2.81,17.71,12.50,21.70,14.90
2017-07-05,2.14,17.65,12.60,23.40,14.20
2017-07-06,2.48,19.04,10.90,23.80,16.10
2017-07-07,2.80,19.68,10.90,24.10,16.70
2017-07-08,2.70,20.00,11.40,25.10,17.10
2017-07-09,2.51,19.70,10.40,24.30,16.60
2017-07-10,2.24,20.23,10.90,25.20,17.60
2017-07-11,1.49,19.81,7.80,24.40,17.50
2017-07-12,1.75,20.55,9.20,26.30,16.10
2017-07-13,2.60,20.28,11.80,24.40,18.00
2017-07-14,1.77,19.11,9.00,23.50,17.00
2017-07-15,1.87,19.98,8.00,25.40,16.40
2017-07-16,1.57,19.93,9.90,25.30,17.70
2017-07-17,1.58,20.78,8.10,26.30,18.40
2017-07-18,0.90,20.08,5.70,26.60,14.10
2017-07-19,1.35,20.13,7.10,24.70,17.50
2017-07-20,1.48,20.42,5.80,25.60,16.60
2017-07-21,1.25,21.68,6.30,28.20,16.90
2017-07-22,1.25,21.54,5.70,28.40,16.50
2017-07-23,2.09,20.25,10.00,25.70,16.60
2017-07-24,1.86,19.79,11.70,24.70,17.50
2017-07-25,1.52,20.21,9.50,25.20,16.90
2017-07-26,2.52,20.08,11.00,25.30,16.40
2017-07-27,2.70,19.96,11.30,25.00,16.80
2017-07-28,3.52,20.55,13.00,25.10,16.90
2017-07-29,2.25,19.11,12.20,23.90,16.30
2017-07-30,1.68,17.75,10.10,20.50,15.60
2017-07-31,1.25,18.06,8.00,22.30,14.50
2017-08-01,1.11,18.46,5.90,23.60,15.20
2017-08-02,1.04,19.44,6.10,23.80,16.10
2017-08-03,1.17,20.54,4.80,26.30,17.80
2017-08-04,2.16,21.61,8.60,27.90,17.00
2017-08-05,1.90,21.27,8.60,25.40,18.00
2017-08-06,2.27,19.44,8.50,25.10,14.70
2017-08-07,1.44,18.52,7.90,25.40,12.90
2017-08-08,1.22,18.65,6.50,25.70,12.00
2017-08-09,1.17,20.45,6.20,30.10,11.90
2017-08-10,2.28,21.02,8.90,30.30,12.90
2017-08-11,2.01,20.81,7.70,24.70,18.20
2017-08-12,1.73,20.10,6.90,25.60,16.90
2017-08-13,1.15,19.63,6.00,24.50,15.30
2017-08-14,0.93,19.03,5.80,26.40,13.60
2017-08-15,1.67,20.00,7.30,26.60,14.70
2017-08-16,1.23,20.43,7.40,27.10,15.60
2017-08-17,1.31,20.70,7.00,28.80,14.50
2017-08-18,1.21,21.73,6.00,28.30,17.30
2017-08-19,1.50,21.33,7.20,25.70,17.70
2017-08-20,1.55,22.27,7.10,29.30,17.80
2017-08-21,2.36,20.71,16.90,29.70,17.50
2017-08-22,4.10,20.18,14.30,22.10,18.40
2017-08-23,3.48,19.51,12.20,21.90,17.70
2017-08-24,3.20,20.16,9.10,25.50,16.50
2017-08-25,1.64,18.51,7.90,25.20,11.90
2017-08-26,2.12,18.83,8.00,24.00,15.80
2017-08-27,1.28,19.56,7.70,25.80,14.10
2017-08-28,1.50,19.64,7.80,27.70,12.30
2017-08-29,1.56,20.21,6.20,25.90,14.30
2017-08-30,1.07,22.67,6.80,30.10,16.00
2017-08-31,2.16,23.05,13.20,31.70,14.20
2017-09-01,3.90,21.44,13.40,24.10,19.90
2017-09-02,4.22,20.40,14.90,25.80,16.70
2017-09-03,2.91,18.87,12.20,23.00,15.20
2017-09-04,2.50,19.17,10.70,25.10,15.90
2017-09-05,1.59,19.97,7.10,27.00,15.40
2017-09-06,1.63,22.29,8.70,30.00,17.50
2017-09-07,2.04,21.68,9.10,29.20,15.90
2017-09-08,1.94,19.42,11.60,26.40,14.00
2017-09-09,2.29,21.07,8.80,26.20,17.30
2017-09-10,2.57,21.83,10.60,27.00,19.20
2017-09-11,2.15,21.28,9.20,27.50,16.40
2017-09-12,1.93,20.83,10.80,28.20,16.10
2017-09-13,2.02,20.79,9.10,25.60,16.70
2017-09-14,2.44,22.10,9.30,28.60,17.20
2017-09-15,1.80,22.20,8.80,29.00,16.80
2017-09-16,2.56,21.26,11.80,26.90,17.70
2017-09-17,2.25,21.75,8.60,27.60,18.20
2017-09-18,2.77,22.42,10.40,28.40,17.80
2017-09-19,1.88,20.37,9.50,25.10,18.40
2017-09-20,2.16,21.40,9.70,26.10,17.90
2017-09-21,3.00,22.18,9.60,28.30,18.40
2017-09-22,1.81,21.04,8.90,26.40,17.30
2017-09-23,2.00,22.00,8.60,28.50,17.30
2017-09-24,2.03,21.93,9.50,28.40,16.40
2017-09-25,2.12,20.33,9.40,25.50,16.00
2017-09-26,2.18,19.38,11.70,24.30,17.30
2017-09-27,1.21,20.94,7.50,26.80,17.10
2017-09-28,1.54,24.42,6.00,31.60,20.10
2017-09-29,2.37,24.55,9.20,31.10,20.90
2017-09-30,2.20,24.20,9.00,29.30,20.10
2017-10-01,1.62,22.91,8.90,28.40,19.90
2017-10-02,1.56,24.61,7.80,32.50,18.30
2017-10-03,1.86,24.88,9.00,31.80,19.30
2017-10-04,2.30,23.36,11.80,29.30,19.80
2017-10-05,2.35,21.83,8.60,26.00,19.70
2017-10-06,2.13,23.55,9.70,29.70,19.50
2017-10-07,1.90,23.90,9.80,30.60,19.50
2017-10-08,2.50,23.49,10.60,31.40,18.70
2017-10-09,2.52,24.57,11.90,31.90,19.00
2017-10-10,2.02,23.92,9.50,31.20,17.70
2017-10-11,2.42,24.80,10.40,32.60,20.30
2017-10-12,2.40,25.39,9.70,32.50,20.20
2017-10-13,2.56,25.43,11.00,32.60,20.50
2017-10-14,2.02,25.98,8.30,33.80,20.70
2017-10-15,2.95,25.00,12.10,32.00,20.80
2017-10-16,3.05,23.30,9.50,28.00,21.50
2017-10-17,3.30,23.73,11.10,30.30,20.00
2017-10-18,2.52,22.92,10.60,29.60,18.80
2017-10-19,2.00,23.77,9.10,31.40,17.50
2017-10-20,2.23,26.09,10.50,35.10,19.60
2017-10-21,2.91,26.79,13.00,34.10,21.40
2017-10-22,2.04,26.40,10.10,34.90,19.20
2017-10-23,2.83,25.52,11.80,33.10,21.80
2017-10-24,2.74,25.27,11.60,32.30,20.70
2017-10-25,2.70,24.09,9.80,31.50,20.00
2017-10-26,2.15,25.08,10.50,32.90,20.40
2017-10-27,2.33,26.67,9.90,35.30,19.90
2017-10-28,1.72,27.17,10.20,33.20,21.40
2017-10-29,2.40,28.86,15.40,38.80,21.20
2017-10-30,2.17,24.85,8.60,29.40,21.70
2017-10-31,1.77,27.03,7.70,34.20,21.80
2017-11-01,3.53,22.78,9.70,28.10,19.90
2017-11-02,3.39,20.85,11.40,23.40,17.90
2017-11-03,2.40,20.92,9.50,23.50,19.50
2017-11-04,2.15,24.24,10.20,31.40,20.50
2017-11-05,1.78,25.19,7.60,31.00,20.60
2017-11-06,2.98,22.93,10.50,25.80,19.70
2017-11-07,3.32,20.91,10.40,23.60,18.80
2017-11-08,2.93,21.98,9.10,25.20,19.30
2017-11-09,2.64,22.33,9.10,26.30,20.00
2017-11-10,1.34,23.85,7.40,29.50,20.30
2017-11-11,1.64,24.10,6.00,29.00,21.50
2017-11-12,2.03,24.42,8.40,29.20,22.10
2017-11-13,3.05,24.96,13.40,30.90,22.20
2017-11-14,3.35,22.38,11.60,25.20,20.80
2017-11-15,2.10,22.11,7.50,26.70,19.80
2017-11-16,1.35,23.15,9.40,28.50,19.30
2017-11-17,2.06,24.98,8.10,31.40,19.10
2017-11-18,1.80,25.28,6.30,31.20,21.20
2017-11-19,1.62,26.17,7.00,32.70,21.30
2017-11-20,1.96,26.86,9.00,34.40,21.90
2017-11-21,2.02,26.62,8.50,32.20,22.70
2017-11-22,1.93,26.83,10.10,33.40,22.00
2017-11-23,2.85,25.95,13.70,34.00,21.40
2017-11-24,2.58,22.94,9.90,29.90,19.00
2017-11-25,1.96,25.87,8.90,33.30,21.30
2017-11-26,2.14,25.36,8.90,33.10,18.10
2017-11-27,1.49,25.56,8.40,34.40,18.80
2017-11-28,2.04,27.37,9.00,35.00,21.40
2017-11-29,1.91,24.27,7.30,27.80,21.50
2017-11-30,2.08,23.78,10.10,28.60,20.80
2017-12-01,1.17,23.08,4.50,24.70,22.00
2017-12-02,1.36,22.10,6.40,23.30,21.10
2017-12-03,1.52,24.97,8.70,31.40,22.20
2017-12-04,1.56,26.21,15.30,31.50,22.50
2017-12-05,2.12,24.67,13.50,32.70,22.10
2017-12-06,3.04,23.38,10.20,25.80,22.00
2017-12-07,1.91,22.78,9.30,26.70,21.00
2017-12-08,1.63,24.26,10.60,29.20,21.50
2017-12-09,2.22,25.24,10.90,29.60,23.30
2017-12-10,1.96,25.44,6.50,30.60,21.40
2017-12-11,2.09,25.01,11.50,31.10,21.10
2017-12-12,2.52,23.26,13.20,29.20,21.10
2017-12-13,2.96,20.81,13.10,24.10,18.20
2017-12-14,1.83,20.46,10.90,22.20,18.10
2017-12-15,1.41,23.04,6.40,27.80,20.10
2017-12-16,1.77,25.18,9.10,31.10,21.30
2017-12-17,1.42,24.08,12.20,30.10,21.00
2017-12-18,2.08,23.87,7.50,29.80,21.10
2017-12-19,1.60,25.00,7.70,30.30,21.10
2017-12-20,2.11,24.69,7.80,30.50,21.40
2017-12-21,1.52,24.30,8.00,30.40,19.80
2017-12-22,1.81,25.40,9.30,31.50,21.70
2017-12-23,1.91,26.00,7.70,32.40,22.10
2017-12-24,1.62,25.59,6.20,32.20,21.10
2017-12-25,1.40,26.10,5.90,32.90,21.50
2017-12-26,1.60,26.79,7.00,33.40,23.00
2017-12-27,1.98,26.55,8.60,33.00,22.50
2017-12-28,1.51,26.11,7.00,33.10,21.60
2017-12-29,1.47,25.79,7.10,32.40,21.80
2017-12-30,1.54,26.92,6.30,32.90,22.20
2017-12-31,1.27,27.20,6.10,34.60,21.30
2018-01-01,1.89,26.82,9.80,35.60,22.30
2018-01-02,1.81,27.73,15.50,36.70,22.50
2018-01-03,2.09,29.26,10.00,35.80,24.30
2018-01-04,2.57,26.37,12.40,31.40,22.80
2018-01-05,1.95,27.80,9.80,33.70,23.40
2018-01-06,2.06,26.53,9.90,33.50,22.70
2018-01-07,1.95,26.74,10.10,34.50,21.30
2018-01-08,2.00,26.71,10.30,34.10,21.90
2018-01-09,2.03,24.83,10.00,29.30,22.20
2018-01-10,3.38,25.74,10.00,31.30,22.50
2018-01-11,1.89,25.90,8.20,32.60,21.40
2018-01-12,1.47,24.35,8.30,31.10,20.40
2018-01-13,1.60,25.58,8.60,32.00,20.60
2018-01-14,1.73,26.53,9.10,33.00,21.10
2018-01-15,1.83,26.83,9.60,34.30,21.40
2018-01-16,1.92,26.33,8.30,34.80,20.60
2018-01-17,1.95,26.92,8.90,34.70,20.80
2018-01-18,1.74,26.86,7.90,34.20,21.10
2018-01-19,1.65,27.91,6.70,35.80,21.30
2018-01-20,1.69,27.52,8.20,36.00,20.00
2018-01-21,1.80,27.25,8.10,35.80,21.40
2018-01-22,1.90,27.25,10.30,36.00,20.90
2018-01-23,2.19,26.51,10.10,34.90,20.10
2018-01-24,1.97,25.01,13.90,32.90,20.40
2018-01-25,1.93,25.88,12.80,35.30,20.90
2018-01-26,1.62,27.03,8.80,36.60,21.10
2018-01-27,1.92,27.68,10.60,36.40,22.20
2018-01-28,1.79,27.68,8.60,36.80,21.80
2018-01-29,1.83,28.29,8.10,36.20,22.90
2018-01-30,1.83,26.93,7.00,35.20,21.60
2018-01-31,1.39,23.71,13.90,26.10,21.80
2018-02-01,1.50,24.70,14.10,32.50,22.00
2018-02-02,1.50,24.70,7.30,31.90,21.60
2018-02-03,1.72,22.08,13.60,23.60,20.60
2018-02-04,1.21,22.17,8.90,24.20,20.70
2018-02-05,1.91,24.74,8.90,29.80,20.30
2018-02-06,1.77,24.52,8.50,29.60,22.10
2018-02-07,1.74,25.88,9.40,32.90,22.00
2018-02-08,1.66,25.74,8.80,32.50,22.00
2018-02-09,1.41,25.29,8.10,30.30,22.60
2018-02-10,1.77,25.87,6.80,32.10,21.70
2018-02-11,1.46,25.78,7.50,32.60,21.50
2018-02-12,1.24,26.47,8.40,33.70,22.40
2018-02-13,1.75,26.61,8.10,33.50,21.20
2018-02-14,1.77,25.45,8.20,31.80,21.60
2018-02-15,2.21,25.08,8.50,31.50,21.50
2018-02-16,1.76,25.08,8.00,33.00,21.20
2018-02-17,1.73,25.20,8.60,32.20,21.00
2018-02-18,1.25,25.29,6.20,32.20,21.00
2018-02-19,1.31,25.84,6.80,33.90,21.10
2018-02-20,1.29,25.99,8.50,33.10,21.30
2018-02-21,1.38,26.52,6.70,32.90,21.60
2018-02-22,1.25,26.23,6.10,33.30,21.40
2018-02-23,1.45,26.80,9.60,35.00,23.40
2018-02-24,2.77,26.29,9.80,31.80,23.30
2018-02-25,2.35,24.23,10.20,31.40,20.80
2018-02-26,1.44,25.38,6.90,32.80,21.50
2018-02-27,1.30,25.91,6.80,34.70,21.30
2018-02-28,1.18,26.28,6.30,34.10,20.40
2018-03-01,1.33,26.50,7.00,34.30,20.70
2018-03-02,1.53,26.90,6.70,34.40,20.70
2018-03-03,1.59,26.60,6.40,35.20,20.50
2018-03-04,1.48,26.30,12.90,34.40,21.20
2018-03-05,1.39,26.15,9.60,33.60,22.70
2018-03-06,1.05,27.11,7.40,35.40,22.50
2018-03-07,2.06,27.46,8.80,34.40,22.90
2018-03-08,1.50,26.45,11.30,33.20,22.70
2018-03-09,1.41,25.77,9.50,30.20,23.20
2018-03-10,1.69,24.91,11.90,30.90,22.40
2018-03-11,1.99,26.02,8.80,30.70,22.90
2018-03-12,1.75,25.92,8.40,31.70,21.70
2018-03-13,1.17,27.60,6.60,34.50,22.10
2018-03-14,1.48,27.02,5.80,33.20,23.40
2018-03-15,1.27,27.43,5.40,33.90,24.40
2018-03-16,1.15,26.83,6.70,33.80,21.50
2018-03-17,1.32,25.80,7.30,31.60,21.80
2018-03-18,1.46,25.74,7.20,32.20,21.60
2018-03-19,1.15,25.69,6.10,32.20,21.10
2018-03-20,1.14,25.42,6.90,32.80,19.90
2018-03-21,1.15,25.43,7.50,32.90,20.10
2018-03-22,0.91,24.09,8.50,28.10,22.70
2018-03-23,1.45,24.89,9.20,30.30,22.70
2018-03-24,1.58,23.90,7.50,30.30,21.60
2018-03-25,1.73,24.58,7.80,30.30,21.30
2018-03-26,1.45,24.72,7.90,31.00,21.20
2018-03-27,1.65,24.17,10.80,30.60,19.90
2018-03-28,1.86,24.45,7.80,30.00,21.40
2018-03-29,2.40,24.23,10.10,29.20,21.10
2018-03-30,1.79,24.45,10.20,31.00,20.80
2018-03-31,1.21,24.93,7.60,31.50,21.10
2018-04-01,1.10,24.97,6.70,31.70,19.80
2018-04-02,1.33,25.72,6.30,31.80,21.00
2018-04-03,1.13,25.37,6.40,32.80,19.50
2018-04-04,1.02,25.72,5.10,32.60,20.80
2018-04-05,1.48,26.13,6.90,32.90,22.40
2018-04-06,1.37,25.88,8.10,31.80,22.40
2018-04-07,1.64,25.38,9.30,31.30,22.40
2018-04-08,1.68,23.31,8.20,29.10,21.20
2018-04-09,1.96,23.54,9.90,29.30,21.10
2018-04-10,1.72,22.84,8.10,28.40,21.00
2018-04-11,1.99,22.88,9.60,29.50,20.20
2018-04-12,2.07,23.05,9.60,27.80,21.00
2018-04-13,1.58,23.40,9.40,29.50,21.30
2018-04-14,1.25,24.08,7.70,30.20,20.70
2018-04-15,1.61,24.67,9.80,30.60,21.30
2018-04-16,1.64,22.91,11.40,30.40,19.90
2018-04-17,2.25,22.12,10.90,27.00,19.60
2018-04-18,2.20,22.33,9.60,28.30,19.20
2018-04-19,1.41,22.43,6.50,28.10,18.60
2018-04-20,1.23,23.04,5.80,29.10,17.50
2018-04-21,1.05,21.60,31.00,27.60,16.70
2018-04-22,1.19,20.55,12.10,26.20,17.00
2018-04-23,0.90,21.90,8.30,28.80,18.90
2018-04-24,1.60,23.03,8.70,28.60,21.00
2018-04-25,1.30,22.38,9.40,28.10,20.40
2018-04-26,1.00,23.06,5.40,29.60,18.80
2018-04-27,1.49,23.75,9.10,30.40,20.40
2018-04-28,2.00,23.66,9.50,29.50,19.70
2018-04-29,1.76,23.15,7.30,29.20,19.60
2018-04-30,0.85,22.05,4.30,28.70,16.70
2018-05-01,0.80,23.46,5.20,30.50,18.00
2018-05-02,1.17,23.78,5.60,30.30,19.70
2018-05-03,1.00,22.43,4.60,29.60,16.90
2018-05-04,1.09,23.20,5.40,30.00,18.10
2018-05-05,1.58,24.35,6.80,30.20,20.50
2018-05-06,1.11,23.99,5.00,30.00,20.20
2018-05-07,1.30,23.39,7.90,29.60,19.40
2018-05-08,1.50,22.99,9.40,29.30,19.10
2018-05-09,2.28,21.68,10.90,25.90,19.90
2018-05-10,2.10,21.78,9.20,27.40,17.80
2018-05-11,1.02,21.60,6.60,28.50,15.90
2018-05-12,1.05,21.93,5.60,29.30,15.90
2018-05-13,1.29,24.42,7.10,30.80,20.40
2018-05-14,2.47,23.43,8.50,28.90,19.80
2018-05-15,1.50,22.70,7.70,29.60,20.00
2018-05-16,1.25,23.10,7.00,30.00,19.20
2018-05-17,1.30,23.28,7.50,28.90,19.50
2018-05-18,1.45,23.39,6.90,28.80,20.70
2018-05-19,1.69,24.05,8.20,29.80,20.60
2018-05-20,1.64,23.50,10.20,32.50,18.40
2018-05-21,1.56,21.61,5.70,26.00,17.90
2018-05-22,1.56,22.45,6.20,27.80,19.70
2018-05-23,1.12,23.08,6.30,29.00,18.10
2018-05-24,2.36,22.28,9.10,26.00,19.00
2018-05-25,1.72,21.22,7.10,26.30,17.50
2018-05-26,1.88,19.20,7.10,20.60,18.30
2018-05-27,2.01,21.24,8.90,27.40,16.90
2018-05-28,2.30,21.24,9.80,27.40,16.70
2018-05-29,1.89,20.37,11.00,26.80,17.10
2018-05-30,0.95,19.53,5.40,28.30,13.80
2018-05-31,1.15,20.88,6.70,28.10,16.10
2018-06-01,1.23,22.02,5.90,28.80,17.70
2018-06-02,1.04,22.94,4.40,29.10,20.00
2018-06-03,0.96,23.49,7.20,30.70,18.10
2018-06-04,2.43,21.77,9.10,27.10,17.00
2018-06-05,1.28,21.03,6.10,26.10,17.10
2018-06-06,1.46,21.57,7.50,27.90,18.00
2018-06-07,1.01,21.80,5.50,31.20,15.70
2018-06-08,1.43,24.20,8.80,33.20,17.20
2018-06-09,2.72,22.30,9.80,24.10,21.30
2018-06-10,1.72,22.20,7.20,27.20,20.00
2018-06-11,0.96,22.29,4.60,27.60,19.60
2018-06-12,1.73,22.80,7.60,28.80,19.70
2018-06-13,1.29,22.69,7.60,30.90,18.20
2018-06-14,1.02,22.60,6.40,31.10,16.60
2018-06-15,1.40,22.88,6.00,29.70,19.10
2018-06-16,1.27,22.32,5.20,28.60,19.20
2018-06-17,1.09,22.25,6.00,29.00,17.90
2018-06-18,1.60,20.95,8.90,29.00,15.20
2018-06-19,3.18,20.78,12.50,25.40,18.10
2018-06-20,1.89,21.16,7.10,26.90,17.30
2018-06-21,0.56,19.24,2.90,23.10,18.10
2018-06-22,1.11,21.38,5.60,29.50,15.50
2018-06-23,1.36,21.70,8.40,29.70,16.90
2018-06-24,1.04,23.02,7.80,29.40,19.50
2018-06-25,1.34,22.88,7.90,30.20,19.00
2018-06-26,0.98,21.77,5.90,29.30,17.70
2018-06-27,1.10,21.55,7.10,30.30,14.60
2018-06-28,1.54,20.98,8.70,27.40,15.80
2018-06-29,1.58,20.46,6.80,26.40,16.80
2018-06-30,1.27,21.96,5.90,28.00,18.30
2018-07-01,1.01,22.85,4.80,28.20,19.60
2018-07-02,0.90,22.27,6.00,29.10,18.30
2018-07-03,1.03,23.31,5.70,29.90,18.90
2018-07-04,1.65,21.55,7.30,28.90,15.70
2018-07-05,1.26,21.98,6.80,28.90,17.60
2018-07-06,1.06,21.35,5.70,28.90,16.00
2018-07-07,1.12,20.68,8.00,28.60,14.30
2018-07-08,1.16,21.73,6.90,30.90,15.00
2018-07-09,1.33,23.88,5.30,30.80,20.50
2018-07-10,1.13,21.99,7.70,30.30,15.10
2018-07-11,1.88,20.75,8.00,29.70,13.70
2018-07-12,1.74,20.61,9.00,24.80,17.80
2018-07-13,1.22,21.19,7.30,27.90,16.20
2018-07-14,1.08,22.30,5.70,29.10,18.20
2018-07-15,1.20,21.55,6.40,27.90,17.50
2018-07-16,1.45,21.72,8.40,27.90,17.10
2018-07-17,1.47,21.37,13.60,26.60,18.60
2018-07-18,1.10,19.39,9.90,23.80,16.70
2018-07-19,1.11,21.24,6.90,27.50,16.40
2018-07-20,1.36,22.02,5.80,28.60,18.30
2018-07-21,0.91,20.35,5.00,27.30,14.60
2018-07-22,1.41,21.22,8.50,28.80,15.20
2018-07-23,1.68,20.67,9.50,27.40,17.60
2018-07-24,1.78,21.20,9.20,27.90,16.60
2018-07-25,1.42,20.02,8.50,27.40,15.20
2018-07-26,1.83,20.45,10.10,25.80,16.40
2018-07-27,1.45,21.14,7.40,28.30,17.00
2018-07-28,1.07,21.26,6.10,29.20,16.20
2018-07-29,1.33,22.00,8.80,28.90,16.50
2018-07-30,1.49,21.80,8.50,29.50,14.50
2018-07-31,1.58,22.40,8.70,31.10,14.40
2018-08-01,1.90,21.12,8.30,27.50,16.40
2018-08-02,1.83,21.17,8.90,27.60,19.40
2018-08-03,1.37,22.59,8.20,28.90,19.30
2018-08-04,1.54,23.02,8.90,28.90,18.70
2018-08-05,1.30,24.30,5.40,32.80,17.10
2018-08-06,2.25,24.45,6.50,30.50,21.00
2018-08-07,2.44,23.28,7.80,26.90,20.80
2018-08-08,1.77,21.60,6.50,25.00,20.20
2018-08-09,1.51,23.70,7.50,30.30,19.00
2018-08-10,1.49,23.99,8.20,32.30,16.80
2018-08-11,1.78,25.90,9.90,35.70,18.90
2018-08-12,3.52,22.66,9.30,27.30,19.50
2018-08-13,2.17,22.41,9.60,29.10,17.90
2018-08-14,1.71,21.42,8.30,28.10,15.40
2018-08-15,1.44,22.52,8.80,30.20,16.80
2018-08-16,2.03,23.20,9.50,30.20,18.60
2018-08-17,2.14,21.54,7.90,24.40,19.70
2018-08-18,2.46,21.02,7.50,25.70,18.10
2018-08-19,1.73,20.43,7.30,25.30,15.40
2018-08-20,1.63,21.46,8.80,29.70,15.10
2018-08-21,1.94,22.52,8.00,29.20,17.90
2018-08-22,1.98,23.59,9.80,30.00,19.80
2018-08-23,1.75,23.38,8.50,29.80,19.10
2018-08-24,1.75,22.45,9.10,28.30,17.90
2018-08-25,1.87,23.27,8.40,31.50,17.00
2018-08-26,2.03,23.96,9.50,30.70,19.50
2018-08-27,2.53,19.78,10.10,22.40,18.40
2018-08-28,2.77,20.02,10.90,25.10,18.20
2018-08-29,2.24,19.17,8.90,23.40,17.70
2018-08-30,1.76,21.88,8.60,27.70,17.50
2018-08-31,1.28,21.09,8.30,27.80,15.40
2018-09-01,1.55,21.88,8.10,29.80,15.10
2018-09-02,1.74,22.66,9.20,29.70,18.00
2018-09-03,1.30,22.63,7.40,31.20,14.40
2018-09-04,1.57,24.41,6.30,32.30,18.00
2018-09-05,3.42,21.58,12.60,24.00,18.70
2018-09-06,3.72,21.23,9.50,24.40,19.10
2018-09-07,2.75,21.03,9.60,27.30,16.50
2018-09-08,2.50,21.28,9.50,27.50,16.10
2018-09-09,1.76,19.81,8.00,25.40,15.20
2018-09-10,1.70,21.56,9.40,29.70,15.70
2018-09-11,1.58,22.50,7.90,29.10,17.00
2018-09-12,2.90,20.43,13.30,24.80,17.70
2018-09-13,2.45,20.54,9.70,25.40,18.00
2018-09-14,1.84,22.22,8.60,29.80,17.90
2018-09-15,1.40,21.39,8.60,27.70,16.50
2018-09-16,1.83,24.50,11.90,33.80,16.80
2018-09-17,2.73,22.05,10.30,26.00,20.20
2018-09-18,1.36,24.49,7.70,30.40,20.90
2018-09-19,1.88,24.19,8.80,29.60,21.30
2018-09-20,1.54,25.20,8.20,32.60,19.90
2018-09-21,2.04,25.16,10.00,33.20,19.30
2018-09-22,2.36,24.83,9.50,30.90,21.80
2018-09-23,2.07,25.22,9.60,32.50,20.50
2018-09-24,1.75,25.35,9.90,33.40,20.20
2018-09-25,2.28,25.58,10.10,33.20,21.90
2018-09-26,2.35,25.02,13.50,32.70,20.00
2018-09-27,2.35,26.00,10.40,33.60,19.40
2018-09-28,1.55,25.77,10.40,35.10,17.50
2018-09-29,3.13,25.86,10.40,31.70,22.30
2018-09-30,2.53,26.31,10.00,33.30,22.20
2018-10-01,2.63,26.14,10.60,33.70,22.00
2018-10-02,2.39,26.06,10.00,33.00,21.00
2018-10-03,2.00,25.61,8.10,31.30,20.40
2018-10-04,1.84,25.92,9.40,34.70,19.70
2018-10-05,2.40,24.71,10.10,29.40,22.20
2018-10-06,3.60,21.17,12.20,24.00,19.00
2018-10-07,2.20,21.10,6.80,25.20,19.00
2018-10-08,2.04,24.51,8.70,31.20,19.90
2018-10-09,2.48,25.95,10.10,33.50,20.60
2018-10-10,2.38,25.46,10.30,34.00,18.40
2018-10-11,2.47,25.61,10.50,34.00,18.70
2018-10-12,2.57,25.09,9.60,32.40,21.80
2018-10-13,1.64,25.69,7.90,34.00,18.60
2018-10-14,2.53,26.63,12.70,36.60,19.00
2018-10-15,2.80,25.79,9.70,32.30,22.10
2018-10-16,3.00,24.38,10.20,29.70,21.50
2018-10-17,2.72,24.45,10.70,31.50,22.10
2018-10-18,1.95,26.61,8.70,33.80,22.00
2018-10-19,1.46,25.48,8.60,34.40,20.90
2018-10-20,3.27,22.57,11.40,24.80,20.40
2018-10-21,3.13,20.70,9.40,23.00,19.30
2018-10-22,2.15,21.22,7.60,24.60,19.10
2018-10-23,1.40,24.22,8.70,32.10,19.50
2018-10-24,1.88,23.94,10.40,32.20,17.40
2018-10-25,2.12,23.69,6.30,26.90,22.40
2018-10-26,1.77,25.74,12.50,35.20,22.20
2018-10-27,1.91,25.11,22.10,33.30,21.90
2018-10-28,2.65,23.79,10.40,29.80,20.50
2018-10-29,3.29,19.96,8.90,20.70,19.30
2018-10-30,1.96,21.64,7.70,25.10,19.20
2018-10-31,2.15,23.88,6.60,28.60,20.80
2018-11-01,1.71,26.50,8.20,33.40,21.60
2018-11-02,2.87,25.15,11.20,31.70,20.70
2018-11-03,1.67,26.01,10.20,32.00,21.90
2018-11-04,1.59,26.39,8.20,34.20,20.00
2018-11-05,2.40,22.49,10.80,26.60,19.90
2018-11-06,1.45,22.03,7.50,28.10,19.70
2018-11-07,2.08,24.40,9.60,30.80,20.80
2018-11-08,2.67,24.30,13.40,30.40,20.70
2018-11-09,2.25,20.95,9.80,23.20,19.80
2018-11-10,1.68,19.31,7.90,20.80,18.40
2018-11-11,1.46,21.38,8.00,26.80,19.00
2018-11-12,1.73,23.15,9.50,28.40,20.90
2018-11-13,2.32,25.02,10.00,30.70,21.60
2018-11-14,1.80,25.80,8.30,31.70,22.20
2018-11-15,1.57,26.12,7.80,32.20,21.80
2018-11-16,1.82,26.13,9.80,33.20,22.00
2018-11-17,1.97,25.03,8.70,31.20,21.90
2018-11-18,2.33,26.20,8.80,32.30,21.90
2018-11-19,1.94,25.95,9.50,31.90,21.50
2018-11-20,2.52,24.91,10.70,31.70,20.60
2018-11-21,2.12,23.24,13.40,27.20,21.10
2018-11-22,2.15,23.64,12.70,28.40,21.80
2018-11-23,1.84,24.06,8.60,30.40,21.60
2018-11-24,1.92,24.66,12.00,30.90,21.20
2018-11-25,1.69,23.97,8.60,27.30,22.20
2018-11-26,1.26,22.88,13.90,28.90,21.10
2018-11-27,2.38,24.39,9.30,30.30,20.70
2018-11-28,1.96,24.05,9.90,30.60,18.60
2018-11-29,1.55,25.00,10.50,31.30,20.90
2018-11-30,1.72,25.29,9.40,32.30,19.70
2018-12-01,1.41,25.04,8.70,33.00,20.80
2018-12-02,2.61,24.97,12.00,30.60,22.20
2018-12-03,2.65,22.02,12.00,25.30,19.60
2018-12-04,1.52,21.85,6.90,25.70,19.40
2018-12-05,1.12,24.65,4.90,29.80,20.70
2018-12-06,2.07,26.71,10.10,32.90,22.20
2018-12-07,1.91,26.07,10.40,33.80,23.00
2018-12-08,2.77,21.78,14.90,23.70,18.90
2018-12-09,2.06,19.90,8.50,22.30,18.90
2018-12-10,1.60,20.72,6.20,23.10,18.80
2018-12-11,1.31,23.18,9.40,30.20,20.70
2018-12-12,1.14,24.80,6.80,31.00,20.80
2018-12-13,1.38,25.50,8.10,31.90,20.10
2018-12-14,1.37,26.17,6.50,33.20,20.80
2018-12-15,1.50,26.15,7.90,32.80,21.20
2018-12-16,1.58,25.74,6.10,31.50,21.70
2018-12-17,1.74,25.77,7.30,30.90,21.60
2018-12-18,1.12,25.92,5.70,33.30,20.60
2018-12-19,1.38,26.79,5.80,35.10,20.00
2018-12-20,1.33,26.25,5.80,34.00,20.80
2018-12-21,1.17,27.03,5.90,34.50,20.50
2018-12-22,1.60,27.44,7.80,35.60,21.10
2018-12-23,1.55,27.12,7.00,35.30,21.10
2018-12-24,1.72,27.93,7.20,36.10,21.50
2018-12-25,2.04,27.28,11.20,34.30,23.10
2018-12-26,1.92,25.37,10.50,33.70,22.00
2018-12-27,1.85,24.62,7.70,31.40,22.10
2018-12-28,1.47,24.13,5.40,28.30,21.90
2018-12-29,2.08,23.97,13.50,30.80,21.70
2018-12-30,1.11,23.40,4.90,25.80,21.60
2018-12-31,1.20,24.35,4.50,29.20,22.10
2019-01-01,1.92,27.23,8.80,34.20,21.60
2019-01-02,1.52,26.75,7.20,33.50,22.00
2019-01-03,1.37,26.45,5.00,34.10,21.30
2019-01-04,1.22,26.60,6.70,34.90,20.50
2019-01-05,1.55,26.94,8.20,34.60,20.20
2019-01-06,1.48,25.98,8.10,33.40,20.20
2019-01-07,1.70,26.33,8.80,33.70,21.30
2019-01-08,1.92,26.59,8.80,33.80,21.90
2019-01-09,1.82,24.90,9.60,31.50,21.20
2019-01-10,1.86,25.60,7.90,33.20,20.60
2019-01-11,1.05,25.58,8.20,33.10,21.10
2019-01-12,1.57,25.27,11.60,32.70,21.20
2019-01-13,1.83,25.60,10.60,34.30,19.50
2019-01-14,1.67,26.38,7.20,33.80,22.10
2019-01-15,1.45,27.38,10.30,35.30,21.70
2019-01-16,1.58,27.98,6.00,36.00,22.60
2019-01-17,1.49,26.89,6.00,35.00,21.70
2019-01-18,1.56,26.99,7.40,35.20,20.50
2019-01-19,1.60,27.96,8.40,36.40,21.30
2019-01-20,1.73,27.47,8.10,36.50,19.80
2019-01-21,1.79,27.40,7.80,36.20,20.90
2019-01-22,1.92,27.47,8.90,36.40,22.50
2019-01-23,2.00,27.66,8.90,36.30,22.40
2019-01-24,1.66,26.38,9.30,34.00,21.60
2019-01-25,1.88,27.15,9.50,36.00,21.10
2019-01-26,2.19,27.79,11.30,36.10,22.50
2019-01-27,2.25,27.02,10.40,34.30,22.50
2019-01-28,2.28,27.27,8.70,34.50,22.70
2019-01-29,2.10,27.72,9.30,35.40,23.00
2019-01-30,1.67,27.61,9.40,36.60,21.10
2019-01-31,1.83,28.02,9.00,36.40,22.10
2019-02-01,2.04,27.97,10.10,36.30,22.10
2019-02-02,1.63,27.51,9.40,36.10,21.50
2019-02-03,1.58,28.43,8.60,38.20,21.10
2019-02-04,1.88,28.73,9.60,37.50,21.90
2019-02-05,2.17,27.86,14.00,37.30,23.50
2019-02-06,2.16,26.36,8.40,32.20,22.30
2019-02-07,1.82,27.13,10.60,35.40,21.40
2019-02-08,1.60,25.91,8.00,34.10,21.10
2019-02-09,1.72,27.07,9.50,33.50,22.50
2019-02-10,2.10,27.21,9.40,35.20,22.00
2019-02-11,1.97,27.65,8.30,35.20,21.50
2019-02-12,1.27,27.80,7.20,35.50,22.30
2019-02-13,2.11,27.55,14.00,36.90,20.60
2019-02-14,2.18,26.30,11.50,32.00,22.70
2019-02-15,1.71,26.17,8.10,33.40,20.30
2019-02-16,1.90,27.00,13.80,35.50,23.50
2019-02-17,1.64,24.95,8.00,29.90,22.50
2019-02-18,1.73,27.95,7.50,34.30,23.80
2019-02-19,1.10,28.70,12.90,35.30,23.70
2019-02-20,1.32,28.28,9.50,35.50,23.80
2019-02-21,1.62,28.15,7.20,35.50,23.70
2019-02-22,1.41,27.86,5.80,34.30,23.30
2019-02-23,1.01,28.51,5.80,35.60,23.30
2019-02-24,1.29,28.51,7.40,36.40,22.40
2019-02-25,1.12,29.08,6.00,37.00,22.30
2019-02-26,1.49,28.58,8.20,36.00,22.80
2019-02-27,1.57,28.10,7.00,35.00,23.60
2019-02-28,1.40,28.45,12.00,36.60,23.20
2019-03-01,1.76,27.00,7.40,33.60,21.30
2019-03-02,1.81,26.21,9.80,33.10,20.80
2019-03-03,1.82,27.74,11.70,35.40,23.00
2019-03-04,1.48,25.92,11.50,32.70,22.00
2019-03-05,1.35,25.50,8.80,30.70,23.10
2019-03-06,1.28,26.04,9.10,32.90,23.50
2019-03-07,1.37,26.47,9.20,34.00,21.40
2019-03-08,1.36,26.50,6.90,32.70,21.70
2019-03-09,1.74,27.93,10.10,35.10,23.00
2019-03-10,1.67,28.28,7.50,35.50,21.70
2019-03-11,1.70,27.37,8.20,35.30,21.20
2019-03-12,1.45,26.74,10.60,32.80,23.00
2019-03-13,1.53,27.62,11.50,34.90,22.20
2019-03-14,1.40,28.51,7.00,36.90,22.10
2019-03-15,1.48,27.79,8.20,35.70,22.90
2019-03-16,2.05,27.77,8.20,34.60,23.90
2019-03-17,1.56,27.95,8.50,36.30,21.80
2019-03-18,1.48,28.72,8.20,36.40,22.60
2019-03-19,1.27,28.96,8.10,37.40,23.30
2019-03-20,2.04,28.07,8.10,35.70,23.80
2019-03-21,2.17,25.80,9.20,31.00,23.00
2019-03-22,1.69,25.01,8.70,27.80,22.80
2019-03-23,2.88,25.46,9.90,29.60,23.00
2019-03-24,2.76,25.03,10.70,30.90,21.70
2019-03-25,2.00,27.77,8.80,34.40,22.60
2019-03-26,1.89,27.05,11.10,34.90,22.70
2019-03-27,2.06,26.41,7.80,33.40,21.00
2019-03-28,2.67,26.16,9.90,32.60,20.80
2019-03-29,3.16,25.51,10.90,31.60,23.50
2019-03-30,2.68,25.52,9.70,32.80,19.40
2019-03-31,2.07,25.60,9.30,33.60,21.50
2019-04-01,1.57,26.33,7.90,33.40,21.80
2019-04-02,1.78,25.66,8.50,33.40,21.40
2019-04-03,1.32,25.98,6.40,32.80,21.10
2019-04-04,1.45,27.02,6.20,34.60,22.00
2019-04-05,1.65,27.67,9.50,36.00,23.00
2019-04-06,1.79,27.80,8.40,35.90,22.30
2019-04-07,1.64,27.86,10.20,35.40,23.50
2019-04-08,1.62,27.29,8.30,34.80,21.00
2019-04-09,1.79,27.95,7.80,35.70,21.90
2019-04-10,1.80,24.27,10.80,29.20,21.60
2019-04-11,1.29,25.02,7.80,30.30,22.70
2019-04-12,1.74,25.97,6.90,30.80,21.90
2019-04-13,2.50,26.60,8.20,32.50,23.10
2019-04-14,1.69,25.78,7.40,31.10,22.90
2019-04-15,2.08,26.09,7.60,31.50,23.20
2019-04-16,1.84,24.86,8.50,28.40,22.60
2019-04-17,1.18,25.61,5.80,31.40,23.00
2019-04-18,1.94,27.09,9.10,34.40,23.10
2019-04-19,2.08,26.65,8.20,31.70,23.30
2019-04-20,1.52,26.20,5.50,31.80,22.70
2019-04-21,1.25,26.60,5.60,32.90,22.60
2019-04-22,1.35,26.25,7.40,33.10,22.00
2019-04-23,1.27,26.32,5.60,32.70,21.80
2019-04-24,1.32,24.87,8.40,30.00,22.10
2019-04-25,2.18,24.67,8.80,30.40,21.90
2019-04-26,1.72,25.03,7.30,30.40,21.80
2019-04-27,1.39,25.50,7.00,31.10,22.30
2019-04-28,1.30,26.01,6.30,32.50,22.10
2019-04-29,2.04,26.50,11.10,34.80,21.40
2019-04-30,2.33,24.99,8.90,29.30,21.80
2019-05-01,1.85,24.45,6.40,28.20,22.20
2019-05-02,1.03,25.26,5.60,32.20,20.40
2019-05-03,1.45,25.63,6.90,31.70,22.80
2019-05-04,1.13,24.86,6.70,30.30,21.50
2019-05-05,1.86,23.27,12.90,28.40,20.50
2019-05-06,1.01,24.97,5.30,29.70,20.50
2019-05-07,1.01,25.52,4.50,32.60,19.80
2019-05-08,2.77,25.35,12.20,30.80,21.90
2019-05-09,2.35,23.13,8.10,26.70,19.90
2019-05-10,1.68,22.93,6.90,28.40,19.40
2019-05-11,0.95,24.37,5.50,31.10,21.10
2019-05-12,0.87,24.19,5.80,30.80,18.50
2019-05-13,1.03,24.91,7.60,32.30,18.60
2019-05-14,1.27,25.85,5.40,32.30,21.00
2019-05-15,1.31,25.50,8.30,33.20,21.00
2019-05-16,2.11,23.86,8.60,28.30,20.70
2019-05-17,1.91,22.84,8.20,29.00,21.00
2019-05-18,2.20,22.12,8.40,25.70,20.60
2019-05-19,0.90,22.70,4.50,28.80,18.00
2019-05-20,1.00,24.14,8.80,32.30,17.90
2019-05-21,1.20,25.02,4.50,31.50,21.50
2019-05-22,0.91,25.15,4.80,33.50,20.00
2019-05-23,1.03,24.60,4.20,31.80,20.80
2019-05-24,1.20,24.85,8.60,33.50,19.20
2019-05-25,1.52,25.61,8.90,34.60,18.80
2019-05-26,2.50,23.90,7.80,28.10,20.70
2019-05-27,2.06,24.57,7.00,31.10,20.30
2019-05-28,1.22,24.92,5.90,29.80,21.30
2019-05-29,1.05,24.81,5.80,33.50,18.00
2019-05-30,1.55,24.37,8.80,31.60,19.60
2019-05-31,1.59,25.14,9.70,34.20,19.50
2019-06-01,1.33,25.23,6.40,35.10,18.10
2019-06-02,1.10,24.92,5.70,33.80,18.70
2019-06-03,1.12,24.61,8.70,32.40,18.60
2019-06-04,1.99,23.91,13.00,33.00,17.10
2019-06-05,2.51,22.71,9.00,28.30,19.10
2019-06-06,2.20,20.59,10.30,26.00,16.30
2019-06-07,1.64,20.42,7.40,26.30,14.60
2019-06-08,0.81,21.55,4.80,26.60,18.40
2019-06-09,1.60,21.73,8.50,29.70,16.30
2019-06-10,2.38,20.91,9.30,24.20,19.10
2019-06-11,2.22,21.66,9.40,27.00,19.80
2019-06-12,1.91,21.44,7.10,26.20,19.50
2019-06-13,0.96,21.77,10.60,26.80,19.20
2019-06-14,0.96,20.86,11.40,26.60,18.00
2019-06-15,1.58,23.08,8.50,28.50,19.90
2019-06-16,1.45,22.28,7.20,27.40,19.50
2019-06-17,1.99,22.37,8.60,26.50,19.50
2019-06-18,1.38,22.21,7.00,28.00,19.00
2019-06-19,0.88,21.51,6.30,29.00,16.50
2019-06-20,1.09,22.32,4.70,30.00,16.50
2019-06-21,1.38,21.29,8.20,27.80,15.40
2019-06-22,2.29,20.44,10.90,23.60,18.50
2019-06-23,1.30,20.50,7.40,24.20,18.30
2019-06-24,0.90,21.68,4.40,25.40,19.40
2019-06-25,1.37,22.82,7.50,30.20,18.20
2019-06-26,1.17,22.57,6.10,29.70,16.40
2019-06-27,1.23,23.56,6.50,30.40,19.00
2019-06-28,2.02,21.47,9.60,27.70,16.20
2019-06-29,1.49,22.10,7.10,28.50,17.50
2019-06-30,1.12,22.24,7.50,27.80,19.50
2019-07-01,1.26,22.61,6.70,29.40,18.90
2019-07-02,1.48,23.40,6.20,30.60,18.00
2019-07-03,1.54,23.50,8.60,30.50,17.30
2019-07-04,1.30,24.73,7.10,33.40,17.00
2019-07-05,1.63,25.16,9.00,34.10,17.90
2019-07-06,2.65,22.85,9.00,29.10,19.70
2019-07-07,2.93,19.44,10.00,21.90,17.70
2019-07-08,2.86,18.82,9.80,24.80,13.80
2019-07-09,1.49,18.16,6.90,24.70,13.00
2019-07-10,1.46,18.90,6.30,25.70,12.10
2019-07-11,0.85,19.92,4.90,24.50,16.60
2019-07-12,0.80,20.32,5.50,27.00,15.20
2019-07-13,0.87,20.06,6.40,29.10,13.10
2019-07-14,0.87,21.35,5.10,31.20,12.50
2019-07-15,1.05,22.73,6.40,33.20,12.80
2019-07-16,1.81,23.26,12.40,33.10,14.10
2019-07-17,3.79,21.11,12.30,23.90,18.60
2019-07-18,3.15,19.82,12.10,25.00,16.50
2019-07-19,2.06,18.10,9.30,22.40,14.90
2019-07-20,2.03,18.71,9.80,25.60,13.80
2019-07-21,2.50,19.68,10.60,24.60,17.20
2019-07-22,2.26,20.20,7.50,24.90,17.80
2019-07-23,2.29,20.87,11.60,25.10,17.70
2019-07-24,1.35,20.85,7.70,26.80,17.70
2019-07-25,1.38,21.17,7.60,27.20,18.10
2019-07-26,1.52,19.90,9.10,27.00,14.10
2019-07-27,1.70,20.67,8.70,26.90,15.70
2019-07-28,1.88,22.16,8.00,28.80,18.30
2019-07-29,1.85,19.33,9.30,24.10,17.50
2019-07-30,1.16,20.93,5.50,26.90,16.80
2019-07-31,1.13,21.83,7.20,30.40,15.90
2019-08-01,2.05,23.15,7.70,29.20,18.30
2019-08-02,1.45,22.78,6.30,29.10,18.40
2019-08-03,1.80,22.05,10.60,31.00,13.70
2019-08-04,2.81,21.96,10.60,28.80,17.00
2019-08-05,4.03,19.58,14.30,22.00,17.70
2019-08-06,3.67,19.42,10.90,21.70,17.60
2019-08-07,2.75,20.53,10.60,23.40,19.60
2019-08-08,2.09,21.81,7.60,25.80,18.30
2019-08-09,1.34,21.63,7.50,28.90,16.20
2019-08-10,1.00,22.29,5.80,27.90,18.80
2019-08-11,1.37,22.35,8.00,29.70,17.10
2019-08-12,1.83,23.32,7.00,26.80,18.90
2019-08-13,0.88,21.42,6.70,29.00,15.50
2019-08-14,2.90,21.99,12.70,28.20,17.60
2019-08-15,4.74,20.00,14.70,24.60,16.40
2019-08-16,2.92,19.62,9.70,24.50,16.00
2019-08-17,1.25,19.39,6.90,26.50,12.90
2019-08-18,1.58,20.45,7.40,29.40,13.00
2019-08-19,1.30,23.08,6.50,32.20,15.10
2019-08-20,2.28,23.68,6.50,29.30,20.00
2019-08-21,1.96,22.85,10.20,28.20,18.20
2019-08-22,2.49,21.32,9.50,26.00,19.10
2019-08-23,2.16,21.01,7.30,25.20,16.90
2019-08-24,1.44,22.34,6.80,28.00,18.80
2019-08-25,3.03,19.93,9.60,24.10,18.60
2019-08-26,2.78,20.35,10.80,24.40,17.30
2019-08-27,2.47,20.42,8.00,25.20,17.60
2019-08-28,2.08,20.63,9.10,26.00,16.80
2019-08-29,1.29,19.00,8.30,22.80,16.10
2019-08-30,1.20,20.97,5.80,27.20,16.20
2019-08-31,1.49,21.40,8.60,29.30,15.00
2019-09-01,1.59,23.25,7.90,30.10,17.90
2019-09-02,1.52,23.05,6.80,30.10,16.10
2019-09-03,1.77,24.11,8.10,30.70,18.80
2019-09-04,1.70,23.74,8.50,31.40,17.80
2019-09-05,1.95,23.45,9.00,29.00,18.10
2019-09-06,3.88,21.06,12.20,22.90,19.70
2019-09-07,3.10,20.64,9.60,24.00,18.70
2019-09-08,1.81,21.90,7.70,28.80,18.70
2019-09-09,1.57,21.98,7.30,30.00,16.50
2019-09-10,1.52,23.64,7.10,29.50,20.00
2019-09-11,1.40,22.34,6.70,30.10,16.20
2019-09-12,1.08,22.70,6.40,32.30,14.50
2019-09-13,2.10,25.11,9.00,33.20,19.70
2019-09-14,3.08,24.15,10.30,30.30,20.80
2019-09-15,1.88,24.13,8.20,31.10,19.20
2019-09-16,1.74,23.40,8.80,29.80,19.70
2019-09-17,1.92,23.83,8.50,32.00,17.30
2019-09-18,1.80,24.73,7.90,33.50,17.80
2019-09-19,1.84,24.47,8.90,33.40,16.30
2019-09-20,2.50,25.56,9.70,33.50,18.30
2019-09-21,2.12,25.09,9.90,32.70,19.90
2019-09-22,1.89,24.09,8.40,32.00,17.40
2019-09-23,4.18,22.05,14.10,25.30,20.30
2019-09-24,3.80,21.12,11.70,26.30,16.70
2019-09-25,1.75,21.15,8.00,27.40,16.90
2019-09-26,1.85,22.07,9.90,29.30,16.40
2019-09-27,2.30,24.49,8.60,31.30,20.20
2019-09-28,3.43,22.29,10.80,25.00,20.40
2019-09-29,1.94,20.99,8.70,23.50,19.60
2019-09-30,2.21,22.45,9.00,28.30,19.70
2019-10-01,2.95,21.20,8.80,24.20,19.50
2019-10-02,2.08,22.92,8.60,30.30,17.40
2019-10-03,2.03,23.13,9.90,31.30,16.80
2019-10-04,2.67,22.35,12.80,25.80,19.80
2019-10-05,1.60,22.59,10.80,29.90,19.00
2019-10-06,1.81,23.66,9.20,31.40,18.90
2019-10-07,2.18,24.76,10.30,32.50,20.40
2019-10-08,2.47,25.01,12.30,32.40,21.00
2019-10-09,2.67,25.33,10.10,32.70,21.00
2019-10-10,2.56,25.12,10.40,32.20,20.10
2019-10-11,2.19,23.66,10.10,31.00,18.20
2019-10-12,2.17,25.06,9.70,33.50,20.30
2019-10-13,2.61,25.26,10.90,32.50,21.50
2019-10-14,2.05,24.69,10.20,33.00,18.50
2019-10-15,2.54,25.00,10.80,33.20,20.10
2019-10-16,2.63,25.17,10.30,32.30,20.20
2019-10-17,2.02,23.54,8.80,31.90,16.60
2019-10-18,1.65,25.29,8.90,32.90,18.90
2019-10-19,2.00,26.52,10.90,36.30,17.90
2019-10-20,3.12,25.50,10.70,30.70,20.70
2019-10-21,2.72,22.23,7.10,25.50,20.80
2019-10-22,2.30,25.04,12.40,32.50,20.30
2019-10-23,2.83,22.56,11.30,24.50,21.30
2019-10-24,2.26,23.19,6.90,27.10,20.60
2019-10-25,0.99,24.08,7.30,29.50,19.20
2019-10-26,1.80,26.23,8.90,33.00,22.40
2019-10-27,2.13,27.18,8.60,32.60,22.10
2019-10-28,2.33,26.40,10.10,33.90,20.60
2019-10-29,2.46,26.56,9.60,33.20,20.60
2019-10-30,2.65,26.50,11.30,33.40,19.20
2019-10-31,2.38,27.07,11.00,34.10,21.70
2019-11-01,2.42,26.76,11.90,34.90,21.00
2019-11-02,3.03,24.59,11.60,27.80,22.30
2019-11-03,1.62,25.69,7.40,34.10,18.00
2019-11-04,2.04,28.45,8.80,37.70,22.10
2019-11-05,1.76,29.90,8.40,38.30,20.20
2019-11-06,2.96,28.03,13.40,36.30,21.20
2019-11-07,3.07,27.69,11.20,35.80,22.60
2019-11-08,2.64,28.71,10.60,36.60,21.20
2019-11-09,2.74,27.94,10.20,35.70,20.20
2019-11-10,2.51,28.44,10.40,37.10,21.20
2019-11-11,2.06,28.58,7.90,37.80,21.20
2019-11-12,4.46,26.09,13.40,32.80,22.60
2019-11-13,3.03,24.78,11.10,30.30,22.30
2019-11-14,2.61,25.81,9.30,32.10,21.40
2019-11-15,2.34,26.37,9.10,33.40,22.80
2019-11-16,1.96,23.43,9.30,25.30,22.00
2019-11-17,3.25,22.85,8.90,27.00,20.50
2019-11-18,1.92,23.69,7.70,26.90,21.70
2019-11-19,1.82,24.07,7.80,29.40,21.90
2019-11-20,2.40,24.17,8.70,27.80,22.00
2019-11-21,2.78,23.51,9.30,28.00,21.70
2019-11-22,2.08,24.94,9.40,31.10,21.70
2019-11-23,1.63,27.62,8.00,34.90,21.50
2019-11-24,3.13,23.75,13.60,29.30,19.60
2019-11-25,2.36,20.77,10.60,24.40,17.60
2019-11-26,2.20,22.01,9.60,25.30,19.50
2019-11-27,1.40,23.10,6.40,28.40,17.00
2019-11-28,1.46,25.50,7.70,33.50,17.60
2019-11-29,1.71,24.55,9.80,28.70,22.00
2019-11-30,2.18,24.86,9.10,30.80,21.90
2019-12-01,1.77,27.67,7.60,34.70,22.80
2019-12-02,2.77,26.19,22.40,32.60,21.60
2019-12-03,2.50,21.60,10.40,23.70,20.40
2019-12-04,2.61,21.66,8.10,23.80,20.40
2019-12-05,1.58,25.98,6.70,32.40,21.90
2019-12-06,1.63,26.61,8.40,34.10,20.70
2019-12-07,2.99,23.66,12.80,26.10,20.90
2019-12-08,2.52,20.86,8.40,23.20,19.50
2019-12-09,1.18,23.19,7.10,29.60,19.20
2019-12-10,2.09,26.49,8.80,32.50,22.40
2019-12-11,2.13,26.85,8.10,33.20,21.70
2019-12-12,2.47,27.12,8.40,32.90,22.10
2019-12-13,2.21,27.01,8.10,33.00,21.90
2019-12-14,2.58,26.62,10.30,32.90,21.30
2019-12-15,3.00,25.75,14.10,31.60,21.80
2019-12-16,2.09,24.81,9.70,31.70,21.60
2019-12-17,1.88,26.60,9.10,33.40,22.00
2019-12-18,2.00,26.94,8.30,34.10,19.90
2019-12-19,2.10,26.69,9.40,33.90,21.50
2019-12-20,2.58,27.22,10.10,34.20,22.60
2019-12-21,2.36,27.13,10.20,34.40,21.80
2019-12-22,1.82,27.45,8.40,34.70,21.10
2019-12-23,1.79,26.85,8.80,34.70,21.40
2019-12-24,1.92,26.50,9.50,34.10,20.80
2019-12-25,2.22,25.59,13.10,34.30,21.00
2019-12-26,1.46,23.55,9.00,30.80,21.00
2019-12-27,2.28,25.39,9.80,31.60,21.60
2019-12-28,1.83,24.35,8.50,30.50,21.20
2019-12-29,2.07,24.76,12.10,31.20,20.50
2019-12-30,1.55,24.32,12.10,31.20,20.20
2019-12-31,1.67,25.07,9.60,32.50,20.30
2020-01-01,1.77,26.33,9.40,33.20,19.90
2020-01-02,2.09,26.10,48.60,35.90,22.30
2020-01-03,2.10,25.93,14.70,34.40,22.20
2020-01-04,2.92,25.53,9.00,31.90,22.70
2020-01-05,2.50,26.38,9.60,33.50,22.90
2020-01-06,1.93,26.25,10.40,34.40,23.70
2020-01-07,1.80,27.69,7.80,34.80,23.70
2020-01-08,1.70,27.35,7.10,33.60,24.00
2020-01-09,1.33,25.99,6.30,33.10,20.90
2020-01-10,1.73,26.71,7.50,34.00,20.80
2020-01-11,1.57,26.94,8.00,34.80,20.20
2020-01-12,1.31,27.80,6.10,36.20,20.30
2020-01-13,1.54,28.03,7.30,36.40,20.60
2020-01-14,2.97,26.68,11.70,33.50,22.90
2020-01-15,1.87,25.42,7.90,32.10,20.70
2020-01-16,1.75,28.40,7.80,35.60,23.70
2020-01-17,2.05,28.09,9.90,35.60,22.10
2020-01-18,2.74,27.22,8.80,33.60,23.30
2020-01-19,2.24,26.40,9.30,34.50,21.40
2020-01-20,2.43,26.24,11.30,34.70,22.60
2020-01-21,1.90,25.11,6.90,31.80,21.70
2020-01-22,1.49,24.26,9.50,27.90,21.70
2020-01-23,2.10,23.62,7.90,25.20,22.30
2020-01-24,2.80,23.49,11.00,25.30,22.70
2020-01-25,2.55,24.51,9.20,27.00,23.30
2020-01-26,1.42,23.15,9.10,26.00,21.90
2020-01-27,1.49,25.07,7.30,30.30,22.40
2020-01-28,1.90,26.01,8.40,31.80,22.60
2020-01-29,1.24,27.33,6.70,34.60,23.40
2020-01-30,1.51,27.43,6.70,33.80,22.70
2020-01-31,1.41,27.36,5.50,34.00,22.30
2020-02-01,1.23,27.79,5.50,35.40,21.20
2020-02-02,1.35,26.73,6.50,34.50,21.70
2020-02-03,1.97,27.77,10.60,35.30,22.50
2020-02-04,1.66,27.08,8.40,33.90,22.80
2020-02-05,1.81,27.22,8.40,32.20,23.50
2020-02-06,1.93,26.33,8.20,33.60,21.90
2020-02-07,1.82,24.89,11.70,30.70,22.50
2020-02-08,1.64,26.17,7.30,33.60,22.20
2020-02-09,1.51,27.98,14.10,36.20,22.70
2020-02-10,1.91,27.99,7.50,36.50,21.60
2020-02-11,2.22,29.15,12.80,37.20,22.80
2020-02-12,2.08,27.15,9.00,34.60,22.30
2020-02-13,2.07,27.14,8.90,34.50,21.20
2020-02-14,1.67,27.55,11.60,35.70,22.50
2020-02-15,2.27,27.47,9.30,35.40,23.50
2020-02-16,2.17,28.39,10.30,36.50,23.00
2020-02-17,2.72,27.85,10.20,34.40,23.00
2020-02-18,2.54,27.43,9.30,35.10,23.20
2020-02-19,2.01,26.76,14.10,36.00,21.20
2020-02-20,1.58,27.76,7.70,36.10,20.10
2020-02-21,1.87,29.22,9.40,37.90,21.80
2020-02-22,1.99,29.57,7.20,37.50,23.70
2020-02-23,2.47,23.15,12.20,28.00,21.50
2020-02-24,2.57,25.82,6.90,29.80,21.90
2020-02-25,1.37,27.32,6.80,33.90,22.50
2020-02-26,1.33,28.45,6.60,36.60,22.10
2020-02-27,1.91,28.90,11.80,37.10,23.00
2020-02-28,2.50,26.03,11.00,31.30,22.70
2020-02-29,1.96,27.43,7.20,34.80,22.60
2020-03-01,1.85,27.58,8.10,33.50,22.90
2020-03-02,2.54,27.01,9.50,32.10,23.90
2020-03-03,1.76,27.76,6.70,34.20,22.60
2020-03-04,1.91,27.74,15.00,34.70,22.50
2020-03-05,1.55,24.31,8.40,28.80,22.20
2020-03-06,1.96,21.59,8.60,23.30,20.00
2020-03-07,1.76,20.12,11.90,21.30,18.40
2020-03-08,1.52,22.26,6.20,26.20,18.90
2020-03-09,1.65,24.09,6.60,27.80,21.30
2020-03-10,2.94,25.39,10.50,30.90,22.30
2020-03-11,3.06,25.74,9.70,30.80,22.30
2020-03-12,2.03,24.80,10.60,30.30,22.00
2020-03-13,1.72,24.68,12.20,31.10,22.30
2020-03-14,1.83,25.34,8.50,30.50,22.50
2020-03-15,1.44,23.94,12.30,29.00,21.50
2020-03-16,1.06,26.10,6.80,31.80,20.80
2020-03-17,1.21,27.39,6.20,32.50,21.50
2020-03-18,1.54,27.54,7.90,32.70,21.00
2020-03-19,1.59,27.86,7.70,33.10,22.80
2020-03-20,2.41,28.83,12.70,34.30,23.20
2020-03-21,3.04,28.77,9.50,32.80,23.90
2020-03-22,1.86,24.89,8.60,27.60,22.90
2020-03-23,3.42,24.06,9.40,26.80,21.40
2020-03-24,3.39,24.96,9.20,28.20,21.10
2020-03-25,2.36,24.74,6.60,27.90,18.10
2020-03-26,2.24,25.56,7.60,28.70,20.20
2020-03-27,2.61,26.49,6.90,30.90,21.20
2020-03-28,2.03,27.14,7.10,31.20,18.40
2020-03-29,2.21,27.50,6.40,31.40,21.80
2020-03-30,2.53,27.02,6.60,30.00,21.90
2020-03-31,1.29,27.68,4.80,31.80,21.60
2020-04-01,1.91,29.05,8.10,32.80,22.60
2020-04-02,1.52,28.92,5.70,32.90,22.70
2020-04-03,3.74,31.57,10.30,35.80,23.20
2020-04-04,2.93,26.96,7.60,32.10,24.20
2020-04-05,2.42,24.52,6.50,26.60,22.60
2020-04-06,1.48,26.55,4.90,31.00,22.00
2020-04-07,2.22,28.50,7.50,32.50,23.00
2020-04-08,2.45,25.09,8.30,27.00,23.30
2020-04-09,1.79,21.76,5.70,22.30,20.70
2020-04-10,1.70,23.09,5.10,25.10,20.30
2020-04-11,1.33,26.29,4.50,29.60,21.60
2020-04-12,3.14,25.46,11.20,28.50,23.20
2020-04-13,3.33,25.18,9.00,27.40,21.00
2020-04-14,2.59,25.25,6.80,28.30,19.60
2020-04-15,1.86,25.80,5.70,28.10,20.90
2020-04-16,1.62,27.92,5.20,32.70,21.20
2020-04-17,3.31,27.67,10.70,31.20,23.80
2020-04-18,3.38,24.70,10.40,27.20,21.90
2020-04-19,2.69,25.49,8.10,28.00,20.00
2020-04-20,1.85,26.69,6.20,30.50,19.60
2020-04-21,1.67,26.65,5.40,29.90,19.00
2020-04-22,1.77,26.41,7.00,30.40,19.80
2020-04-23,1.19,23.67,4.50,25.50,20.90
2020-04-24,3.23,26.11,8.50,29.50,18.40
2020-04-25,2.26,22.37,9.90,24.00,19.80
2020-04-26,2.93,25.74,8.40,29.30,19.80
2020-04-27,3.12,25.55,9.30,29.00,16.70
2020-04-28,3.15,25.77,9.10,29.80,19.00
2020-04-29,2.23,23.35,7.10,27.10,17.00
2020-04-30,2.23,26.39,7.70,30.40,17.60
2020-05-01,1.26,27.10,4.50,30.80,16.40
2020-05-02,1.74,27.56,6.80,32.00,18.90
2020-05-03,3.50,26.04,10.20,29.40,18.60
2020-05-04,2.16,24.89,7.00,28.20,18.70
2020-05-05,2.32,25.17,7.00,29.00,17.00
2020-05-06,2.27,27.63,7.80,32.50,16.70
2020-05-07,2.61,27.81,12.40,33.40,19.00
2020-05-08,1.33,20.66,5.00,23.00,18.00
2020-05-09,3.04,23.22,10.10,26.50,16.20
2020-05-10,2.25,23.57,7.10,27.60,14.20
2020-05-11,1.25,23.11,5.10,26.90,15.10
2020-05-12,1.15,25.30,4.20,29.10,17.40
2020-05-13,1.28,26.01,5.60,29.70,19.40
2020-05-14,1.96,26.99,6.80,31.30,16.90
2020-05-15,2.06,27.20,8.60,31.00,18.40
2020-05-16,2.56,22.92,6.90,25.40,21.10
2020-05-17,1.00,22.15,4.50,24.40,20.30
2020-05-18,1.84,25.42,7.50,28.50,19.50
2020-05-19,3.47,24.61,10.30,28.20,20.50
2020-05-20,3.42,24.09,8.80,27.50,20.20
2020-05-21,2.75,24.13,7.50,27.80,20.20
2020-05-22,1.76,23.05,6.80,25.90,20.30
2020-05-23,1.35,26.45,5.20,30.30,20.10
2020-05-24,2.07,27.85,6.60,31.40,19.40
2020-05-25,1.73,22.74,5.60,24.50,21.00
2020-05-26,3.34,26.77,8.00,30.20,20.50
2020-05-27,1.19,24.97,5.00,28.50,14.90
2020-05-28,1.66,22.51,6.10,26.80,12.10
2020-05-29,2.29,22.90,7.80,26.80,12.40
2020-05-30,1.36,23.70,5.50,26.70,17.00
2020-05-31,1.62,24.64,6.40,27.30,19.50
2020-06-01,1.85,25.40,6.80,29.10,16.40
2020-06-02,1.86,26.26,7.00,30.10,18.00
2020-06-03,1.31,25.61,7.90,29.80,20.50
2020-06-04,3.26,25.09,9.00,28.50,21.50
2020-06-05,2.11,24.65,8.10,28.50,19.20
2020-06-06,1.80,25.47,5.70,29.00,20.50
2020-06-07,1.85,23.30,7.60,27.20,20.90
2020-06-08,1.16,26.61,5.30,30.10,19.30
2020-06-09,1.68,26.04,5.20,30.70,18.80
2020-06-10,2.78,26.15,7.30,30.90,20.70
2020-06-11,1.77,26.85,6.20,32.10,20.00
2020-06-12,1.83,27.25,6.70,31.90,17.60
2020-06-13,1.59,26.88,6.00,31.70,16.80
2020-06-14,1.75,26.79,7.10,31.00,19.30
2020-06-15,3.32,23.35,11.40,26.50,19.40
2020-06-16,3.83,21.84,12.60,25.20,20.00
2020-06-17,3.96,22.04,11.90,25.30,18.30
2020-06-18,1.79,22.27,6.40,25.20,17.90
2020-06-19,1.90,22.68,6.40,26.30,19.80
2020-06-20,1.55,25.07,5.60,28.60,20.80
2020-06-21,1.70,24.79,6.40,28.60,17.60
2020-06-22,1.22,24.30,4.70,28.90,15.50
2020-06-23,1.72,23.94,6.90,27.60,17.30
2020-06-24,1.65,23.73,6.80,28.50,14.00
2020-06-25,1.34,24.24,6.00,28.60,15.80
2020-06-26,1.27,25.04,5.70,29.70,14.60
2020-06-27,1.85,23.48,6.30,26.80,18.40
2020-06-28,2.49,24.68,10.70,29.30,16.60
2020-06-29,2.57,20.57,7.80,22.20,18.20
2020-06-30,2.43,20.37,7.00,22.40,18.40
2020-07-01,2.95,25.33,8.10,29.50,19.60
2020-07-02,2.84,24.88,7.30,28.50,17.50
2020-07-03,2.14,25.64,7.90,29.60,19.90
2020-07-04,3.32,24.33,9.10,27.80,20.20
2020-07-05,2.91,23.73,9.50,27.10,20.30
2020-07-06,1.55,24.80,5.50,29.60,17.90
2020-07-07,1.86,23.75,8.30,29.50,15.40
2020-07-08,1.80,24.13,7.60,28.80,14.60
2020-07-09,1.82,26.03,6.30,31.40,15.40
2020-07-10,3.45,23.67,9.90,27.10,20.50
2020-07-11,1.66,19.30,5.00,22.50,17.90
2020-07-12,1.71,23.67,5.60,28.00,16.80
2020-07-13,1.78,26.27,7.60,30.60,17.30
2020-07-14,1.93,27.85,6.90,33.10,16.00
2020-07-15,3.06,24.72,11.40,29.10,20.60
2020-07-16,3.00,20.23,9.10,22.50,18.70
2020-07-17,1.77,22.86,6.00,25.60,18.70
2020-07-18,2.53,22.11,7.90,24.90,17.10
2020-07-19,2.25,20.04,13.50,23.20,17.70
2020-07-20,2.75,21.24,9.40,23.50,19.50
2020-07-21,1.65,23.56,6.40,28.20,19.50
2020-07-22,1.34,24.35,5.80,28.30,15.80
2020-07-23,1.62,24.25,6.50,28.50,14.90
2020-07-24,2.42,20.75,11.10,24.60,18.90
2020-07-25,1.57,21.45,7.00,24.20,17.20
2020-07-26,2.12,22.50,8.00,25.40,20.60
2020-07-27,2.96,24.07,8.00,27.50,18.60
2020-07-28,1.63,23.89,6.10,28.80,14.40
2020-07-29,1.76,24.61,6.60,29.00,15.50
2020-07-30,2.13,23.75,7.30,27.80,15.00
2020-07-31,2.36,20.36,10.20,22.40,18.70
2020-08-01,2.61,21.98,8.10,25.10,17.80
2020-08-02,2.92,21.04,9.80,24.10,18.00
2020-08-03,2.93,21.52,10.40,24.80,15.80
2020-08-04,3.32,21.12,10.40,24.50,14.30
2020-08-05,4.05,22.39,12.40,25.40,17.50
2020-08-06,3.37,21.28,10.20,24.30,16.80
2020-08-07,3.25,23.64,8.60,26.80,16.10
2020-08-08,2.61,21.89,8.50,25.10,17.50
2020-08-09,2.76,24.15,7.40,27.50,16.50
2020-08-10,1.86,20.95,6.90,25.10,15.10
2020-08-11,1.56,21.22,5.50,24.00,18.40
2020-08-12,1.69,23.95,7.50,27.40,16.10
2020-08-13,1.87,24.85,6.20,29.40,17.90
2020-08-14,2.07,25.03,6.10,29.40,16.50
2020-08-15,1.73,25.41,7.60,30.10,16.10
2020-08-16,1.73,26.75,6.20,31.50,20.80
2020-08-17,2.00,25.25,9.70,28.10,21.10
2020-08-18,2.29,26.05,8.50,29.70,19.70
2020-08-19,1.57,25.85,6.90,29.20,18.90
2020-08-20,2.05,25.98,5.80,30.60,19.60
2020-08-21,2.77,24.93,7.90,28.40,20.60
2020-08-22,1.94,21.34,6.90,23.00,19.00
2020-08-23,2.61,19.85,8.20,21.80,17.30
2020-08-24,2.35,22.86,7.70,26.70,16.30
2020-08-25,2.12,23.46,7.00,27.30,11.20
2020-08-26,3.05,24.08,8.50,27.60,13.40
2020-08-27,2.95,23.80,9.10,28.00,15.50
2020-08-28,2.15,24.96,6.90,29.30,18.40
2020-08-29,2.51,25.88,9.70,30.40,17.30
2020-08-30,2.27,27.01,8.10,31.70,20.30
2020-08-31,2.61,27.47,7.80,32.30,19.20
2020-09-01,3.97,26.67,10.20,30.90,20.10
2020-09-02,4.39,25.27,11.20,29.90,19.20
2020-09-03,3.19,25.95,9.20,31.20,18.60
2020-09-04,1.64,26.31,7.10,31.10,16.80
2020-09-05,2.27,27.48,9.10,31.70,17.80
2020-09-06,1.84,27.05,6.40,31.20,17.00
2020-09-07,1.87,27.20,7.00,31.70,20.40
2020-09-08,1.51,27.20,5.70,31.40,19.80
2020-09-09,2.29,25.52,7.20,30.80,14.90
2020-09-10,2.07,27.66,7.90,31.30,17.50
2020-09-11,1.96,26.81,7.10,31.50,14.80
2020-09-12,2.75,27.66,8.70,31.90,19.40
2020-09-13,3.25,26.96,9.40,31.50,18.80
2020-09-14,2.12,26.67,6.90,31.60,19.90
2020-09-15,2.25,27.28,7.50,32.00,18.40
2020-09-16,2.89,27.13,9.70,31.50,19.70
2020-09-17,2.12,26.77,7.90,32.30,15.60
2020-09-18,1.75,27.53,7.80,33.40,15.50
2020-09-19,1.96,28.09,7.00,33.50,17.40
2020-09-20,2.22,28.17,8.20,33.90,19.20
2020-09-21,2.67,29.27,10.00,33.30,21.80
2020-09-22,2.46,27.95,8.50,32.10,21.70
2020-09-23,3.38,22.38,8.50,24.00,20.40
2020-09-24,2.49,23.50,7.50,27.50,19.00
2020-09-25,1.64,25.84,7.70,30.80,20.20
2020-09-26,1.67,27.04,6.30,32.70,20.00
2020-09-27,1.95,28.77,7.60,35.10,16.50
2020-09-28,1.84,31.01,7.00,38.00,16.90
2020-09-29,2.30,29.60,9.80,35.30,21.40
2020-09-30,2.08,28.94,9.70,33.80,21.50
2020-10-01,3.11,29.53,8.30,34.90,22.50
2020-10-02,2.45,30.38,7.80,34.50,22.20
2020-10-03,1.92,30.81,7.20,37.90,18.90
2020-10-04,3.85,28.35,9.60,32.50,22.10
2020-10-05,2.26,28.83,7.20,32.40,22.50
2020-10-06,2.22,29.80,9.50,35.80,20.00
2020-10-07,2.33,32.84,8.10,39.10,20.10
2020-10-08,3.11,30.20,11.60,37.00,22.30
2020-10-09,2.22,30.19,9.50,35.10,23.30
2020-10-10,2.28,28.35,6.60,32.70,23.40
2020-10-11,5.03,24.12,12.20,26.30,22.30
2020-10-12,2.49,23.22,5.70,24.90,20.20
2020-10-13,2.06,24.13,7.20,27.50,20.20
2020-10-14,2.59,29.91,8.90,34.80,22.30
2020-10-15,2.62,31.44,12.10,37.30,20.90
2020-10-16,3.90,26.86,9.10,30.70,22.10
2020-10-17,3.42,21.71,9.50,23.70,18.80
2020-10-18,2.42,22.73,8.30,25.90,19.70
2020-10-19,3.08,24.57,7.70,27.00,20.10
2020-10-20,2.25,24.85,7.10,29.40,20.30
2020-10-21,1.41,23.61,4.40,26.00,21.10
2020-10-22,2.28,22.24,8.80,24.80,20.90
2020-10-23,3.17,21.14,9.30,23.00,19.90
2020-10-24,1.83,23.10,6.20,26.70,20.30
2020-10-25,2.58,22.44,9.40,23.40,21.50
2020-10-26,1.44,27.52,8.40,32.00,21.50
2020-10-27,2.05,26.93,7.60,31.60,20.90
2020-10-28,2.10,29.03,14.80,35.20,23.40
2020-10-29,1.54,27.54,9.00,32.50,22.90
2020-10-30,3.08,26.88,8.90,30.20,23.50
2020-10-31,1.49,22.79,5.10,23.60,21.90
2020-11-01,2.65,20.00,6.60,20.50,19.40
2020-11-02,2.89,23.06,8.20,26.10,19.30
2020-11-03,1.83,19.50,7.90,22.00,17.80
2020-11-04,0.95,21.35,4.10,23.50,17.80
2020-11-05,1.44,24.19,7.20,28.90,19.40
2020-11-06,2.20,26.15,8.40,29.90,20.60
2020-11-07,2.33,27.05,9.10,31.50,22.70
2020-11-08,2.07,28.38,7.50,32.70,22.50
2020-11-09,1.77,27.64,6.40,32.50,22.30
2020-11-10,1.98,28.42,7.50,32.50,22.00
2020-11-11,2.70,28.56,8.10,32.60,22.60
2020-11-12,2.28,28.74,8.10,33.40,20.20
2020-11-13,1.89,28.45,6.80,33.10,21.00
2020-11-14,1.78,29.19,6.70,33.70,22.20
2020-11-15,1.31,24.71,6.90,26.70,22.10
2020-11-16,2.47,27.55,12.30,33.50,22.10
2020-11-17,3.05,29.93,10.70,34.70,23.00
2020-11-18,3.23,27.40,10.50,30.40,24.40
2020-11-19,1.85,26.61,14.20,31.30,22.50
2020-11-20,3.74,25.44,13.80,32.20,21.30
2020-11-21,2.29,23.12,8.90,26.20,20.00
2020-11-22,3.12,22.25,9.50,24.40,21.00
2020-11-23,2.55,22.40,6.90,24.00,20.80
2020-11-24,2.88,23.42,10.20,26.60,20.90
2020-11-25,3.16,24.75,9.20,28.10,21.50
2020-11-26,3.23,25.85,9.30,29.10,21.10
2020-11-27,2.58,26.40,8.00,30.10,21.00
2020-11-28,3.62,25.45,10.90,29.20,21.00
2020-11-29,2.21,23.95,13.80,26.80,20.50
2020-11-30,1.92,27.28,7.40,31.80,20.80
2020-12-01,1.97,28.72,7.10,33.10,22.80
2020-12-02,1.67,29.23,6.40,34.20,22.20
2020-12-03,1.68,29.11,6.90,33.70,22.90
2020-12-04,2.31,29.71,7.00,34.00,22.10
2020-12-05,2.08,28.74,8.30,33.20,23.90
2020-12-06,2.70,27.83,7.30,31.10,22.10
2020-12-07,2.40,28.88,7.90,33.00,22.20
2020-12-08,1.71,28.47,7.80,33.80,22.00
2020-12-09,1.82,27.79,10.40,32.00,22.40
2020-12-10,2.96,26.48,15.50,32.90,22.00
2020-12-11,1.76,27.62,5.40,31.60,22.30
2020-12-12,1.81,28.85,6.00,32.70,23.70
2020-12-13,1.80,28.02,9.30,32.00,19.80
2020-12-14,1.58,28.55,6.60,32.60,22.10
2020-12-15,1.88,27.68,7.60,32.60,21.20
2020-12-16,2.25,28.05,7.50,32.80,21.80
2020-12-17,1.94,28.39,6.00,33.60,21.90
2020-12-18,1.65,29.45,8.90,35.30,21.30
2020-12-19,2.17,30.68,8.80,35.40,23.10
2020-12-20,1.92,28.78,13.00,35.60,23.60
2020-12-21,3.09,31.24,9.00,35.10,23.30
2020-12-22,1.81,31.01,6.50,35.50,23.30
2020-12-23,1.91,29.70,7.40,33.90,22.90
2020-12-24,2.40,30.38,9.50,35.10,23.90
2020-12-25,3.40,29.51,9.20,33.50,22.00
2020-12-26,2.68,28.37,8.20,33.20,23.30
2020-12-27,3.10,30.15,9.80,34.80,23.10
2020-12-28,2.88,29.13,11.90,34.50,22.40
2020-12-29,2.00,29.27,5.10,33.40,23.40
2020-12-30,2.46,31.22,9.20,35.40,24.30
2020-12-31,2.36,30.38,7.50,36.40,23.20
2021-01-01,,,,,
2021-01-02,,,,,
2021-01-03,,,,,
2021-01-04,,,,,
2021-01-05,1.91,28.99,7.20,32.90,23.70
2021-01-06,2.06,30.63,7.00,35.60,23.40
2021-01-07,2.45,31.60,8.00,35.40,24.10
2021-01-08,1.95,33.30,6.60,37.00,30.70
2021-01-09,2.15,32.95,,,
2021-01-10,3.05,27.88,6.20,30.00,25.50
2021-01-11,,,,,
2021-01-12,1.41,30.24,5.60,35.30,25.90
2021-01-13,2.49,30.33,8.40,35.00,24.50
2021-01-14,2.64,31.94,9.90,35.60,29.30
2021-01-15,2.37,26.98,7.50,30.20,24.00
2021-01-16,2.50,27.02,9.90,31.40,22.80
2021-01-17,2.88,29.84,8.70,35.50,23.40
2021-01-18,1.61,28.83,6.70,34.70,23.50
2021-01-19,2.81,32.31,7.60,35.20,24.90
2021-01-20,2.44,30.98,9.50,35.70,22.60
2021-01-21,3.84,29.38,11.30,33.40,24.90
2021-01-22,2.74,27.45,14.60,31.10,21.30
2021-01-23,3.33,28.51,9.70,32.60,22.90
2021-01-24,2.87,28.48,10.80,33.80,23.40
2021-01-25,2.68,27.99,9.90,31.80,22.10
2021-01-26,2.86,29.39,9.10,34.50,24.00
2021-01-27,2.52,29.35,10.70,34.70,21.50
2021-01-28,2.42,29.46,9.20,34.40,24.70
2021-01-29,2.42,29.88,9.50,35.50,24.60
2021-01-30,2.66,31.13,8.70,36.30,24.20
2021-01-31,2.40,30.04,10.90,36.70,21.30
2021-02-01,2.57,30.63,8.10,35.30,22.10
2021-02-02,2.12,30.91,8.00,35.30,21.60
2021-02-03,2.87,30.31,10.60,36.60,22.10
2021-02-04,2.61,32.26,7.70,37.10,24.60
2021-02-05,2.33,31.99,8.50,38.30,20.90
2021-02-06,3.22,25.88,7.30,27.00,21.90
2021-02-07,1.96,24.76,7.00,27.50,21.10
2021-02-08,1.10,22.04,3.40,23.10,20.90
2021-02-09,1.96,25.02,6.90,27.00,22.40
2021-02-10,1.38,27.09,5.30,32.00,20.50
2021-02-11,2.47,28.45,9.00,31.10,22.60
2021-02-12,2.34,27.78,11.20,32.40,22.70
2021-02-13,2.26,28.49,7.00,32.50,21.40
2021-02-14,2.17,29.25,8.30,34.10,19.40
2021-02-15,1.70,28.91,5.30,33.20,21.10
2021-02-16,2.08,29.29,8.10,33.70,23.10
2021-02-17,2.27,30.63,7.10,35.70,22.90
2021-02-18,3.17,28.20,12.50,33.50,22.70
2021-02-19,3.44,29.46,9.40,32.60,24.30
2021-02-20,2.07,27.91,6.20,31.80,23.50
2021-02-21,1.14,28.21,4.70,31.00,23.10
2021-02-22,1.61,30.57,5.70,33.90,25.20
2021-02-23,2.51,30.01,8.80,34.70,23.40
2021-02-24,1.27,29.83,4.80,33.90,23.90
2021-02-25,1.58,29.81,8.50,34.60,24.20
2021-02-26,2.15,29.26,7.40,32.30,23.20
2021-02-27,1.95,27.81,10.10,31.10,23.30
2021-02-28,2.79,26.78,10.30,29.90,21.40
2021-03-01,2.10,26.09,7.60,29.60,22.30
2021-03-02,2.21,28.42,7.40,32.30,22.30
2021-03-03,1.23,27.31,7.90,31.90,21.90
2021-03-04,2.05,29.25,6.80,33.60,22.90
2021-03-05,2.11,30.58,6.20,36.10,19.30
2021-03-06,1.95,31.83,7.20,37.70,20.00
2021-03-07,2.10,30.47,5.80,35.90,23.60
2021-03-08,2.08,28.72,5.80,33.70,22.80
2021-03-09,3.39,28.62,8.30,33.10,21.80
2021-03-10,2.69,27.84,6.80,32.70,21.90
2021-03-11,1.50,28.37,5.50,33.20,23.00
2021-03-12,1.81,28.65,5.50,32.50,21.60
2021-03-13,2.19,29.18,6.60,33.70,19.60
2021-03-14,1.81,30.09,6.70,33.50,23.20
2021-03-15,1.74,29.04,5.50,33.30,21.00
2021-03-16,2.02,28.89,5.60,33.10,20.30
2021-03-17,2.20,29.41,10.90,33.60,21.30
2021-03-18,2.43,28.03,8.10,32.70,22.60
2021-03-19,1.30,27.36,9.00,32.30,22.50
2021-03-20,2.83,27.33,6.50,30.90,26.00
2021-03-21,3.05,27.35,7.90,31.10,21.50
2021-03-22,1.19,30.55,4.60,34.50,22.80
2021-03-23,1.56,30.67,4.60,34.40,22.30
2021-03-24,1.49,29.68,4.70,34.40,21.70
2021-03-25,2.06,30.74,6.70,34.90,28.40
2021-03-26,1.84,31.57,6.40,34.60,26.40
2021-03-27,1.60,32.89,5.10,35.30,29.50
2021-03-28,1.43,32.33,5.50,36.60,20.00
2021-03-29,1.49,31.41,5.90,36.70,22.40
2021-03-30,1.74,33.61,5.80,36.60,27.80
2021-03-31,2.07,35.28,6.40,37.70,32.10
2021-04-01,2.17,30.23,5.40,32.90,28.50
2021-04-02,2.11,28.19,6.70,31.10,23.50
2021-04-03,3.60,29.20,,,
2021-04-04,2.70,26.70,5.90,28.40,24.50
2021-04-05,2.75,28.35,6.50,30.60,25.70
2021-04-06,1.90,26.50,5.80,28.10,25.50
2021-04-07,,,,,
2021-04-08,3.65,25.68,11.80,29.80,21.20
2021-04-09,3.40,27.25,8.20,29.20,22.70
2021-04-10,2.31,26.66,6.80,29.60,22.00
2021-04-11,1.65,28.40,5.30,33.10,20.50
2021-04-12,2.64,30.45,6.70,34.90,20.90
2021-04-13,1.99,30.84,6.20,35.50,21.10
2021-04-14,3.30,27.20,7.30,28.40,25.50
2021-04-15,3.17,26.92,7.90,30.20,20.50
2021-04-16,2.42,27.24,8.30,32.20,16.60
2021-04-17,1.88,28.71,6.80,31.30,23.10
2021-04-18,2.11,30.71,6.50,35.80,21.00
2021-04-19,2.22,29.75,6.80,36.40,22.00
2021-04-20,1.84,25.40,5.40,28.90,21.50
2021-04-21,2.69,28.53,6.00,31.50,22.50
2021-04-22,2.24,30.45,7.10,34.40,21.70
2021-04-23,1.71,28.24,6.40,32.40,22.60
2021-04-24,1.35,30.63,5.60,34.80,24.20
2021-04-25,1.47,29.75,5.00,33.30,23.80
2021-04-26,1.73,30.56,5.10,34.40,23.80
2021-04-27,1.43,29.74,5.60,34.00,20.70
2021-04-28,2.29,28.44,6.80,31.30,21.20
2021-04-29,2.79,27.06,9.40,30.00,22.70
2021-04-30,4.04,24.99,9.10,28.10,20.60
2021-05-01,3.20,25.17,8.70,29.40,20.30
2021-05-02,2.43,25.04,8.50,28.90,18.60
2021-05-03,1.53,25.70,5.20,29.20,20.50
2021-05-04,2.24,26.63,7.30,29.00,21.10
2021-05-05,0.92,26.85,4.00,31.90,18.40
2021-05-06,1.46,29.02,5.80,33.40,19.70
2021-05-07,2.40,30.31,6.40,36.20,22.00
2021-05-08,5.44,25.89,13.90,28.40,23.20
2021-05-09,2.90,25.65,7.20,27.80,22.70
2021-05-10,2.90,24.80,8.20,27.70,21.10
2021-05-11,1.44,25.09,5.90,31.40,16.40
2021-05-12,2.29,27.37,7.20,31.80,15.90
2021-05-13,1.93,24.68,9.00,30.40,15.70
2021-05-14,2.96,23.68,7.50,26.50,17.20
2021-05-15,1.70,23.65,6.40,26.80,21.30
2021-05-16,1.35,24.60,5.20,29.70,17.70
2021-05-17,1.72,26.56,5.20,31.80,17.40
2021-05-18,2.17,29.73,7.30,33.30,19.20
2021-05-19,1.90,28.25,6.20,33.00,24.00
2021-05-20,2.10,29.38,8.00,34.40,22.40
2021-05-21,2.19,31.06,7.20,35.10,18.10
2021-05-22,2.59,30.35,7.70,35.30,19.00
2021-05-23,2.12,30.70,8.50,36.40,18.70
2021-05-24,3.15,33.20,7.50,37.40,19.70
2021-05-25,2.60,23.70,4.40,23.70,22.60
2021-05-26,,,,,
2021-05-27,2.28,27.50,5.90,29.60,23.40
2021-05-28,1.46,29.23,6.20,31.90,22.40
2021-05-29,2.32,28.01,7.50,31.30,21.00
2021-05-30,1.91,28.35,6.40,32.40,18.50
2021-05-31,1.68,27.07,7.40,31.70,21.90
2021-06-01,1.70,26.87,5.70,31.40,19.40
2021-06-02,1.60,26.25,4.50,27.90,23.00
2021-06-03,1.36,27.74,4.80,30.80,22.60
2021-06-04,3.70,27.42,9.50,29.40,23.60
2021-06-05,,,,,
2021-06-06,3.00,26.11,8.50,28.80,21.10
2021-06-07,1.66,26.60,5.80,29.90,20.50
2021-06-08,1.76,26.62,5.80,29.90,19.20
2021-06-09,1.25,23.67,10.80,26.20,21.00
2021-06-10,1.32,24.68,3.70,26.50,21.20
2021-06-11,1.99,27.10,5.30,30.30,21.00
2021-06-12,3.37,23.57,7.70,25.30,21.50
2021-06-13,2.67,23.60,8.30,25.90,20.20
2021-06-14,1.94,24.33,6.70,28.00,14.60
2021-06-15,1.23,22.29,4.10,25.80,17.30
2021-06-16,1.58,24.43,5.30,28.90,13.70
2021-06-17,1.46,22.52,4.10,26.20,15.30
2021-06-18,2.50,24.62,6.70,27.20,19.60
2021-06-19,3.28,21.93,7.50,24.40,19.10
2021-06-20,3.47,24.88,8.00,27.60,18.00
2021-06-21,2.23,27.14,5.90,31.30,16.80
2021-06-22,1.85,24.78,4.70,28.20,20.60
2021-06-23,2.95,24.43,7.00,27.50,20.90
2021-06-24,1.97,22.37,5.70,24.20,19.80
2021-06-25,1.47,23.20,5.00,27.40,13.00
2021-06-26,2.07,23.37,8.10,26.30,16.20
2021-06-27,2.00,22.62,5.50,23.60,17.20
2021-06-28,1.11,22.81,4.30,26.50,17.30
2021-06-29,1.33,25.42,5.10,29.50,17.20
2021-06-30,2.04,25.29,6.60,28.40,16.90
2021-07-01,4.27,22.21,9.60,25.30,16.90
2021-07-02,3.04,22.46,8.90,25.20,15.10
2021-07-03,1.35,23.35,6.00,26.50,14.60
2021-07-04,2.12,24.76,6.40,27.30,18.80
2021-07-05,2.09,23.27,6.70,27.00,13.70
2021-07-06,3.52,22.82,9.20,27.40,17.50
2021-07-07,2.10,22.30,6.00,27.00,14.10
2021-07-08,2.23,25.46,6.40,28.50,19.40
2021-07-09,1.93,24.34,5.20,27.90,15.80
2021-07-10,2.03,24.70,7.00,28.80,16.70
2021-07-11,1.41,25.02,5.50,28.70,16.80
2021-07-12,2.10,25.83,6.90,29.20,19.20
2021-07-13,1.90,26.49,8.30,28.70,21.00
2021-07-14,2.62,23.95,5.50,27.20,20.70
2021-07-15,1.80,24.84,5.60,27.70,18.30
2021-07-16,1.48,26.33,5.40,29.80,19.80
2021-07-17,1.73,27.61,6.00,31.30,18.80
2021-07-18,1.61,28.58,5.80,32.90,15.90
2021-07-19,1.69,27.44,6.10,32.00,15.70
2021-07-20,4.35,21.85,10.60,23.20,19.50
2021-07-21,2.02,22.64,5.90,24.40,17.70
2021-07-22,3.03,24.70,7.30,27.60,20.80
2021-07-23,3.97,23.23,9.80,26.50,17.20
2021-07-24,2.32,21.15,7.30,23.70,15.50
2021-07-25,2.62,20.02,5.80,22.60,18.10
2021-07-26,1.88,23.54,6.90,27.70,16.00
2021-07-27,2.01,26.48,7.00,30.00,18.80
2021-07-28,2.74,28.10,8.70,33.50,18.70
2021-07-29,3.94,25.50,9.40,27.70,21.70
2021-07-30,,,,,
2021-07-31,3.40,21.90,9.10,25.30,16.60
2021-08-01,4.14,20.89,10.10,22.70,15.80
2021-08-02,1.55,19.65,6.40,22.10,17.10
2021-08-03,1.46,22.26,8.30,27.00,13.30
2021-08-04,3.80,23.93,8.60,26.30,19.00
2021-08-05,3.97,19.90,7.90,22.40,18.60
2021-08-06,3.76,22.59,10.40,25.20,17.40
2021-08-07,2.12,18.92,7.60,21.30,16.20
2021-08-08,3.38,21.55,9.20,23.80,17.40
2021-08-09,1.80,23.35,6.00,25.70,18.10
2021-08-10,1.46,24.90,5.10,29.40,17.80
2021-08-11,1.91,26.46,5.70,30.10,20.00
2021-08-12,3.14,25.24,8.70,28.80,20.60
2021-08-13,1.63,23.77,6.30,26.60,19.40
2021-08-14,1.89,25.43,6.00,28.80,18.20
2021-08-15,2.20,25.77,7.50,29.60,17.40
2021-08-16,2.10,25.37,5.60,29.60,20.10
2021-08-17,2.24,28.24,7.20,30.20,23.80
2021-08-18,3.51,26.46,10.00,29.80,20.20
2021-08-19,3.52,24.96,8.60,28.70,18.80
2021-08-20,1.47,23.07,5.20,26.50,15.30
2021-08-21,2.38,25.00,7.40,29.80,21.30
2021-08-22,2.43,26.63,6.80,30.60,21.10
2021-08-23,1.83,26.28,7.10,30.00,19.60
2021-08-24,1.79,25.53,6.20,29.60,16.80
2021-08-25,1.72,24.38,10.30,30.00,15.00
2021-08-26,,,9.10,29.70,21.80
2021-08-27,,,9.80,30.30,19.80
2021-08-28,,,7.30,27.30,17.60
2021-08-29,,,9.30,29.40,17.30
2021-08-30,,,8.60,29.30,14.90
2021-08-31,,,13.00,24.60,18.30
2021-09-01,,,10.40,20.90,19.40
